degree,branch,year,cgpa,attendance,study_hours,self_learning_hours,sleep_hours,screen_time,assignment_score,internal_marks,backlogs,projects_count,hackathons_count,certifications_count,github_activity_score,linkedin_activity_score,programming_score,sql_score,dsa_score,communication_score,aptitude_score,internships_count,resume_score,ats_score,goal,target_role,academic_score,academic_category,employability_score,placement_probability,sector
B.Tech,CSE,4,9.21,78,5.9,2.6,8.2,5.6,98,100,0,4,3,5,48,69,67,69,64,73,73,1,78,81,Freelancing,Frontend Developer,87.8,Good,77.5,79.8,Tech
B.Com,General,2,6.94,59,3.6,2.1,7.1,4.3,82,85,2,3,3,6,67,90,67,56,59,62,68,2,86,83,Placement,Product Manager,51.4,At Risk,67.2,54.7,Commerce
B.Tech,CSE,4,8.69,65,4.9,2.3,7.6,6.3,95,100,0,4,2,3,70,50,70,58,54,64,72,1,79,83,Placement,Software Engineer,83.2,Good,70.6,67.2,Tech
B.Tech,AI&DS,1,7.68,73,5.6,2.5,5.8,4.1,99,94,1,4,1,5,59,59,55,68,43,59,67,1,74,74,Government Job,QA Engineer,68.0,Average,53.3,65.3,Tech
B.Tech,ECE,4,7.88,82,4.3,2.6,7.3,4.5,92,91,0,4,1,5,54,54,74,49,75,61,64,0,58,67,Government Job,Cloud Engineer,74.2,Average,61.6,36.6,Tech
BCA,General,4,7.3,77,4.3,2.1,8.1,4.4,87,83,0,2,0,3,48,26,42,56,32,52,52,1,46,59,Government Job,DevOps Engineer,65.7,Average,43.7,30.7,Tech
BBA,Finance,3,7.56,79,5.2,3.5,6.5,6.8,99,96,0,4,1,3,64,78,63,46,46,84,71,1,64,97,Government Job,Business Analyst,77.8,Good,72.0,53.9,Management
Law,Criminal,1,6.92,69,4.7,1.5,8.3,4.3,86,85,1,4,1,5,62,37,84,66,46,46,44,0,43,76,Research,Cybersecurity Analyst,57.0,Average,53.5,41.4,Law
Law,Corporate,4,6.73,64,4.4,1.3,7.5,5.9,80,79,1,3,2,1,47,46,51,51,35,69,64,0,57,62,Placement,Cybersecurity Analyst,53.8,At Risk,42.1,43.3,Law
B.Tech,CSE,4,6.84,69,5.2,1.6,7.0,6.9,86,84,0,2,1,3,46,58,48,44,52,66,61,1,56,55,Higher Studies,UI/UX Designer,58.2,Average,46.6,41.6,Tech
BCA,General,1,8.65,87,6.3,3.1,8.8,4.2,97,100,0,5,3,6,84,69,76,50,51,78,79,1,78,80,Placement,Software Engineer,89.9,Good,76.4,58.9,Tech
B.Tech,AI&DS,4,7.02,73,4.0,2.6,6.2,6.4,90,90,1,2,4,2,59,47,77,82,57,59,72,0,66,68,Placement,Business Analyst,60.5,Average,58.3,43.8,Tech
B.Tech,IT,1,7.88,79,2.7,4.8,6.8,4.6,86,92,1,8,8,7,89,42,75,76,92,70,58,3,100,80,Research,Data Scientist,69.2,Average,98.0,71.5,Tech
BCA,General,1,7.71,79,6.2,2.9,7.1,3.5,83,85,1,3,0,3,54,52,49,65,35,73,80,1,68,72,Higher Studies,Business Analyst,65.2,Average,54.8,58.9,Tech
BCA,General,1,8.23,80,6.2,4.8,6.3,7.5,98,97,1,6,4,7,96,65,81,60,66,64,74,1,80,83,Government Job,Cybersecurity Analyst,75.7,Good,80.6,63.1,Tech
BBA,Finance,3,6.53,57,2.0,1.8,8.1,7.5,80,78,1,6,3,2,50,58,79,61,54,58,41,2,61,65,Placement,UI/UX Designer,48.7,At Risk,64.2,44.9,Management
B.Tech,ECE,2,8.55,78,6.2,2.1,5.5,5.6,95,86,3,7,4,4,66,78,93,74,62,67,68,0,78,96,Placement,Data Analyst,63.6,Average,73.1,52.3,Tech
B.Com,General,1,8.25,85,5.2,3.5,7.5,5.4,95,93,0,4,2,8,65,68,66,50,73,49,70,1,78,84,Freelancing,Data Analyst,79.9,Good,72.7,52.8,Commerce
B.Tech,IT,2,8.09,76,5.0,3.3,7.4,5.5,94,82,1,5,7,6,100,63,72,57,70,53,57,0,75,92,Higher Studies,Data Engineer,68.5,Average,73.1,48.5,Tech
Law,Criminal,4,7.96,86,5.2,2.3,6.1,4.9,95,96,0,6,1,7,68,48,74,51,52,59,55,1,65,79,Higher Studies,Cybersecurity Analyst,80.2,Good,69.0,58.3,Law
BBA,HR,1,7.65,66,3.3,1.4,7.0,9.0,83,89,1,3,2,4,58,37,58,42,46,45,52,2,72,65,Higher Studies,Business Analyst,58.2,Average,50.2,57.5,Management
B.Tech,CSE,3,8.59,83,5.8,4.9,6.6,6.9,100,98,0,9,6,6,92,15,97,63,86,64,60,2,89,100,Government Job,Backend Developer,82.2,Good,98.0,65.1,Tech
BCA,General,1,6.83,70,3.5,0.8,6.9,6.2,81,83,4,2,2,4,74,31,77,42,39,51,55,0,64,61,Government Job,UI/UX Designer,36.7,At Risk,49.5,44.6,Tech
B.Tech,ECE,2,7.86,59,4.7,3.5,6.2,6.5,77,79,1,5,4,3,77,35,58,72,72,51,53,0,62,76,Government Job,Cybersecurity Analyst,57.8,Average,57.4,50.6,Tech
Law,Corporate,2,8.41,100,7.4,5.1,9.0,3.7,100,100,0,8,6,7,70,79,78,60,77,77,87,2,93,83,Freelancing,Data Analyst,84.9,Good,88.4,80.1,Law
BBA,Marketing,2,8.51,82,7.9,2.4,7.4,5.7,100,100,0,5,4,1,61,53,73,51,52,50,71,1,66,60,Government Job,Data Analyst,83.6,Good,61.3,45.7,Management
BBA,Marketing,1,8.08,80,6.3,2.9,7.4,7.0,100,100,0,7,4,6,70,62,92,76,61,69,72,1,81,100,Startup,Data Analyst,80.4,Good,90.5,67.5,Management
B.Tech,IT,3,7.99,87,6.5,4.2,5.0,7.3,100,100,0,7,4,7,73,68,100,66,77,45,54,1,60,82,Higher Studies,DevOps Engineer,80.2,Good,80.9,53.8,Tech
Law,Corporate,2,8.58,77,4.1,2.7,5.9,9.2,94,95,2,6,3,4,94,60,68,62,46,80,86,2,77,74,Startup,Business Analyst,64.2,Average,76.3,52.3,Law
B.Tech,IT,3,8.05,78,5.3,3.8,6.4,2.6,97,89,0,6,4,8,72,60,79,76,56,69,73,1,66,78,Government Job,Frontend Developer,77.8,Good,78.5,59.1,Tech
BBA,HR,1,6.24,66,2.7,1.4,6.7,4.1,77,76,3,4,1,3,51,39,60,45,41,36,47,0,54,78,Placement,Product Manager,36.6,At Risk,33.9,76.7,Management
B.Tech,CSE,4,7.55,70,5.0,2.0,7.1,5.0,96,91,1,3,2,2,28,49,54,49,34,45,63,1,53,73,Research,DevOps Engineer,65.1,Average,48.2,62.1,Tech
B.Tech,IT,1,8.19,80,5.5,3.2,8.2,3.0,100,99,0,5,4,5,77,74,79,75,57,75,64,1,84,82,Placement,Business Analyst,79.8,Good,79.0,72.1,Tech
B.Tech,CSE,1,7.26,62,2.4,3.2,6.3,7.9,80,85,3,6,3,4,59,40,58,74,51,55,58,0,53,79,Placement,AI Engineer,45.0,At Risk,55.2,55.9,Tech
BBA,Marketing,3,6.36,75,4.4,2.1,7.4,5.5,89,81,2,5,2,6,67,46,71,63,40,78,66,1,68,83,Higher Studies,UI/UX Designer,50.3,At Risk,60.9,42.4,Management
B.Tech,CSE,1,8.53,78,6.7,4.3,7.2,6.3,95,95,1,5,4,3,78,42,89,62,68,46,52,1,78,83,Government Job,Software Engineer,76.4,Good,70.0,52.3,Tech
BCA,General,2,6.79,72,1.9,3.7,9.0,6.3,72,76,2,4,5,5,75,57,69,72,58,88,50,1,64,88,Startup,QA Engineer,46.2,At Risk,63.9,71.1,Tech
B.Tech,AI&DS,2,7.89,81,4.5,2.8,7.0,6.9,92,87,3,2,2,5,62,37,46,60,36,74,72,0,47,76,Government Job,UI/UX Designer,58.9,Average,40.9,49.0,Tech
B.Tech,IT,3,7.32,69,4.3,1.8,6.6,6.0,93,87,0,3,3,2,67,17,54,60,55,45,58,0,37,58,Placement,Machine Learning Engineer,67.2,Average,33.6,52.7,Tech
B.Tech,AI&DS,4,8.28,84,3.8,3.7,8.8,6.2,95,88,0,5,4,6,90,48,86,79,56,67,66,1,69,88,Government Job,Cloud Engineer,76.4,Good,79.3,67.1,Tech
B.Tech,ECE,2,6.83,71,3.6,3.9,7.5,5.4,83,81,1,5,5,4,72,68,69,68,48,86,64,2,81,81,Government Job,Frontend Developer,57.0,Average,70.0,73.8,Tech
B.Com,General,3,7.66,67,4.1,0.8,6.7,5.4,90,92,1,4,1,2,46,68,67,34,60,82,64,0,51,71,Freelancing,Data Analyst,63.8,Average,49.7,48.0,Commerce
BBA,Marketing,1,7.83,62,4.1,3.7,7.0,6.3,86,86,0,4,4,3,59,34,71,48,87,86,68,1,71,62,Startup,Product Manager,71.9,Average,65.6,64.2,Management
B.Tech,AI&DS,4,9.1,70,4.5,3.1,6.3,6.7,93,91,2,8,5,5,75,60,86,74,59,53,51,1,86,88,Research,Machine Learning Engineer,66.4,Average,80.2,72.9,Tech
B.Com,General,3,7.41,68,3.9,0.4,7.7,6.9,84,79,1,1,0,1,55,50,43,51,40,61,46,0,53,66,Higher Studies,Product Manager,55.4,Average,31.4,50.7,Commerce
BBA,Finance,4,8.08,67,2.9,3.1,6.0,7.2,89,81,1,5,2,7,61,80,77,76,51,69,80,1,77,95,Research,Data Analyst,61.9,Average,79.1,60.7,Management
BCA,General,1,8.52,78,7.2,4.7,6.9,5.4,100,100,0,6,4,8,88,62,83,74,85,75,67,1,84,100,Placement,Full Stack Developer,81.7,Good,88.3,71.8,Tech
B.Tech,CSE,2,7.75,76,5.2,2.0,5.6,4.5,86,81,0,4,4,2,88,56,87,75,52,62,61,1,68,63,Higher Studies,UI/UX Designer,70.1,Average,65.8,51.4,Tech
B.Tech,ECE,3,8.13,78,5.0,2.5,8.0,5.0,95,84,0,7,3,5,91,53,67,70,77,69,63,1,82,79,Higher Studies,Cloud Engineer,77.0,Good,85.0,68.6,Tech
BCA,General,1,7.36,78,3.9,2.9,8.0,6.4,90,89,1,4,1,5,34,48,69,51,60,54,51,0,64,72,Higher Studies,Backend Developer,62.0,Average,48.9,56.2,Tech
B.Com,General,4,8.52,86,7.2,3.9,8.4,4.5,100,100,0,6,3,5,75,80,90,59,64,79,84,2,84,83,Freelancing,Data Analyst,90.4,Excellent,81.1,68.2,Commerce
B.Tech,CSE,3,8.1,77,5.3,2.9,6.8,5.9,95,93,0,6,4,3,69,88,84,53,74,75,58,0,81,71,Government Job,QA Engineer,79.7,Good,67.7,40.6,Tech
B.Tech,IT,3,7.88,67,4.2,1.9,6.5,4.2,90,86,1,4,2,6,46,60,63,42,33,47,49,0,72,95,Higher Studies,QA Engineer,65.7,Average,65.1,52.6,Tech
B.Com,General,1,7.38,59,4.3,0.8,7.0,6.2,87,80,4,3,2,2,48,59,43,65,45,52,40,0,47,70,Placement,Business Analyst,39.8,At Risk,34.1,34.9,Commerce
B.Com,Hons,3,7.1,46,2.0,0.2,6.7,5.6,83,76,2,2,3,0,50,48,55,39,53,74,72,1,51,61,Placement,Business Analyst,44.9,At Risk,31.2,38.8,Commerce
BBA,HR,3,6.4,76,1.8,1.3,8.1,7.0,76,76,0,1,1,2,78,37,49,46,47,49,30,0,35,49,Higher Studies,Business Analyst,50.9,At Risk,22.2,27.1,Management
B.Tech,AI&DS,1,7.21,60,3.2,0.8,7.8,5.8,84,83,3,4,0,2,51,26,59,51,25,52,72,0,57,59,Placement,Cloud Engineer,44.4,At Risk,35.9,39.6,Tech
B.Tech,AI&DS,1,7.88,57,4.1,1.3,4.9,7.1,89,85,0,1,2,4,65,22,63,72,66,60,52,0,38,62,Research,Machine Learning Engineer,68.9,Average,47.9,56.5,Tech
BCA,General,4,6.95,49,2.2,3.4,6.4,8.6,81,81,2,5,5,3,69,44,84,61,74,55,60,1,70,72,Startup,Frontend Developer,40.6,At Risk,72.3,68.5,Tech
BBA,HR,2,7.94,73,6.2,2.8,6.7,7.4,92,94,1,4,4,3,58,62,66,60,51,65,67,1,72,60,Startup,Product Manager,70.9,Average,70.0,73.5,Management
BCA,General,2,7.82,91,4.6,4.7,6.5,4.9,100,95,0,7,5,6,77,65,97,66,52,70,79,1,74,85,Higher Studies,UI/UX Designer,80.0,Good,85.0,52.6,Tech
BCA,General,2,6.84,89,3.9,3.5,7.0,5.2,87,90,0,4,3,5,53,71,74,64,37,62,52,0,72,78,Placement,Data Engineer,70.2,Average,61.3,47.1,Tech
BBA,HR,3,8.59,67,5.5,0.9,7.0,5.3,92,100,0,3,2,3,58,17,55,79,67,51,58,1,49,65,Government Job,Business Analyst,77.6,Good,53.9,36.1,Management
BBA,HR,1,7.22,79,4.7,0.0,7.3,5.3,87,84,0,0,0,0,58,62,40,53,47,63,65,0,35,46,Higher Studies,Product Manager,65.9,Average,24.7,44.3,Management
B.Tech,IT,1,7.15,65,3.1,1.9,6.2,5.8,88,84,1,3,4,0,59,24,73,48,71,66,79,1,56,80,Freelancing,Software Engineer,58.1,Average,49.1,60.8,Tech
B.Tech,IT,3,6.75,63,3.2,2.1,5.1,7.0,95,83,3,3,3,4,41,62,45,41,57,59,51,1,70,73,Government Job,AI Engineer,41.7,At Risk,47.2,48.5,Tech
B.Tech,AI&DS,4,7.8,84,4.3,1.8,6.8,5.0,82,93,1,5,2,3,65,65,63,39,28,65,64,0,56,70,Placement,AI Engineer,67.8,Average,48.8,44.7,Tech
BCA,General,3,7.57,62,2.6,0.7,6.0,7.1,80,85,4,3,2,3,58,56,72,77,59,49,62,1,50,68,Placement,UI/UX Designer,38.3,At Risk,39.9,50.6,Tech
BCA,General,4,8.29,66,4.6,3.6,7.3,5.2,94,90,0,5,5,4,86,61,88,70,80,71,82,3,90,91,Placement,Full Stack Developer,77.2,Good,85.0,89.4,Tech
B.Tech,IT,2,7.15,80,3.2,3.6,8.4,4.1,87,87,1,4,1,6,58,48,60,59,78,36,43,0,53,79,Placement,DevOps Engineer,60.3,Average,61.5,69.8,Tech
B.Tech,IT,2,8.04,74,4.5,4.9,6.7,6.4,92,92,1,6,3,4,77,57,84,65,76,50,47,1,79,94,Research,Machine Learning Engineer,73.2,Average,79.9,60.1,Tech
B.Com,Hons,2,7.29,79,5.1,1.5,7.1,5.6,86,87,2,1,1,4,48,53,54,42,55,58,93,0,62,53,Research,Business Analyst,57.6,Average,39.1,52.3,Commerce
BCA,General,2,7.86,91,5.7,3.4,7.6,2.5,95,98,0,7,2,5,80,46,69,76,57,59,53,1,82,72,Government Job,Data Engineer,79.9,Good,81.6,63.9,Tech
B.Tech,IT,2,7.76,71,5.5,2.6,8.2,7.1,91,87,0,5,2,3,63,69,66,54,45,54,64,1,58,59,Placement,Data Analyst,73.6,Average,57.2,70.0,Tech
BCA,General,3,6.74,79,5.6,1.0,7.5,3.0,91,89,0,4,3,4,48,89,57,43,39,71,53,1,59,82,Placement,Business Analyst,69.3,Average,62.6,86.6,Tech
Law,Corporate,2,7.49,78,4.8,1.2,6.2,5.5,87,86,0,2,2,3,34,46,50,47,48,70,66,0,45,65,Startup,Data Analyst,73.3,Average,34.8,46.0,Law
Law,Criminal,2,7.44,69,4.1,3.3,7.4,6.7,89,89,0,4,2,5,59,51,69,77,74,55,79,1,68,89,Placement,Cybersecurity Analyst,65.0,Average,68.4,63.7,Law
B.Tech,IT,2,7.56,80,4.2,3.0,5.4,8.6,88,90,1,6,4,4,72,34,83,70,69,68,64,1,72,100,Startup,Machine Learning Engineer,67.7,Average,76.8,40.2,Tech
B.Tech,IT,4,7.65,64,3.7,4.1,5.6,5.9,90,86,1,7,3,7,93,67,74,70,68,58,71,1,82,88,Higher Studies,Business Analyst,64.4,Average,80.1,74.4,Tech
B.Tech,AI&DS,2,6.69,67,5.0,2.2,6.8,5.6,90,81,0,5,1,0,69,65,72,45,53,47,67,0,45,75,Freelancing,Software Engineer,61.8,Average,52.7,29.8,Tech
BBA,HR,3,6.91,66,4.2,1.4,6.8,8.5,77,77,0,3,2,3,51,46,53,40,34,36,47,0,42,82,Startup,Product Manager,55.7,Average,41.5,37.7,Management
BBA,Marketing,2,8.26,68,3.5,3.2,6.6,9.2,93,90,0,7,6,6,74,61,77,84,66,62,51,0,71,88,Freelancing,Data Analyst,77.9,Good,80.0,73.6,Management
Law,Criminal,4,6.94,88,5.9,3.0,7.7,5.1,90,88,0,5,5,6,96,74,81,55,57,91,77,2,86,91,Freelancing,Product Manager,67.1,Average,90.4,55.4,Law
BCA,General,2,8.14,72,5.3,2.1,8.1,8.5,96,95,1,7,3,3,74,51,96,68,65,74,78,1,74,79,Placement,Data Analyst,72.6,Average,76.6,89.6,Tech
BCA,General,1,8.52,66,4.2,3.3,7.6,6.9,98,94,0,8,6,7,80,48,79,76,66,65,67,2,90,96,Startup,Data Engineer,82.1,Good,92.3,72.0,Tech
B.Tech,AI&DS,2,6.69,75,3.5,3.2,7.5,6.5,87,83,2,4,3,7,58,73,66,62,41,72,57,1,72,89,Freelancing,Frontend Developer,46.7,At Risk,68.1,72.8,Tech
B.Tech,IT,2,7.87,74,4.7,1.5,8.3,4.4,90,97,1,2,2,7,48,53,49,46,38,62,80,0,69,86,Government Job,QA Engineer,67.1,Average,47.2,49.1,Tech
B.Tech,AI&DS,2,7.47,69,2.7,3.6,7.1,6.3,81,87,2,6,3,6,71,45,82,83,67,52,65,2,70,87,Freelancing,DevOps Engineer,50.6,At Risk,77.1,74.2,Tech
B.Tech,ECE,2,7.98,60,2.4,1.0,7.9,6.0,82,82,3,0,1,1,56,57,55,59,51,62,56,1,56,53,Higher Studies,Frontend Developer,47.4,At Risk,44.8,41.7,Tech
Law,Criminal,1,6.64,80,4.2,2.6,7.0,5.8,86,79,1,3,3,2,63,49,60,54,73,66,49,0,54,69,Placement,Cybersecurity Analyst,60.1,Average,49.1,45.3,Law
BCA,General,3,7.3,69,4.9,2.5,7.7,4.1,87,90,0,4,2,3,60,72,62,71,68,72,50,1,79,73,Higher Studies,UI/UX Designer,72.8,Average,73.9,38.7,Tech
BBA,Finance,3,6.6,69,4.3,2.0,8.1,5.5,85,76,3,2,2,3,47,69,56,55,50,69,78,0,53,64,Placement,Product Manager,36.4,At Risk,38.7,54.9,Management
BBA,HR,3,6.7,61,3.3,1.1,7.3,6.0,84,77,3,1,0,1,42,36,65,26,39,65,79,1,67,63,Freelancing,Product Manager,37.2,At Risk,32.4,51.7,Management
B.Tech,AI&DS,3,6.34,55,2.4,0.9,7.3,7.6,78,83,3,2,1,1,56,29,49,52,49,37,47,0,41,62,Higher Studies,UI/UX Designer,36.0,At Risk,23.3,33.6,Tech
B.Tech,IT,2,7.08,68,4.0,2.3,6.8,6.3,85,78,3,1,2,0,49,37,59,63,55,58,69,0,35,59,Freelancing,QA Engineer,48.2,At Risk,27.9,35.6,Tech
BBA,Marketing,2,8.14,84,3.7,2.5,7.3,6.7,100,100,0,3,2,2,55,59,65,55,46,59,56,0,37,69,Higher Studies,UI/UX Designer,81.4,Good,46.3,32.7,Management
BCA,General,2,6.98,71,2.3,1.0,5.8,5.9,84,86,1,3,3,1,71,83,50,74,41,83,84,1,61,61,Higher Studies,Data Engineer,53.5,At Risk,53.4,46.3,Tech
Law,Criminal,4,6.81,47,1.3,0.0,7.1,9.3,80,78,2,1,0,2,51,53,32,33,50,69,45,0,45,59,Placement,Cybersecurity Analyst,40.6,At Risk,27.2,38.3,Law
B.Tech,ECE,2,7.95,80,4.0,3.4,6.8,4.4,89,91,0,7,3,7,91,45,77,85,72,36,57,1,64,87,Government Job,Backend Developer,74.6,Average,78.6,67.3,Tech
Law,Criminal,1,8.39,76,6.9,4.8,6.5,5.6,95,98,0,9,6,6,78,51,94,73,92,65,58,2,89,100,Higher Studies,Cybersecurity Analyst,82.5,Good,95.2,81.7,Law
B.Tech,CSE,1,6.71,63,4.2,1.6,5.9,4.0,87,82,2,4,1,3,51,40,46,57,59,62,57,0,55,68,Placement,Frontend Developer,46.1,At Risk,41.9,59.6,Tech
B.Tech,ECE,2,7.68,73,5.1,1.7,6.2,4.6,93,83,0,5,3,5,61,51,73,62,63,48,67,0,67,73,Freelancing,QA Engineer,71.6,Average,73.7,70.3,Tech
B.Com,Hons,3,7.01,54,4.2,2.9,6.4,4.3,89,81,1,4,2,4,47,51,74,42,52,67,65,1,69,66,Higher Studies,Business Analyst,56.2,Average,55.1,57.0,Commerce
BBA,HR,3,6.71,92,5.0,4.0,7.6,2.9,93,92,1,5,3,7,67,54,69,75,48,65,53,1,60,96,Government Job,Data Analyst,64.7,Average,78.4,67.7,Management
B.Tech,IT,3,6.6,55,1.9,2.3,5.7,8.4,79,74,2,4,4,3,51,41,61,69,47,77,64,2,79,82,Freelancing,Software Engineer,40.3,At Risk,59.4,61.3,Tech
B.Com,Hons,3,7.19,64,2.3,1.7,6.2,7.7,91,83,4,1,2,3,43,49,53,56,47,74,69,0,46,68,Higher Studies,Business Analyst,35.8,At Risk,25.1,52.4,Commerce
BBA,HR,1,7.56,74,4.1,3.7,7.6,4.4,92,85,1,4,4,5,99,62,76,58,85,78,61,1,67,79,Startup,Data Analyst,63.5,Average,77.1,55.7,Management
BCA,General,2,8.06,70,4.6,2.9,7.7,4.8,97,89,0,4,2,5,61,27,71,50,63,43,46,0,40,78,Government Job,DevOps Engineer,78.2,Good,48.9,40.2,Tech
B.Tech,IT,2,9.08,88,6.2,2.6,7.3,7.3,100,100,0,6,4,5,49,49,83,67,55,47,68,0,63,73,Research,DevOps Engineer,88.9,Good,64.3,60.6,Tech
B.Tech,ECE,1,7.75,83,5.7,4.0,5.9,4.0,100,88,1,7,3,4,57,61,58,82,81,42,45,0,62,86,Government Job,DevOps Engineer,68.0,Average,66.9,42.6,Tech
B.Tech,AI&DS,3,8.15,89,5.5,3.0,6.7,6.4,100,98,0,6,4,8,74,66,71,82,64,67,77,2,100,98,Placement,AI Engineer,86.0,Good,87.8,74.1,Tech
B.Tech,ECE,3,7.45,71,5.2,3.7,6.5,6.1,89,87,0,5,4,5,76,48,66,79,64,75,52,1,55,77,Placement,DevOps Engineer,71.4,Average,70.0,45.4,Tech
Law,Criminal,1,8.0,77,5.6,2.9,6.2,7.0,93,93,2,5,6,5,49,51,78,66,30,70,72,1,100,77,Placement,Product Manager,70.0,Average,73.2,55.7,Law
BCA,General,2,6.49,68,3.0,2.6,6.7,6.5,77,72,4,2,3,3,51,38,64,65,61,76,59,1,50,56,Placement,Frontend Developer,30.8,At Risk,48.7,88.2,Tech
B.Tech,ECE,1,7.51,65,3.3,2.6,7.2,7.8,85,84,2,5,3,5,65,28,65,84,57,51,56,0,56,73,Higher Studies,Data Engineer,52.4,At Risk,57.1,36.3,Tech
B.Tech,CSE,3,7.51,64,5.1,1.8,6.9,7.3,83,85,3,3,1,2,58,47,63,70,48,58,59,1,64,60,Placement,Frontend Developer,44.3,At Risk,47.2,61.0,Tech
BBA,HR,3,7.87,69,4.9,2.7,7.5,6.5,90,89,1,5,3,3,64,40,79,79,57,45,55,0,68,86,Placement,Data Analyst,69.5,Average,73.5,51.8,Management
B.Tech,IT,1,7.81,78,3.9,1.5,7.4,4.2,88,84,2,3,1,4,66,44,66,63,63,35,52,0,53,77,Placement,Cybersecurity Analyst,64.7,Average,56.0,38.8,Tech
B.Tech,ECE,2,7.18,62,4.4,2.0,6.5,8.6,86,84,2,2,3,3,50,50,59,58,50,50,40,0,45,60,Placement,Software Engineer,49.4,At Risk,32.5,27.1,Tech
BCA,General,2,7.5,78,5.0,2.8,6.7,5.6,86,82,0,5,2,3,65,35,59,49,28,37,50,0,40,72,Freelancing,Backend Developer,67.5,Average,33.7,48.9,Tech
BBA,Marketing,1,7.5,85,5.4,2.9,8.0,5.3,97,84,1,3,3,4,72,45,62,64,47,58,68,0,58,43,Government Job,Data Analyst,69.3,Average,45.0,41.3,Management
B.Tech,CSE,3,9.18,73,7.1,1.9,6.9,8.8,100,100,0,6,3,3,57,36,95,60,71,63,62,1,65,84,Higher Studies,Machine Learning Engineer,85.4,Good,79.6,64.3,Tech
BCA,General,2,7.93,75,3.6,1.6,7.3,5.4,85,81,1,4,2,3,43,53,61,60,68,39,65,0,51,66,Placement,QA Engineer,62.4,Average,48.7,65.2,Tech
B.Tech,AI&DS,4,7.46,86,4.7,3.9,7.0,6.4,87,87,1,6,4,7,83,50,81,100,66,48,67,2,71,87,Startup,Backend Developer,65.2,Average,79.4,53.9,Tech
BBA,HR,4,8.0,68,5.2,1.8,6.3,8.0,92,94,2,6,4,2,66,50,87,65,70,57,66,0,55,74,Placement,Business Analyst,62.5,Average,63.5,30.5,Management
BCA,General,4,7.21,89,4.9,4.8,9.0,6.1,91,97,0,5,6,4,70,46,61,72,69,81,68,1,74,77,Government Job,Cloud Engineer,77.5,Good,81.8,69.8,Tech
B.Tech,ECE,2,7.7,62,5.4,3.2,7.5,5.9,95,91,1,5,7,6,76,32,74,59,54,58,70,1,61,77,Placement,Backend Developer,66.2,Average,68.0,77.2,Tech
B.Tech,CSE,4,8.89,78,5.2,4.2,7.0,7.0,100,97,1,6,5,6,84,35,76,80,69,52,53,2,80,100,Placement,AI Engineer,82.2,Good,85.0,74.7,Tech
B.Tech,CSE,1,8.99,65,5.9,2.9,6.6,3.6,94,97,0,3,3,4,76,81,71,53,47,85,83,1,76,60,Government Job,Software Engineer,81.4,Good,59.6,74.0,Tech
B.Tech,IT,3,8.77,92,6.7,5.6,5.8,6.5,98,100,0,9,4,7,90,53,90,90,70,55,76,2,92,100,Higher Studies,Data Engineer,90.8,Excellent,94.2,89.3,Tech
B.Tech,IT,2,7.49,78,3.8,3.0,7.3,6.7,84,84,0,8,4,4,66,45,83,34,35,46,61,2,76,66,Placement,Full Stack Developer,62.8,Average,81.1,69.8,Tech
B.Tech,IT,4,6.61,48,2.7,1.2,7.6,5.1,78,75,1,4,2,3,81,53,79,52,59,50,52,2,67,74,Placement,UI/UX Designer,41.9,At Risk,63.7,51.5,Tech
BCA,General,1,7.42,66,4.3,3.3,6.9,6.3,93,84,3,5,4,4,75,55,85,75,74,81,71,1,84,89,Startup,Backend Developer,52.3,At Risk,77.4,70.3,Tech
B.Tech,IT,3,8.28,69,5.3,2.0,7.5,6.1,100,94,0,6,3,4,64,67,79,66,74,79,74,2,74,83,Higher Studies,Data Scientist,76.7,Good,81.1,81.2,Tech
B.Tech,ECE,1,7.0,86,3.1,1.6,7.3,8.0,83,82,4,4,0,4,71,53,53,59,59,85,49,1,67,53,Higher Studies,Cybersecurity Analyst,41.7,At Risk,53.9,59.4,Tech
BBA,HR,2,8.36,97,5.7,2.5,6.5,4.0,94,98,0,7,3,6,90,59,87,75,68,68,75,1,82,71,Government Job,Product Manager,85.2,Good,80.7,65.0,Management
B.Tech,AI&DS,3,8.04,85,7.2,3.2,8.0,5.5,98,97,0,2,1,4,65,52,75,79,60,71,67,1,57,85,Higher Studies,DevOps Engineer,85.3,Good,57.4,60.9,Tech
B.Tech,AI&DS,1,6.76,54,4.2,2.3,6.6,8.4,75,78,0,4,2,3,69,60,85,71,66,46,44,0,46,83,Placement,Backend Developer,57.4,Average,54.7,51.1,Tech
BBA,Marketing,3,8.19,80,4.4,3.0,7.7,5.0,93,90,0,4,4,7,75,48,71,63,75,72,81,1,76,83,Government Job,Data Analyst,79.6,Good,78.3,74.8,Management
BCA,General,2,7.09,70,3.3,2.6,8.3,3.7,78,78,1,5,1,4,72,39,59,67,29,69,65,1,75,65,Placement,Frontend Developer,54.4,At Risk,70.0,58.3,Tech
B.Tech,CSE,1,7.77,90,6.3,3.5,8.4,3.6,100,93,0,7,3,5,82,44,84,75,65,51,70,1,78,89,Government Job,Product Manager,78.5,Good,84.7,85.6,Tech
BBA,HR,2,7.27,88,4.6,0.0,7.3,7.7,85,81,0,1,1,3,64,63,57,52,30,56,56,0,48,61,Research,Data Analyst,64.9,Average,30.7,44.6,Management
BCA,General,2,7.54,76,4.7,3.1,7.4,8.2,89,79,2,5,4,4,79,53,56,70,50,52,70,0,55,89,Freelancing,Cloud Engineer,55.8,Average,59.0,58.2,Tech
BBA,Finance,1,7.58,91,5.0,2.1,6.9,6.4,94,95,1,5,3,3,56,69,64,72,48,68,67,1,55,67,Higher Studies,Product Manager,67.3,Average,56.3,34.2,Management
B.Tech,CSE,3,6.67,74,3.0,1.2,6.6,5.7,86,79,3,3,3,2,59,44,53,42,38,55,52,0,63,70,Placement,Machine Learning Engineer,40.2,At Risk,38.9,25.7,Tech
B.Tech,ECE,3,8.44,72,5.2,2.8,5.7,6.3,93,95,2,5,4,5,55,39,79,86,65,46,47,0,60,82,Placement,Software Engineer,66.6,Average,63.6,55.7,Tech
BCA,General,4,6.59,72,2.0,1.3,7.1,7.8,79,73,4,5,3,4,37,55,65,70,34,59,54,1,79,55,Placement,UI/UX Designer,31.7,At Risk,51.4,50.8,Tech
Law,Corporate,4,7.63,85,5.9,1.3,8.4,3.9,100,98,0,3,1,1,66,79,55,65,59,91,76,1,56,54,Placement,Business Analyst,76.8,Good,51.6,67.8,Law
B.Tech,IT,2,7.42,67,2.2,1.4,7.4,7.8,94,89,0,4,2,4,58,39,60,72,53,58,58,1,57,78,Freelancing,Software Engineer,62.0,Average,65.2,50.3,Tech
B.Com,Hons,3,7.74,70,3.7,2.4,6.3,5.8,84,87,1,3,1,3,70,47,58,70,48,65,69,1,52,78,Freelancing,Data Analyst,62.3,Average,52.4,39.8,Commerce
B.Tech,ECE,3,7.54,74,5.6,2.7,7.8,5.5,100,94,0,3,4,4,92,50,78,62,66,67,75,1,60,76,Higher Studies,Data Analyst,75.5,Good,66.1,68.7,Tech
B.Tech,IT,1,7.26,64,3.3,3.2,7.0,6.2,87,84,2,5,4,5,85,59,72,63,68,50,54,1,67,91,Placement,Frontend Developer,55.3,Average,67.8,41.1,Tech
BCA,General,3,8.86,81,7.8,4.2,7.4,5.2,100,100,0,5,2,7,78,72,100,65,76,66,72,1,69,100,Research,Cybersecurity Analyst,90.4,Excellent,85.0,70.2,Tech
BCA,General,2,6.83,63,3.5,2.4,8.6,4.1,85,81,3,4,4,5,56,48,67,63,62,42,47,0,41,78,Freelancing,Backend Developer,40.4,At Risk,47.7,35.8,Tech
BCA,General,2,7.3,66,2.9,2.2,7.3,6.5,86,84,4,4,4,5,58,59,57,71,50,68,70,1,81,75,Higher Studies,UI/UX Designer,38.2,At Risk,62.3,32.7,Tech
BCA,General,3,8.93,61,5.1,3.4,7.0,4.7,93,92,2,6,4,3,74,61,57,74,57,69,84,1,79,66,Placement,Data Analyst,72.8,Average,67.2,42.6,Tech
B.Tech,AI&DS,2,9.14,81,7.6,5.4,7.3,5.3,100,100,0,8,5,7,80,40,98,100,74,55,73,2,91,80,Startup,Software Engineer,93.3,Excellent,94.3,74.0,Tech
BCA,General,2,6.76,50,1.1,1.1,6.6,7.0,77,75,4,3,1,1,54,54,61,50,48,79,56,1,63,80,Startup,UI/UX Designer,31.9,At Risk,45.0,52.5,Tech
BCA,General,4,8.51,73,4.2,2.8,6.5,4.9,89,90,0,6,2,4,72,48,76,58,62,62,66,1,86,71,Freelancing,Frontend Developer,82.0,Good,76.5,61.7,Tech
B.Tech,AI&DS,1,8.02,63,4.0,3.6,5.4,6.8,84,92,0,8,3,6,94,67,91,70,57,73,71,2,90,93,Placement,AI Engineer,69.2,Average,97.3,67.3,Tech
BCA,General,3,9.08,87,6.6,1.8,6.9,2.6,92,100,0,3,4,5,45,52,74,69,50,67,81,1,80,84,Research,Cybersecurity Analyst,88.0,Good,78.5,67.9,Tech
B.Tech,CSE,1,6.42,61,3.1,1.9,7.1,6.1,82,80,4,2,2,4,69,38,50,46,45,75,61,0,66,71,Startup,UI/UX Designer,32.5,At Risk,37.9,52.4,Tech
Law,Corporate,4,7.95,70,5.6,2.9,5.5,6.5,95,93,0,4,2,4,43,48,59,52,63,69,59,1,60,86,Placement,Cybersecurity Analyst,77.0,Good,56.8,53.2,Law
BCA,General,4,7.3,68,4.1,2.9,6.2,7.0,91,83,2,4,3,2,73,54,79,59,68,52,46,0,51,62,Higher Studies,Frontend Developer,56.1,Average,50.2,65.7,Tech
B.Tech,CSE,3,7.3,69,4.8,3.5,7.4,7.5,89,85,1,4,0,3,62,32,45,71,51,65,54,0,53,63,Placement,Cloud Engineer,62.3,Average,52.9,59.3,Tech
B.Tech,IT,4,8.86,96,5.5,3.0,6.8,5.3,97,100,0,6,4,5,76,33,70,88,58,41,50,0,54,90,Startup,Data Scientist,88.8,Good,72.7,49.4,Tech
B.Tech,CSE,3,7.29,74,2.3,2.6,6.5,8.5,77,81,2,4,1,6,55,55,55,63,50,59,53,1,80,80,Higher Studies,Cloud Engineer,46.6,At Risk,73.0,56.5,Tech
B.Tech,IT,3,6.56,58,2.1,0.9,6.6,8.0,71,73,2,1,1,4,37,46,60,52,53,47,60,1,44,69,Placement,Frontend Developer,37.8,At Risk,26.6,32.6,Tech
B.Com,General,3,7.27,76,3.7,1.1,6.7,5.6,90,83,1,1,0,2,40,55,34,49,31,58,70,0,36,58,Freelancing,Business Analyst,58.3,Average,28.4,36.6,Commerce
B.Tech,CSE,4,7.93,57,4.0,1.8,6.7,6.8,91,89,0,4,3,4,64,59,53,56,65,59,62,1,73,62,Freelancing,Machine Learning Engineer,69.7,Average,65.4,69.7,Tech
B.Com,General,1,8.14,93,4.9,3.0,7.9,5.7,92,89,0,5,3,5,58,60,94,60,70,81,71,1,67,92,Placement,Product Manager,77.9,Good,84.2,81.5,Commerce
B.Tech,IT,3,8.57,63,4.7,3.9,6.8,5.5,92,87,1,7,5,5,65,52,84,87,58,56,65,2,74,79,Startup,Cloud Engineer,72.0,Average,78.4,69.4,Tech
B.Tech,IT,1,6.24,70,3.3,2.0,7.6,5.6,80,79,1,4,2,4,68,62,56,56,54,61,55,1,61,85,Placement,Data Analyst,51.4,At Risk,62.6,51.8,Tech
B.Com,Hons,2,7.53,56,3.7,2.8,7.5,5.7,81,84,4,5,3,4,73,30,66,63,58,51,58,0,62,75,Startup,Data Analyst,40.3,At Risk,62.9,41.0,Commerce
BBA,HR,2,7.23,78,5.2,1.8,7.6,6.5,95,87,0,5,4,5,72,64,70,58,71,69,77,1,63,100,Government Job,UI/UX Designer,70.8,Average,78.6,47.2,Management
Law,Criminal,3,6.7,64,3.2,2.3,6.7,5.7,79,76,0,1,2,2,43,64,66,70,52,60,74,1,47,71,Startup,Cybersecurity Analyst,56.8,Average,47.5,63.5,Law
BBA,Marketing,3,7.66,60,4.9,1.4,7.2,8.1,96,97,2,4,4,4,70,51,71,65,62,71,71,1,62,64,Placement,Data Analyst,58.3,Average,59.9,51.5,Management
B.Tech,IT,4,6.81,57,2.5,1.2,7.2,9.1,77,75,1,1,3,3,46,41,51,66,60,57,63,1,66,75,Startup,Business Analyst,47.6,At Risk,52.2,49.6,Tech
B.Tech,IT,4,7.92,82,4.4,2.5,7.3,5.9,93,81,1,6,4,7,76,64,68,73,74,65,64,1,66,77,Higher Studies,Machine Learning Engineer,66.1,Average,78.7,84.7,Tech
BBA,Finance,1,8.02,63,4.8,1.8,8.0,7.1,93,93,0,3,2,3,31,36,78,75,47,56,62,0,56,40,Placement,Data Analyst,73.9,Average,48.3,37.6,Management
B.Tech,IT,1,7.01,57,2.1,2.8,6.9,8.7,70,77,4,5,3,3,69,29,71,58,57,51,49,0,54,85,Placement,Backend Developer,30.9,At Risk,51.7,51.0,Tech
B.Tech,AI&DS,1,8.5,81,6.6,3.8,7.2,5.7,100,92,0,6,3,6,73,61,63,75,60,62,72,1,79,94,Placement,Full Stack Developer,85.1,Good,79.6,72.6,Tech
BBA,HR,3,7.25,58,2.7,1.3,7.2,7.3,85,88,4,4,2,2,67,59,66,66,73,58,46,1,76,75,Government Job,UI/UX Designer,34.7,At Risk,52.6,34.0,Management
B.Tech,CSE,2,7.6,85,5.3,2.8,7.7,7.4,85,93,0,5,2,2,74,67,57,53,67,55,61,1,67,73,Placement,AI Engineer,75.6,Good,65.7,43.5,Tech
B.Tech,ECE,4,8.92,89,5.2,4.8,7.0,3.9,98,95,0,8,4,4,97,57,78,80,82,63,68,2,98,74,Placement,AI Engineer,85.7,Good,93.0,98.0,Tech
B.Tech,IT,1,7.05,57,3.2,0.0,5.9,6.3,79,75,0,0,0,2,42,47,47,41,41,51,57,0,40,58,Research,UI/UX Designer,54.0,At Risk,20.0,40.2,Tech
Law,Criminal,4,7.18,77,3.8,2.1,6.9,5.9,85,76,1,4,3,3,52,58,70,69,44,66,60,1,72,74,Placement,Cybersecurity Analyst,57.4,Average,62.7,34.0,Law
B.Tech,ECE,3,8.09,73,4.3,4.6,7.7,3.7,96,94,0,9,4,7,85,49,76,79,67,59,77,2,85,84,Government Job,DevOps Engineer,76.3,Good,90.7,67.6,Tech
B.Tech,CSE,3,8.2,86,6.9,3.8,6.8,3.5,100,93,0,4,4,3,74,85,64,71,47,90,85,1,84,86,Higher Studies,Product Manager,83.7,Good,76.8,67.2,Tech
B.Tech,CSE,3,7.21,92,5.3,2.1,7.5,4.4,97,87,0,4,2,3,59,75,64,63,53,70,70,0,62,74,Higher Studies,Product Manager,71.7,Average,54.8,60.0,Tech
BCA,General,4,8.33,64,5.4,2.7,7.1,7.1,100,84,1,6,4,2,70,51,93,39,70,75,66,1,91,88,Higher Studies,Data Engineer,67.4,Average,77.3,67.3,Tech
B.Tech,CSE,1,7.71,83,5.2,3.5,6.2,6.4,90,91,0,4,5,6,89,66,87,62,55,74,66,1,73,80,Government Job,Software Engineer,72.8,Average,80.5,55.5,Tech
B.Tech,ECE,4,7.22,81,4.2,1.9,7.8,4.7,88,87,4,4,3,2,72,73,72,82,67,68,75,1,69,79,Higher Studies,Software Engineer,47.4,At Risk,55.0,57.1,Tech
B.Tech,IT,4,7.54,85,4.1,3.4,6.9,7.1,92,89,0,5,4,3,69,42,74,65,49,58,61,2,80,82,Higher Studies,Cybersecurity Analyst,73.4,Average,71.8,77.7,Tech
B.Tech,ECE,3,7.59,73,5.0,2.0,8.0,3.2,92,93,1,4,3,3,61,52,78,75,62,53,74,0,56,67,Government Job,QA Engineer,63.1,Average,64.0,47.9,Tech
B.Tech,AI&DS,3,7.43,71,3.0,2.9,7.4,8.0,88,80,0,4,3,5,72,50,70,54,70,70,52,1,80,83,Placement,Data Analyst,65.9,Average,71.2,52.7,Tech
B.Com,Hons,1,7.51,65,3.5,1.4,6.8,8.3,86,86,1,0,0,3,45,52,60,50,31,55,57,1,37,77,Placement,Business Analyst,55.6,Average,26.1,27.3,Commerce
B.Tech,CSE,2,7.72,63,4.2,3.0,6.6,6.3,90,87,0,3,4,4,92,57,73,53,60,56,58,1,59,78,Placement,Full Stack Developer,73.8,Average,70.0,36.1,Tech
B.Tech,IT,3,8.37,91,4.0,4.7,8.1,7.1,96,95,0,7,5,5,78,52,75,58,78,51,70,1,71,95,Research,Cloud Engineer,79.1,Good,86.5,82.5,Tech
Law,Criminal,2,7.62,81,5.3,2.4,8.0,3.1,95,90,0,2,1,3,60,66,63,56,67,72,82,1,51,70,Higher Studies,Business Analyst,75.4,Good,56.4,52.6,Law
BBA,HR,1,7.86,64,4.7,0.3,6.3,8.0,91,90,2,1,3,3,64,21,60,73,43,56,65,0,37,70,Government Job,Data Analyst,59.2,Average,31.0,39.7,Management
BCA,General,4,8.44,68,4.5,2.7,6.5,4.8,97,93,1,4,4,5,50,42,67,49,57,67,60,1,73,66,Higher Studies,QA Engineer,68.4,Average,58.8,60.9,Tech
B.Tech,IT,4,8.54,72,5.6,3.9,7.1,5.9,100,100,0,5,2,5,61,57,86,54,69,67,71,1,64,82,Higher Studies,Data Scientist,84.0,Good,75.3,76.4,Tech
BCA,General,2,7.79,82,5.1,2.9,7.2,3.1,100,95,0,5,1,6,74,51,63,65,58,61,86,0,61,65,Government Job,Software Engineer,80.5,Good,53.5,48.3,Tech
BBA,Marketing,2,8.55,84,6.5,4.3,8.1,4.7,100,100,0,8,5,7,86,63,88,78,63,87,82,1,93,86,Higher Studies,Business Analyst,87.6,Good,89.8,59.1,Management
B.Tech,IT,3,7.21,77,4.9,2.0,7.8,5.0,85,83,0,7,3,4,57,53,55,92,40,45,66,1,68,64,Freelancing,DevOps Engineer,67.0,Average,68.8,70.4,Tech
B.Tech,AI&DS,4,8.29,97,8.0,3.8,8.7,3.4,100,100,0,6,4,6,87,55,82,76,59,63,69,2,92,82,Government Job,Data Scientist,90.3,Excellent,80.8,47.3,Tech
B.Tech,CSE,3,7.34,77,3.1,0.2,7.8,5.5,81,82,3,2,2,2,53,31,51,45,50,68,59,0,49,64,Placement,DevOps Engineer,45.8,At Risk,33.3,40.4,Tech
B.Tech,ECE,3,7.81,79,4.1,3.6,7.3,6.5,99,91,0,4,5,6,71,50,78,65,47,53,70,1,64,82,Research,Software Engineer,77.0,Good,73.3,76.2,Tech
B.Com,Hons,4,8.32,70,4.7,1.1,7.7,6.4,96,93,2,3,2,3,55,35,59,55,51,66,61,1,50,71,Placement,Data Analyst,64.1,Average,48.9,64.7,Commerce
Law,Criminal,1,6.73,71,4.0,1.1,9.0,5.4,88,82,0,2,1,5,25,54,42,55,51,84,62,0,55,63,Government Job,Product Manager,62.8,Average,45.5,44.7,Law
B.Tech,IT,3,7.71,82,4.7,3.5,7.1,5.9,93,90,1,5,3,3,73,65,100,81,66,82,70,1,70,80,Higher Studies,Data Analyst,66.5,Average,81.2,65.2,Tech
BBA,Marketing,4,6.41,83,3.9,0.0,7.6,2.0,86,80,1,0,0,0,39,52,30,26,34,61,53,0,35,48,Research,UI/UX Designer,55.6,Average,21.7,31.6,Management
B.Com,Hons,4,7.26,85,6.3,3.9,6.5,4.3,99,91,0,8,4,7,64,68,78,72,67,73,78,2,93,88,Government Job,Product Manager,74.3,Average,95.5,71.5,Commerce
B.Tech,IT,4,7.58,64,2.8,4.2,6.2,8.1,93,91,3,5,5,4,81,64,94,93,52,72,66,1,65,83,Placement,Data Analyst,49.2,At Risk,77.9,64.5,Tech
B.Tech,AI&DS,1,8.57,76,5.9,2.8,6.7,2.9,100,96,0,7,4,6,88,59,63,75,64,51,67,0,79,68,Placement,AI Engineer,83.7,Good,72.3,76.3,Tech
B.Com,Hons,3,7.52,77,3.0,2.9,7.2,4.3,93,92,1,6,4,4,68,49,79,64,59,65,62,1,69,93,Research,Product Manager,69.6,Average,72.0,66.5,Commerce
B.Tech,IT,2,8.12,67,3.7,3.7,5.8,6.5,86,88,1,4,4,4,73,37,89,79,69,48,57,0,55,62,Startup,Cloud Engineer,68.5,Average,56.5,70.4,Tech
B.Tech,AI&DS,4,7.02,76,3.9,4.5,5.8,6.3,89,92,0,9,6,6,89,55,94,62,71,68,71,1,84,88,Freelancing,Machine Learning Engineer,67.4,Average,90.8,79.6,Tech
BBA,Marketing,3,6.9,69,2.5,0.7,6.4,6.4,90,90,2,2,1,3,60,42,54,67,55,60,69,1,62,74,Placement,UI/UX Designer,52.5,At Risk,50.8,47.4,Management
BCA,General,2,8.38,60,5.4,2.8,6.3,8.2,92,100,0,5,5,4,75,62,81,52,56,54,73,1,65,73,Higher Studies,Software Engineer,76.1,Good,73.0,59.4,Tech
Law,Corporate,3,8.93,86,6.1,2.1,7.5,6.1,100,100,0,5,3,5,65,68,83,77,61,91,72,1,54,78,Freelancing,Product Manager,87.2,Good,73.9,81.5,Law
BCA,General,2,7.04,75,3.1,4.2,7.3,5.5,80,83,0,8,5,8,81,51,77,52,58,51,57,2,94,99,Placement,Backend Developer,64.0,Average,91.6,71.0,Tech
B.Tech,IT,4,7.32,73,3.6,2.0,7.6,4.2,86,81,1,4,3,3,62,43,59,55,56,63,54,1,69,70,Freelancing,Cloud Engineer,53.3,At Risk,61.9,69.3,Tech
BCA,General,3,7.91,76,5.2,2.9,6.0,6.8,88,90,1,7,4,6,67,68,68,73,50,52,60,1,92,85,Government Job,Frontend Developer,68.3,Average,83.3,60.1,Tech
BBA,HR,1,7.11,67,3.2,1.6,6.9,7.4,85,81,2,6,4,3,49,69,76,68,58,80,77,1,76,57,Placement,Product Manager,47.3,At Risk,60.6,62.9,Management
B.Tech,IT,2,8.19,68,3.9,3.9,7.0,9.0,93,95,4,5,4,5,79,57,94,53,73,68,82,1,65,75,Research,AI Engineer,50.4,At Risk,67.3,57.7,Tech
B.Tech,CSE,1,7.71,62,5.5,1.9,5.7,8.7,96,90,0,6,5,6,80,38,79,83,75,59,57,2,64,93,Placement,DevOps Engineer,67.7,Average,77.2,63.7,Tech
B.Tech,CSE,1,7.72,60,3.7,1.0,6.6,8.0,86,88,0,4,3,2,66,45,60,58,41,69,60,1,60,69,Placement,UI/UX Designer,62.5,Average,54.5,45.7,Tech
B.Tech,ECE,2,7.98,85,4.7,4.5,6.1,6.5,94,95,0,7,4,7,60,45,72,64,80,56,57,1,68,100,Placement,Data Scientist,76.8,Good,82.4,60.9,Tech
BCA,General,2,7.17,67,3.8,2.4,6.6,5.5,79,79,2,6,4,4,49,45,49,66,62,49,59,2,71,82,Startup,Frontend Developer,51.5,At Risk,60.1,63.0,Tech
B.Tech,AI&DS,1,5.92,73,1.0,2.4,8.9,6.2,76,78,2,3,3,2,65,39,49,56,47,46,59,1,53,48,Startup,Backend Developer,43.2,At Risk,33.9,59.1,Tech
B.Tech,IT,2,6.71,61,2.9,0.7,7.2,9.1,82,78,4,2,0,1,47,48,48,36,34,80,62,0,43,50,Freelancing,UI/UX Designer,31.8,At Risk,25.9,43.2,Tech
B.Tech,ECE,2,7.09,61,2.1,2.2,5.7,6.9,85,81,0,1,4,3,77,67,58,81,50,51,58,1,42,74,Placement,Business Analyst,62.9,Average,50.4,42.2,Tech
BCA,General,2,7.58,85,5.2,3.0,6.7,3.8,97,86,2,5,3,5,70,45,75,81,76,52,54,1,46,72,Placement,Data Analyst,62.0,Average,54.8,58.2,Tech
B.Tech,ECE,2,7.39,62,4.5,0.9,7.2,6.0,91,88,1,2,3,2,39,54,54,38,35,73,59,0,55,51,Placement,Business Analyst,55.5,Average,27.4,16.2,Tech
BCA,General,1,6.3,52,1.0,0.9,7.2,6.9,69,63,1,1,2,0,54,38,38,39,50,72,38,0,47,49,Placement,UI/UX Designer,38.3,At Risk,24.4,38.4,Tech
B.Tech,CSE,1,8.03,54,2.7,2.8,6.1,6.4,88,83,3,4,4,3,73,56,64,67,43,51,68,0,74,86,Placement,Data Scientist,50.3,At Risk,62.6,82.7,Tech
Law,Corporate,1,5.95,76,3.3,1.0,7.7,3.3,79,79,2,3,1,3,61,69,54,65,20,75,47,0,49,78,Government Job,Business Analyst,40.5,At Risk,42.0,18.3,Law
B.Com,Hons,3,8.59,78,5.9,2.9,7.6,6.9,97,96,0,6,3,6,79,57,64,91,49,50,52,1,71,82,Placement,Data Analyst,83.4,Good,79.8,58.6,Commerce
B.Tech,ECE,4,7.47,66,5.0,3.7,6.8,6.0,94,91,1,8,3,5,72,83,62,74,59,82,92,2,91,71,Government Job,UI/UX Designer,66.6,Average,83.5,81.8,Tech
BCA,General,3,6.95,53,2.9,3.1,5.2,7.7,82,84,1,5,5,2,57,48,83,65,54,54,51,1,65,92,Higher Studies,Backend Developer,50.8,At Risk,62.4,80.4,Tech
BBA,Finance,1,7.75,74,5.2,3.0,5.9,7.1,95,93,0,4,4,5,49,52,79,64,60,56,70,2,74,73,Placement,Data Analyst,71.1,Average,77.2,77.7,Management
B.Tech,CSE,4,8.13,91,6.8,2.6,7.0,5.7,99,100,0,6,3,6,74,48,85,72,64,60,79,1,72,66,Placement,QA Engineer,83.2,Good,75.9,58.6,Tech
B.Tech,AI&DS,4,7.61,79,4.3,2.0,7.4,4.3,86,88,2,3,2,4,65,52,79,73,50,61,60,1,68,87,Placement,Business Analyst,57.7,Average,70.0,79.6,Tech
BBA,Marketing,4,9.1,94,7.3,3.4,6.5,5.2,99,93,3,5,5,4,77,32,81,81,71,45,71,0,55,65,Higher Studies,Data Analyst,71.4,Average,60.2,68.8,Management
B.Tech,CSE,3,7.49,85,5.6,3.5,8.2,6.5,92,93,0,5,3,7,89,62,84,70,53,75,85,1,77,86,Startup,Product Manager,77.5,Good,80.0,65.0,Tech
BCA,General,2,7.82,88,5.3,2.7,8.6,4.6,91,86,0,7,4,5,53,75,69,58,55,53,57,1,86,91,Startup,Software Engineer,79.5,Good,77.6,69.0,Tech
BBA,Marketing,2,7.38,58,3.1,2.8,6.3,8.9,92,82,0,3,3,1,62,57,71,89,37,73,78,1,67,77,Startup,UI/UX Designer,63.6,Average,60.4,46.6,Management
B.Tech,CSE,2,7.83,76,4.4,3.9,6.4,10.5,94,86,3,8,6,5,78,66,90,94,100,72,54,3,100,81,Startup,Software Engineer,57.7,Average,94.5,76.5,Tech
BCA,General,1,6.6,63,4.4,0.0,6.5,4.8,82,84,2,0,0,0,51,42,43,29,29,70,70,0,35,35,Government Job,QA Engineer,47.8,At Risk,22.1,49.2,Tech
B.Tech,IT,2,6.91,77,3.9,0.0,7.6,4.9,91,79,2,0,0,1,57,69,59,39,36,53,43,0,36,54,Government Job,Software Engineer,52.6,At Risk,25.9,24.6,Tech
B.Com,General,2,6.93,68,4.7,0.8,6.9,5.0,80,83,3,2,1,0,49,42,61,39,49,68,60,0,47,67,Placement,Business Analyst,45.3,At Risk,34.9,53.0,Commerce
BCA,General,4,7.23,68,4.7,3.8,7.3,8.1,88,88,1,4,4,5,60,62,70,71,70,80,68,1,69,84,Government Job,Frontend Developer,60.7,Average,77.0,70.3,Tech
BBA,Marketing,3,6.9,68,4.4,1.1,7.4,5.6,81,86,2,3,1,3,53,37,48,33,28,68,59,0,41,63,Government Job,Product Manager,51.2,At Risk,26.6,43.0,Management
B.Com,Hons,4,7.6,71,3.8,2.0,6.8,10.1,88,87,2,3,3,2,75,66,57,48,45,82,79,2,60,72,Government Job,Product Manager,61.6,Average,60.6,50.0,Commerce
B.Tech,AI&DS,1,7.75,68,3.5,2.0,7.6,7.6,88,84,2,2,2,3,50,26,70,70,52,67,48,0,47,58,Higher Studies,UI/UX Designer,58.1,Average,50.7,56.9,Tech
B.Tech,IT,3,8.37,91,8.0,3.5,7.2,5.3,100,100,0,4,5,5,78,53,70,77,74,84,72,1,82,88,Government Job,Data Analyst,85.6,Good,80.2,69.0,Tech
Law,Corporate,4,6.64,46,1.6,0.7,6.2,5.6,71,72,0,0,3,0,32,38,60,55,46,73,48,1,44,62,Higher Studies,Business Analyst,49.3,At Risk,50.2,43.7,Law
BCA,General,2,6.84,88,4.1,2.5,5.9,5.7,95,86,1,3,1,5,65,66,64,51,35,55,42,0,73,72,Placement,UI/UX Designer,65.8,Average,61.2,39.3,Tech
BBA,Finance,2,7.34,80,4.2,3.9,6.3,6.6,90,88,2,5,6,6,85,68,77,91,57,82,83,3,100,67,Placement,Product Manager,59.7,Average,86.0,75.2,Management
BCA,General,2,6.51,63,3.2,3.1,7.6,4.4,83,84,3,4,2,3,63,79,74,60,46,62,49,1,55,81,Higher Studies,Software Engineer,38.9,At Risk,50.1,49.6,Tech
BCA,General,3,5.92,65,1.0,0.2,6.6,6.1,74,74,0,3,0,2,63,32,67,53,29,47,50,0,41,82,Placement,Backend Developer,50.7,At Risk,41.4,54.3,Tech
B.Tech,AI&DS,2,7.76,77,5.6,2.9,7.6,8.2,83,91,2,5,4,5,79,69,71,49,55,80,88,1,72,87,Placement,AI Engineer,57.2,Average,68.5,66.1,Tech
B.Tech,ECE,2,7.28,70,4.5,2.7,6.3,6.9,91,91,0,6,2,3,76,52,79,59,52,65,58,2,78,81,Higher Studies,UI/UX Designer,70.1,Average,78.5,66.0,Tech
B.Tech,CSE,3,7.44,56,3.5,1.6,6.3,5.6,85,69,4,2,2,1,61,36,33,70,58,44,66,0,35,61,Placement,Backend Developer,35.7,At Risk,20.2,30.9,Tech
BCA,General,4,7.28,81,5.5,4.9,6.0,5.6,88,80,1,8,4,7,52,53,87,63,79,79,73,2,98,92,Startup,UI/UX Designer,61.1,Average,90.2,71.1,Tech
BBA,Marketing,2,7.97,65,4.8,1.7,6.8,7.2,89,88,0,3,3,6,66,23,53,49,57,56,52,0,39,74,Higher Studies,Product Manager,74.0,Average,47.1,39.5,Management
BBA,Marketing,4,7.28,72,3.7,1.3,5.6,6.0,94,93,2,3,1,4,44,27,53,47,54,54,58,2,75,73,Research,Data Analyst,57.6,Average,62.5,65.6,Management
Law,Corporate,1,6.49,66,3.6,1.0,6.7,8.1,80,77,4,2,3,4,35,48,49,39,36,55,50,0,35,60,Research,Business Analyst,28.5,At Risk,24.9,20.0,Law
B.Com,Hons,3,7.52,76,3.8,1.0,7.7,6.1,80,88,3,0,2,0,52,45,69,31,32,64,68,1,35,57,Research,Business Analyst,50.0,At Risk,30.8,22.7,Commerce
Law,Corporate,2,8.55,64,5.8,5.6,7.4,4.9,100,95,0,8,6,6,87,52,91,85,81,58,68,2,100,97,Freelancing,Product Manager,81.1,Good,98.0,78.3,Law
B.Tech,CSE,2,6.95,75,3.6,2.6,8.0,8.2,87,81,1,4,2,3,59,49,79,65,51,64,53,0,63,65,Placement,Data Scientist,52.9,At Risk,58.8,68.9,Tech
B.Com,Hons,2,6.98,63,3.2,2.9,6.2,6.2,78,78,4,5,5,4,53,42,58,54,43,90,77,1,68,88,Placement,Business Analyst,33.1,At Risk,65.5,64.2,Commerce
BCA,General,1,8.52,88,5.3,3.0,7.8,2.0,98,99,0,6,4,4,79,34,97,73,49,42,69,0,57,78,Placement,UI/UX Designer,85.2,Good,74.7,57.0,Tech
B.Tech,AI&DS,1,8.5,78,3.8,2.5,6.3,7.6,96,92,2,6,2,5,52,45,81,59,54,53,64,1,85,83,Placement,Frontend Developer,68.7,Average,74.8,87.7,Tech
BBA,Marketing,4,7.22,60,3.6,1.0,6.7,8.5,80,78,1,3,4,4,50,25,57,39,58,49,51,1,61,61,Placement,UI/UX Designer,53.8,At Risk,46.3,53.2,Management
B.Tech,IT,2,9.22,78,5.6,4.5,7.7,5.7,100,95,0,7,4,6,80,70,82,81,71,74,78,1,92,72,Government Job,AI Engineer,88.3,Good,85.0,64.4,Tech
Law,Corporate,4,8.38,73,5.8,2.7,6.5,7.2,100,91,1,4,4,7,79,46,68,58,73,66,52,2,91,91,Freelancing,Product Manager,75.0,Average,88.7,72.5,Law
Law,Criminal,2,6.6,60,3.2,0.5,5.8,3.8,88,75,0,1,0,3,48,51,28,39,45,50,62,0,35,45,Government Job,Business Analyst,55.4,Average,23.5,41.9,Law
B.Tech,IT,4,8.61,74,5.9,2.6,7.9,6.9,100,100,0,5,3,5,69,34,71,58,80,59,66,0,67,74,Startup,Data Scientist,86.4,Good,68.6,54.8,Tech
B.Tech,IT,2,7.93,100,7.0,3.5,8.2,5.1,100,99,0,6,3,5,80,43,69,80,50,40,62,1,58,86,Government Job,QA Engineer,85.3,Good,72.8,69.4,Tech
BCA,General,4,7.95,76,4.4,4.2,6.1,6.0,93,93,1,5,3,3,80,54,54,66,49,57,62,2,69,76,Higher Studies,Business Analyst,70.9,Average,62.6,56.7,Tech
B.Com,Hons,2,9.01,84,6.1,3.4,7.3,4.6,100,100,0,4,6,5,67,67,88,67,74,71,75,1,65,79,Placement,Product Manager,90.0,Good,76.4,63.7,Commerce
B.Com,General,2,8.4,81,5.7,3.0,7.4,7.0,97,93,0,4,3,5,49,42,72,69,80,44,53,1,62,70,Research,Data Analyst,78.6,Good,58.1,55.7,Commerce
Law,Corporate,1,8.3,76,5.9,3.7,7.4,9.1,96,97,0,7,7,5,77,40,97,79,75,53,72,1,75,100,Freelancing,Data Analyst,79.1,Good,94.1,42.7,Law
B.Tech,AI&DS,1,7.54,52,4.0,0.0,7.1,9.8,94,92,1,0,0,1,32,43,53,62,42,73,62,0,37,51,Government Job,Business Analyst,63.8,Average,26.9,51.0,Tech
B.Tech,ECE,1,7.09,85,5.0,3.5,7.3,4.2,95,88,1,4,2,2,61,49,63,55,56,66,71,0,47,80,Placement,UI/UX Designer,66.4,Average,52.2,56.8,Tech
B.Tech,ECE,3,9.13,90,4.6,4.3,7.2,6.3,95,95,0,6,4,5,67,43,70,60,61,36,73,1,81,84,Placement,Software Engineer,87.0,Good,70.8,68.0,Tech
Law,Criminal,2,7.75,94,6.5,3.6,7.7,4.3,94,94,0,6,3,6,93,57,81,76,83,65,77,2,82,83,Startup,Data Analyst,80.7,Good,85.0,68.1,Law
B.Tech,ECE,4,7.44,57,3.9,2.4,6.9,7.4,94,94,2,5,3,2,77,49,55,48,58,47,63,1,66,83,Placement,Machine Learning Engineer,55.0,At Risk,67.9,56.5,Tech
B.Tech,IT,1,7.83,74,4.2,2.9,7.5,4.6,86,84,0,7,2,3,52,0,100,83,44,78,51,1,82,71,Government Job,DevOps Engineer,71.1,Average,75.6,78.2,Tech
B.Tech,ECE,4,8.9,96,6.2,4.1,8.0,6.2,100,100,0,6,3,6,69,74,66,64,67,64,81,2,89,95,Higher Studies,Machine Learning Engineer,88.9,Good,83.5,72.2,Tech
B.Tech,AI&DS,1,5.76,64,1.2,0.0,7.6,9.0,73,65,4,2,0,1,9,71,38,54,51,81,62,0,45,77,Higher Studies,Product Manager,20.1,At Risk,25.9,50.7,Tech
Law,Corporate,2,6.92,65,3.4,1.0,8.6,5.6,81,88,1,0,1,0,61,53,44,53,20,62,59,0,35,56,Placement,Product Manager,50.5,At Risk,27.6,14.7,Law
B.Com,General,2,7.69,70,4.2,2.7,7.3,8.3,98,92,1,4,4,2,57,76,70,66,60,73,73,1,59,64,Placement,Product Manager,70.5,Average,53.6,71.8,Commerce
B.Tech,CSE,2,7.2,73,3.0,3.1,5.5,7.0,84,83,1,5,3,5,83,38,65,73,62,43,34,1,59,75,Placement,Cybersecurity Analyst,57.3,Average,61.7,58.5,Tech
B.Com,Hons,2,7.31,70,4.6,1.3,7.2,6.3,91,90,3,3,1,1,66,57,71,64,33,60,55,0,48,69,Placement,Business Analyst,46.0,At Risk,32.9,42.1,Commerce
B.Tech,ECE,4,8.29,79,5.2,2.6,7.5,6.7,91,87,0,3,3,5,68,34,63,67,40,68,75,1,64,77,Research,Data Engineer,76.2,Good,59.2,46.9,Tech
B.Tech,CSE,1,7.19,85,3.6,5.3,7.3,4.4,90,88,0,7,4,5,81,57,95,64,77,52,55,2,100,78,Research,Machine Learning Engineer,70.2,Average,85.0,62.1,Tech
B.Tech,AI&DS,2,8.95,85,7.9,6.0,6.8,6.1,100,100,0,9,6,10,92,87,91,68,82,76,89,3,100,100,Government Job,Data Scientist,91.9,Excellent,96.0,87.8,Tech
B.Tech,AI&DS,1,7.03,61,3.3,2.1,6.4,8.0,83,72,1,6,3,5,51,24,63,78,59,45,64,0,72,83,Placement,Software Engineer,49.4,At Risk,65.7,23.1,Tech
B.Tech,ECE,3,7.14,46,1.9,1.4,5.9,8.0,71,78,1,4,3,3,58,55,64,68,60,63,64,1,79,67,Freelancing,Software Engineer,48.1,At Risk,59.8,71.2,Tech
B.Tech,AI&DS,1,8.7,86,5.3,4.3,7.1,7.8,97,87,0,5,3,6,68,73,87,73,49,64,69,1,79,79,Government Job,Software Engineer,92.5,Excellent,80.6,58.1,Tech
B.Tech,ECE,2,8.33,70,4.7,3.2,6.6,7.8,90,89,2,5,3,4,51,62,64,81,52,61,66,1,62,85,Startup,AI Engineer,60.4,Average,63.6,50.0,Tech
B.Tech,CSE,4,6.92,76,3.1,2.6,6.7,6.5,89,85,4,4,5,4,60,55,75,68,58,70,62,0,57,92,Higher Studies,Backend Developer,41.5,At Risk,69.5,60.3,Tech
Law,Criminal,2,7.4,77,4.9,3.5,6.6,6.5,94,86,1,6,4,4,82,41,78,65,56,51,54,1,57,98,Government Job,Cybersecurity Analyst,64.6,Average,74.0,77.8,Law
BBA,Marketing,1,8.5,73,5.5,0.8,6.7,8.4,98,99,1,2,2,1,63,47,65,41,36,70,74,1,59,57,Freelancing,Data Analyst,74.8,Average,45.0,48.9,Management
B.Com,Hons,2,7.4,66,4.2,3.4,6.7,8.3,92,79,2,7,6,8,62,49,70,73,64,40,56,2,80,94,Startup,Data Analyst,50.3,At Risk,79.2,78.6,Commerce
B.Tech,CSE,4,7.4,80,5.3,3.2,7.3,3.0,98,85,0,6,4,5,54,68,91,71,59,59,54,2,81,92,Placement,Machine Learning Engineer,69.9,Average,93.5,59.5,Tech
B.Tech,CSE,1,6.72,65,3.9,3.3,6.7,7.0,82,89,1,7,6,5,76,73,78,59,47,75,67,1,79,84,Startup,AI Engineer,56.7,Average,80.6,61.9,Tech
BCA,General,4,9.13,89,6.7,4.7,6.0,6.6,100,100,0,6,6,7,79,49,86,84,75,65,82,2,81,90,Higher Studies,Cybersecurity Analyst,91.6,Excellent,88.0,82.8,Tech
BCA,General,1,7.22,71,4.6,2.2,7.1,5.3,90,83,2,3,1,3,46,34,71,71,46,34,49,0,51,75,Placement,Backend Developer,58.5,Average,50.5,34.8,Tech
BCA,General,1,7.7,54,3.8,1.7,6.5,9.5,95,90,0,2,1,4,52,38,66,59,41,43,60,1,68,89,Placement,Backend Developer,66.5,Average,56.7,27.3,Tech
BBA,HR,3,7.3,69,4.0,2.5,7.4,7.0,99,85,1,4,2,5,48,49,76,56,51,60,73,0,69,91,Higher Studies,Business Analyst,63.3,Average,67.0,49.2,Management
Law,Corporate,3,6.43,61,3.2,0.0,6.5,8.0,77,83,1,0,1,2,48,76,27,32,20,65,53,0,35,78,Higher Studies,Business Analyst,54.9,At Risk,23.7,30.4,Law
B.Tech,AI&DS,2,7.39,59,3.0,1.0,5.3,10.2,80,84,2,3,2,3,60,21,68,69,56,52,51,0,55,82,Startup,QA Engineer,47.2,At Risk,51.2,47.7,Tech
B.Tech,IT,3,6.36,55,2.6,0.9,5.6,9.8,80,87,1,2,1,2,58,42,47,50,55,60,55,0,42,59,Placement,QA Engineer,45.6,At Risk,29.3,46.8,Tech
BBA,Finance,1,7.35,63,5.1,1.9,6.0,6.4,93,90,3,3,3,2,50,77,69,65,61,98,93,2,80,80,Higher Studies,Business Analyst,50.1,At Risk,73.0,70.9,Management
Law,Criminal,4,6.97,53,3.7,2.7,6.4,6.9,85,79,0,2,4,5,59,51,79,53,69,77,55,3,72,87,Freelancing,Product Manager,59.0,Average,77.6,60.2,Law
B.Tech,CSE,3,7.9,96,5.0,2.4,5.4,4.9,88,88,1,7,3,7,76,46,79,66,60,39,55,1,80,80,Startup,Data Engineer,72.6,Average,81.6,71.2,Tech
B.Com,Hons,4,7.35,69,3.1,1.3,6.3,5.2,87,86,0,2,0,2,71,52,51,50,39,53,51,1,51,76,Research,Business Analyst,65.4,Average,48.2,43.9,Commerce
B.Tech,CSE,3,8.22,74,5.4,3.3,6.9,5.4,100,100,0,8,4,5,54,73,74,68,60,63,71,1,84,94,Research,Data Scientist,79.0,Good,72.5,67.1,Tech
B.Tech,AI&DS,3,6.85,50,1.9,2.5,5.9,7.0,79,85,1,5,5,2,55,49,61,52,45,59,59,2,74,69,Placement,Frontend Developer,50.6,At Risk,63.1,50.0,Tech
BCA,General,4,7.7,72,3.3,2.0,6.1,6.3,84,79,2,4,4,3,66,43,67,57,53,61,62,2,61,62,Placement,Business Analyst,60.9,Average,58.1,63.3,Tech
Law,Corporate,3,7.77,69,3.7,1.8,8.0,7.0,88,81,2,5,3,1,77,48,67,61,57,67,74,2,64,51,Placement,Cybersecurity Analyst,59.0,Average,63.2,47.9,Law
B.Tech,IT,1,8.19,80,4.5,1.4,7.7,4.8,88,84,0,4,3,5,53,64,68,59,43,68,56,1,61,78,Higher Studies,Cloud Engineer,66.6,Average,70.8,73.5,Tech
BCA,General,3,7.92,84,5.4,3.9,7.0,3.4,89,92,1,4,4,6,64,60,66,61,62,51,58,0,47,79,Government Job,Data Engineer,70.5,Average,61.7,39.0,Tech
BCA,General,2,8.12,78,4.3,4.0,7.0,8.0,90,92,0,7,4,5,75,52,78,69,60,50,61,2,83,84,Higher Studies,DevOps Engineer,74.4,Average,79.2,79.9,Tech
B.Tech,ECE,3,7.92,67,4.5,2.2,7.0,6.1,90,93,2,4,2,4,53,50,56,66,68,53,56,0,41,62,Placement,AI Engineer,61.9,Average,46.4,32.9,Tech
B.Tech,IT,4,8.39,80,5.0,4.0,6.0,3.5,89,90,0,5,6,6,75,45,81,86,54,44,54,2,76,75,Startup,Cloud Engineer,78.2,Good,79.4,71.8,Tech
B.Tech,ECE,3,9.14,80,6.9,1.6,5.9,5.0,100,97,0,3,1,4,48,64,72,53,50,63,86,0,63,87,Higher Studies,Business Analyst,92.3,Excellent,62.7,43.8,Tech
B.Com,General,4,8.43,79,6.6,3.7,7.9,5.3,100,93,0,4,4,7,75,57,70,61,72,69,53,0,68,74,Freelancing,Business Analyst,85.3,Good,72.0,47.9,Commerce
BBA,HR,2,7.43,84,4.7,2.7,7.3,4.8,95,88,2,2,1,3,61,60,64,61,43,68,73,0,39,70,Higher Studies,Business Analyst,63.0,Average,27.6,46.1,Management
B.Com,Hons,1,8.23,72,4.1,2.3,6.6,5.3,91,89,0,3,3,3,71,49,54,81,51,73,63,1,61,84,Government Job,Business Analyst,74.9,Average,59.3,36.6,Commerce
B.Com,Hons,1,8.34,91,5.5,3.6,8.5,5.5,100,98,0,6,4,6,77,57,57,68,69,82,87,1,79,65,Higher Studies,Business Analyst,84.6,Good,74.7,71.1,Commerce
B.Tech,ECE,1,8.55,86,5.8,4.2,7.3,4.5,100,100,0,9,6,6,79,64,86,69,74,71,73,2,88,100,Placement,Machine Learning Engineer,87.1,Good,88.4,98.0,Tech
B.Tech,IT,1,7.85,83,4.7,3.9,6.9,2.0,98,88,0,7,5,6,92,63,59,87,69,59,72,0,78,82,Placement,Data Engineer,80.2,Good,82.6,73.4,Tech
B.Com,General,2,6.5,62,2.6,3.1,6.8,5.5,72,73,0,4,4,3,61,82,77,63,54,65,59,1,73,79,Startup,Product Manager,54.0,At Risk,63.7,40.1,Commerce
BBA,Finance,2,8.21,70,4.7,3.8,7.2,3.7,98,89,1,2,1,3,66,56,60,71,40,71,60,0,58,69,Placement,Product Manager,70.3,Average,56.9,56.5,Management
BCA,General,3,6.74,78,4.1,2.2,6.4,4.0,81,84,0,4,2,4,68,69,72,62,37,86,60,1,66,68,Placement,Cybersecurity Analyst,65.4,Average,64.1,57.4,Tech
BBA,Marketing,3,8.26,86,6.7,3.7,9.0,3.9,99,100,0,5,3,5,76,57,67,89,74,48,76,2,80,88,Higher Studies,Data Analyst,84.9,Good,80.2,67.5,Management
B.Com,Hons,3,7.15,90,2.2,3.7,6.4,6.4,90,86,1,4,2,5,72,67,71,71,68,70,73,0,62,72,Placement,Business Analyst,63.0,Average,63.4,52.3,Commerce
B.Tech,IT,3,7.48,78,4.5,2.9,6.8,4.5,100,92,0,5,2,8,77,45,75,73,64,63,69,1,69,81,Research,Data Analyst,72.1,Average,76.6,75.5,Tech
B.Tech,CSE,4,8.15,83,4.9,4.9,7.2,3.2,97,93,0,7,5,4,98,66,80,69,52,70,63,1,80,76,Government Job,Business Analyst,79.2,Good,84.6,86.2,Tech
BCA,General,3,7.45,72,4.2,3.7,8.3,7.1,88,84,3,5,4,3,78,64,78,79,71,54,83,2,72,71,Higher Studies,Cloud Engineer,49.0,At Risk,68.0,65.2,Tech
BCA,General,2,6.96,71,2.8,3.2,8.5,5.8,88,83,1,6,4,5,89,49,66,71,34,47,61,1,60,76,Startup,DevOps Engineer,50.5,At Risk,54.0,70.3,Tech
BCA,General,2,9.12,96,7.1,6.0,7.4,4.7,100,100,0,10,7,7,94,60,98,96,100,92,80,3,100,100,Research,Data Analyst,96.6,Excellent,97.0,79.0,Tech
BCA,General,1,8.49,82,6.4,4.0,7.4,7.9,100,99,0,5,3,5,64,41,81,59,79,41,73,1,76,79,Government Job,Cloud Engineer,86.6,Good,82.6,90.4,Tech
Law,Corporate,1,6.62,70,2.5,2.2,9.0,4.9,79,78,1,4,1,4,81,87,73,69,62,72,55,1,63,82,Placement,Cybersecurity Analyst,50.4,At Risk,66.8,44.6,Law
BBA,Finance,4,7.94,84,5.9,2.4,8.7,4.3,100,99,0,3,3,4,49,37,68,78,46,47,57,1,53,81,Higher Studies,Product Manager,83.1,Good,70.0,44.7,Management
B.Tech,IT,1,8.5,78,4.0,1.2,6.4,8.3,92,89,0,3,0,1,67,36,70,61,40,67,76,0,50,81,Placement,Cybersecurity Analyst,77.9,Good,45.1,43.4,Tech
BBA,Marketing,4,7.73,66,3.2,2.1,6.9,6.2,89,86,0,4,3,4,65,55,57,69,36,61,62,1,72,68,Placement,Business Analyst,69.1,Average,57.0,63.5,Management
Law,Corporate,2,7.86,77,4.5,3.1,6.7,4.8,89,85,2,5,3,3,61,62,56,36,53,74,76,0,60,72,Higher Studies,Business Analyst,54.3,At Risk,47.4,57.5,Law
Law,Corporate,1,7.72,79,3.2,2.2,7.0,3.5,86,90,1,5,2,3,70,57,67,53,63,49,63,0,56,75,Placement,Business Analyst,64.0,Average,58.8,31.2,Law
BBA,Finance,4,7.41,77,5.3,2.1,7.4,6.9,97,89,0,4,2,2,56,86,63,48,43,71,73,2,64,57,Research,Business Analyst,73.5,Average,53.0,55.1,Management
BCA,General,3,8.91,80,5.5,5.1,7.8,6.6,94,90,0,9,6,7,99,77,91,69,75,56,72,2,100,100,Placement,Data Engineer,88.4,Good,98.0,84.5,Tech
BBA,Marketing,4,6.93,81,3.3,3.1,6.5,6.2,88,88,0,4,4,4,80,57,73,68,43,68,71,2,85,70,Research,Data Analyst,71.1,Average,76.1,92.5,Management
B.Tech,IT,2,6.33,66,1.4,1.7,5.1,8.8,75,82,4,3,2,3,61,39,47,68,58,56,50,1,55,58,Startup,UI/UX Designer,32.5,At Risk,46.7,46.2,Tech
B.Com,General,4,7.56,81,6.2,3.5,5.7,7.2,100,94,0,6,3,5,76,52,78,73,62,58,71,2,82,93,Government Job,Data Analyst,74.4,Average,81.3,51.7,Commerce
B.Tech,IT,2,8.36,64,4.8,3.2,5.0,8.4,86,84,3,4,2,3,54,49,82,64,65,58,43,1,57,79,Placement,Data Engineer,49.3,At Risk,48.7,34.7,Tech
Law,Corporate,2,7.55,66,5.8,1.6,6.5,4.1,92,83,1,4,3,1,27,54,72,47,54,74,72,2,58,78,Placement,Business Analyst,64.1,Average,60.0,51.8,Law
B.Com,General,2,7.95,86,5.3,3.1,7.2,2.0,98,93,0,4,2,4,69,70,59,55,53,58,67,1,66,77,Placement,Data Analyst,79.2,Good,60.4,59.6,Commerce
B.Tech,CSE,3,7.36,82,5.4,2.0,5.9,3.9,92,90,0,3,1,5,53,44,48,61,31,68,81,1,59,89,Government Job,Data Scientist,74.2,Average,54.2,58.7,Tech
B.Com,General,4,8.52,72,4.1,2.2,5.2,5.6,93,92,0,2,3,3,47,55,63,53,38,79,89,2,70,61,Research,Business Analyst,77.1,Good,55.0,53.8,Commerce
BBA,HR,4,7.99,80,5.8,2.6,7.4,4.8,99,97,0,3,2,4,69,76,78,42,54,83,82,2,90,87,Higher Studies,Data Analyst,80.0,Good,84.2,61.3,Management
B.Com,Hons,4,7.26,68,3.6,4.2,6.7,5.8,79,84,0,5,5,5,68,32,82,68,52,67,56,1,78,95,Research,Data Analyst,60.6,Average,79.6,65.3,Commerce
B.Tech,IT,2,7.09,63,3.5,2.9,6.2,6.6,96,87,3,6,4,4,61,47,67,58,47,59,66,1,74,79,Startup,Frontend Developer,49.1,At Risk,54.9,58.7,Tech
B.Tech,CSE,2,7.2,64,3.3,4.4,6.4,8.1,81,89,1,6,4,3,82,49,77,88,63,61,70,1,73,83,Higher Studies,Full Stack Developer,57.5,Average,75.8,91.4,Tech
B.Tech,ECE,2,8.25,76,6.0,3.5,6.9,2.9,96,91,0,8,4,7,99,28,76,63,44,61,54,2,95,85,Placement,Machine Learning Engineer,80.1,Good,85.0,72.6,Tech
B.Tech,AI&DS,4,7.39,78,3.6,0.0,7.6,5.8,86,82,1,1,0,0,54,67,60,56,35,69,66,0,35,65,Placement,QA Engineer,60.5,Average,39.5,30.3,Tech
B.Com,Hons,2,8.02,79,4.4,3.9,7.4,7.7,89,94,1,7,2,4,70,27,63,63,65,75,58,2,97,70,Higher Studies,Business Analyst,70.0,Average,84.5,62.5,Commerce
B.Tech,CSE,1,8.67,81,5.7,2.8,5.3,4.4,96,100,0,4,1,3,59,56,97,74,57,87,78,1,67,57,Placement,Data Analyst,84.9,Good,75.3,57.9,Tech
BCA,General,2,7.84,70,5.1,3.5,5.9,6.6,94,89,4,10,6,9,99,62,78,95,74,55,65,2,100,99,Freelancing,Data Engineer,49.8,At Risk,93.2,56.7,Tech
B.Tech,IT,3,6.14,71,3.1,4.3,7.7,4.8,82,81,1,5,4,4,77,66,64,60,43,56,57,1,72,78,Placement,Backend Developer,53.1,At Risk,61.4,59.1,Tech
B.Tech,CSE,4,7.76,85,5.3,3.1,7.0,7.1,94,90,1,5,4,6,76,55,99,67,48,73,82,2,78,100,Placement,Machine Learning Engineer,71.4,Average,83.7,74.4,Tech
B.Tech,CSE,4,7.88,74,4.0,3.6,6.1,6.5,84,89,3,7,4,6,88,40,78,71,47,56,76,1,75,84,Placement,Data Engineer,52.3,At Risk,65.5,63.9,Tech
B.Tech,IT,3,8.19,82,3.7,5.2,6.5,5.6,89,85,2,7,7,8,94,55,100,63,62,70,59,1,91,100,Government Job,Backend Developer,62.9,Average,86.0,64.6,Tech
B.Com,Hons,4,7.42,94,5.3,3.4,7.1,3.4,91,94,0,2,1,2,63,38,52,62,54,43,51,0,36,58,Placement,Business Analyst,80.2,Good,33.0,33.1,Commerce
BCA,General,4,7.67,86,6.3,4.1,6.3,3.5,88,92,0,5,4,6,63,44,75,50,58,52,69,1,79,100,Research,Full Stack Developer,75.9,Good,77.2,70.7,Tech
B.Tech,CSE,4,9.11,91,7.9,3.5,6.4,5.2,100,100,0,7,3,4,63,79,72,75,69,74,79,2,87,82,Research,Data Scientist,94.5,Excellent,77.4,77.7,Tech
B.Tech,CSE,3,7.41,82,6.6,2.5,6.4,3.7,97,97,1,5,2,5,43,75,68,46,79,69,73,1,71,67,Startup,Full Stack Developer,71.0,Average,56.7,60.0,Tech
Law,Corporate,4,7.6,79,4.2,1.0,6.5,6.6,90,81,0,2,0,4,52,81,64,60,34,67,68,0,50,80,Higher Studies,Business Analyst,67.4,Average,53.4,32.3,Law
B.Tech,AI&DS,4,8.35,83,5.9,2.4,7.0,5.2,100,89,0,4,4,6,71,58,68,44,70,59,73,1,59,77,Placement,Data Analyst,79.0,Good,63.6,66.6,Tech
BCA,General,1,7.57,81,3.6,2.5,6.5,8.4,95,89,1,4,3,5,51,47,64,58,63,71,64,0,69,86,Research,UI/UX Designer,66.7,Average,64.1,76.1,Tech
B.Tech,IT,1,7.75,75,4.1,2.0,7.3,5.1,86,80,0,6,1,3,66,59,80,56,52,72,88,1,82,94,Placement,Cloud Engineer,69.2,Average,78.4,63.6,Tech
BCA,General,4,6.28,65,2.8,2.1,6.3,8.0,74,76,2,4,2,5,47,50,51,58,57,62,50,1,52,65,Placement,DevOps Engineer,41.9,At Risk,49.0,23.7,Tech
Law,Corporate,3,7.57,59,2.8,1.1,5.0,7.6,83,89,3,2,2,1,65,58,57,70,44,77,71,0,50,60,Startup,Data Analyst,42.8,At Risk,31.0,47.6,Law
BBA,Finance,1,7.09,75,3.0,1.3,7.2,4.4,81,86,1,4,0,4,55,63,52,65,45,78,65,1,79,54,Government Job,Business Analyst,55.4,Average,52.6,63.9,Management
B.Tech,AI&DS,4,8.19,93,4.9,3.4,6.5,5.1,93,94,0,4,2,4,67,57,60,47,55,52,61,1,64,64,Research,AI Engineer,80.7,Good,68.2,58.1,Tech
B.Tech,IT,1,7.8,77,4.3,2.0,6.9,4.0,97,84,1,7,3,2,70,71,73,88,59,65,68,0,78,91,Placement,AI Engineer,70.9,Average,82.0,60.7,Tech
Law,Corporate,2,7.42,66,4.0,2.3,7.0,5.6,89,82,2,3,1,4,70,44,66,39,49,70,56,1,72,79,Startup,Business Analyst,48.1,At Risk,57.4,65.7,Law
BCA,General,2,7.79,68,3.9,2.0,5.9,8.3,88,82,4,4,3,3,84,34,76,51,77,51,62,0,44,87,Placement,Full Stack Developer,45.4,At Risk,63.7,63.4,Tech
B.Tech,IT,2,8.05,92,6.1,3.4,6.3,5.1,100,100,0,7,3,5,75,61,75,90,62,70,62,1,81,87,Higher Studies,Data Scientist,82.3,Good,78.9,67.7,Tech
B.Tech,IT,2,7.55,89,5.5,2.4,7.5,6.9,93,91,0,5,2,5,83,54,76,51,73,61,49,1,59,68,Government Job,Data Engineer,76.2,Good,66.7,56.5,Tech
BCA,General,1,8.09,68,5.1,2.7,5.9,8.3,94,94,1,4,1,3,61,72,46,56,67,75,77,1,83,77,Higher Studies,UI/UX Designer,68.4,Average,61.0,62.5,Tech
BCA,General,2,7.82,76,4.6,4.2,7.2,4.5,97,94,0,5,5,6,77,42,71,50,49,47,53,1,78,73,Higher Studies,QA Engineer,77.6,Good,65.9,73.6,Tech
BBA,Finance,1,7.66,66,3.7,1.0,7.5,6.7,96,92,0,3,2,2,61,54,59,64,56,61,63,1,63,63,Placement,Business Analyst,74.1,Average,62.5,55.5,Management
BCA,General,3,8.72,100,7.7,5.8,6.9,4.2,100,99,0,8,6,8,100,64,99,63,66,68,69,1,96,96,Government Job,Cybersecurity Analyst,93.1,Excellent,98.0,66.5,Tech
BCA,General,2,7.2,70,2.2,1.8,6.4,6.0,83,83,0,3,1,5,63,39,64,60,55,61,63,1,61,90,Placement,Data Analyst,63.4,Average,65.4,53.4,Tech
BCA,General,3,6.15,72,3.0,1.3,6.9,3.0,82,79,2,1,1,0,61,39,43,37,62,62,50,0,46,64,Higher Studies,DevOps Engineer,43.8,At Risk,22.3,40.8,Tech
B.Com,Hons,4,7.69,82,4.7,2.4,6.8,5.6,90,83,1,4,2,2,72,48,80,67,55,65,75,1,63,72,Higher Studies,Product Manager,63.9,Average,60.4,57.4,Commerce
B.Tech,IT,4,6.79,65,1.6,1.8,7.0,5.6,66,69,1,5,2,2,61,12,50,47,48,45,32,1,65,63,Placement,Cloud Engineer,46.5,At Risk,47.5,44.9,Tech
BCA,General,3,7.47,63,4.0,2.0,6.1,5.7,88,89,0,5,2,3,54,48,70,34,68,52,61,2,68,77,Government Job,Frontend Developer,66.3,Average,64.7,68.5,Tech
B.Tech,IT,3,8.48,91,6.7,3.7,6.6,5.6,97,93,0,6,5,4,71,47,71,58,56,61,77,2,85,82,Higher Studies,Data Analyst,82.8,Good,81.4,63.9,Tech
Law,Criminal,1,8.13,60,4.3,1.5,6.5,8.2,90,93,0,3,3,2,35,61,60,66,44,67,84,1,50,66,Placement,Data Analyst,71.8,Average,51.2,58.1,Law
B.Tech,IT,4,7.47,86,5.4,4.0,7.7,6.6,85,89,0,5,1,4,47,63,77,50,64,57,50,2,67,58,Higher Studies,QA Engineer,72.1,Average,70.0,78.0,Tech
B.Tech,ECE,3,7.04,82,3.9,3.1,7.2,4.6,97,91,2,4,3,6,74,48,92,88,71,63,58,1,46,70,Government Job,Cloud Engineer,60.5,Average,65.4,66.2,Tech
BCA,General,2,7.44,61,2.7,2.2,5.6,8.7,84,84,2,5,2,3,66,46,98,84,55,66,63,1,60,82,Placement,Data Engineer,51.3,At Risk,78.3,63.7,Tech
BBA,Marketing,3,6.75,61,3.0,0.0,6.9,6.4,78,80,3,2,0,0,39,42,40,48,50,57,62,0,48,46,Startup,Business Analyst,35.9,At Risk,23.9,41.2,Management
BCA,General,1,7.91,63,4.5,3.2,5.3,7.8,83,81,0,6,6,4,75,51,90,68,100,70,71,2,86,93,Placement,Frontend Developer,71.7,Average,89.0,52.1,Tech
Law,Corporate,2,6.59,74,5.4,2.0,6.4,5.2,84,82,3,2,1,2,66,61,52,54,31,91,69,0,55,58,Government Job,Business Analyst,46.1,At Risk,38.2,57.6,Law
B.Tech,CSE,1,7.77,83,3.5,5.6,7.0,4.6,90,95,1,7,6,6,84,52,74,54,80,77,63,1,100,90,Freelancing,AI Engineer,73.4,Average,88.4,66.2,Tech
B.Tech,CSE,4,8.3,71,5.1,3.1,5.1,6.0,97,95,0,4,3,3,84,70,77,63,37,71,64,1,52,68,Higher Studies,Business Analyst,80.3,Good,58.7,44.2,Tech
B.Tech,IT,2,8.58,52,5.0,1.9,6.0,9.5,92,95,2,3,1,4,64,47,80,66,66,74,74,1,78,57,Freelancing,UI/UX Designer,62.8,Average,66.0,54.2,Tech
B.Tech,ECE,1,7.72,92,6.1,2.4,7.4,5.7,93,93,0,5,2,8,50,69,67,59,76,63,41,1,88,87,Freelancing,DevOps Engineer,76.6,Good,70.0,55.1,Tech
Law,Corporate,4,7.25,77,4.6,2.8,7.6,3.4,88,90,0,4,2,5,58,80,61,76,52,56,60,0,46,68,Placement,Cybersecurity Analyst,68.4,Average,48.0,43.1,Law
BCA,General,3,7.69,75,6.3,3.3,7.3,6.6,98,91,0,7,5,7,60,32,68,65,73,60,63,1,78,90,Government Job,Cloud Engineer,78.3,Good,88.6,67.4,Tech
B.Com,Hons,3,7.83,93,5.8,3.0,7.5,4.7,95,93,0,4,3,8,67,63,67,84,60,56,80,2,55,90,Placement,Business Analyst,79.5,Good,78.7,61.3,Commerce
B.Com,Hons,4,7.96,63,3.3,2.8,6.1,9.4,83,91,2,8,4,6,71,58,94,54,76,79,81,3,83,93,Startup,Product Manager,53.6,At Risk,89.7,84.7,Commerce
B.Tech,ECE,3,8.31,44,1.9,5.0,6.0,10.0,77,77,4,7,7,4,72,40,87,61,62,50,51,2,81,80,Placement,Machine Learning Engineer,40.1,At Risk,78.0,72.2,Tech
B.Tech,AI&DS,2,7.76,79,4.6,4.4,6.7,6.2,98,87,0,7,5,8,77,52,94,79,67,69,67,1,89,100,Higher Studies,AI Engineer,72.1,Average,94.1,68.8,Tech
BBA,Finance,2,8.32,82,6.2,3.4,6.7,6.0,95,93,0,7,3,7,71,62,66,69,74,86,68,1,86,97,Placement,UI/UX Designer,81.5,Good,78.9,65.5,Management
BCA,General,1,8.07,80,6.0,3.5,7.1,5.4,98,100,1,4,4,5,64,35,80,72,41,72,73,1,61,89,Higher Studies,Cybersecurity Analyst,72.1,Average,67.8,52.2,Tech
BBA,Finance,3,7.19,76,1.4,1.9,7.5,5.4,91,77,4,5,2,4,80,48,66,78,58,59,52,0,62,76,Placement,Product Manager,36.2,At Risk,51.9,60.0,Management
BCA,General,1,8.22,81,6.2,2.8,8.3,7.2,100,100,0,7,4,5,64,46,85,80,62,57,51,0,69,76,Placement,Cloud Engineer,82.8,Good,80.1,49.8,Tech
BCA,General,2,8.39,85,5.6,3.3,7.6,6.7,92,99,0,5,4,7,71,35,75,55,67,56,66,2,80,77,Government Job,DevOps Engineer,81.9,Good,82.4,63.9,Tech
B.Tech,IT,4,6.81,82,3.3,3.7,7.3,4.6,86,81,2,7,4,3,83,79,68,61,62,80,55,2,82,91,Placement,Cloud Engineer,48.2,At Risk,76.5,85.7,Tech
B.Tech,AI&DS,4,7.58,66,3.3,2.0,6.9,5.9,86,80,3,1,1,2,50,57,63,53,46,67,58,0,44,68,Higher Studies,Product Manager,49.0,At Risk,33.0,38.3,Tech
B.Tech,ECE,4,7.8,74,3.2,3.3,6.4,7.4,89,89,0,5,3,4,58,68,66,54,63,91,66,1,78,82,Higher Studies,Business Analyst,76.9,Good,73.8,66.2,Tech
B.Tech,CSE,1,8.05,83,5.4,3.9,6.0,5.3,100,88,0,5,3,7,77,74,76,71,58,63,73,1,80,80,Placement,Data Engineer,75.6,Good,73.9,69.5,Tech
B.Tech,AI&DS,4,7.84,78,3.4,2.0,6.9,8.1,100,92,0,3,1,4,46,40,57,62,47,55,65,1,41,63,Higher Studies,Business Analyst,79.6,Good,49.1,29.7,Tech
BCA,General,1,7.17,65,2.5,4.7,7.3,6.6,83,76,0,7,4,4,76,41,87,89,68,71,59,1,74,80,Higher Studies,Backend Developer,60.2,Average,85.0,68.4,Tech
BCA,General,4,7.38,54,5.0,2.9,7.5,6.1,83,83,2,4,4,1,61,40,72,53,44,50,62,1,62,81,Startup,Data Engineer,50.3,At Risk,55.1,64.4,Tech
BCA,General,3,7.44,56,2.5,2.1,6.8,8.1,82,84,0,2,1,3,47,50,75,48,45,74,57,1,52,79,Startup,Frontend Developer,61.3,Average,51.3,53.6,Tech
B.Com,Hons,4,7.65,75,3.5,3.4,6.1,6.8,86,87,4,5,3,4,66,70,78,72,68,63,57,1,66,67,Placement,Data Analyst,42.2,At Risk,69.0,61.5,Commerce
B.Tech,AI&DS,4,6.91,63,3.4,2.8,6.9,5.5,80,82,3,4,3,5,82,65,65,58,39,59,61,1,55,77,Startup,Cybersecurity Analyst,45.0,At Risk,59.0,45.6,Tech
BBA,Finance,2,8.02,83,6.8,2.4,7.5,7.2,100,100,0,3,0,1,64,62,55,62,56,72,69,0,53,75,Higher Studies,Business Analyst,82.9,Good,50.6,46.4,Management
BCA,General,2,7.37,93,5.7,2.7,6.7,5.5,87,85,3,6,3,5,87,68,48,49,64,79,67,1,77,99,Placement,Cybersecurity Analyst,52.4,At Risk,75.0,62.9,Tech
BBA,HR,4,7.93,81,5.0,2.9,7.5,8.6,94,98,0,4,5,5,72,46,71,65,80,86,71,2,69,82,Startup,Data Analyst,77.2,Good,77.0,65.4,Management
BCA,General,2,7.2,72,3.7,4.0,8.1,6.3,83,82,0,3,3,5,72,36,57,53,21,58,72,0,51,62,Research,QA Engineer,61.3,Average,50.8,34.7,Tech
B.Tech,IT,2,7.09,76,2.9,1.8,7.8,8.6,87,85,1,2,1,5,54,34,64,67,57,39,65,0,35,93,Government Job,DevOps Engineer,57.7,Average,48.7,40.4,Tech
B.Tech,CSE,3,7.03,83,4.3,1.2,7.6,6.8,83,84,2,3,0,2,53,55,74,53,52,59,52,1,47,60,Placement,DevOps Engineer,55.3,Average,49.6,51.9,Tech
BBA,Finance,1,7.56,79,4.8,2.2,8.7,4.7,91,93,0,3,3,2,50,72,65,44,46,71,68,1,66,63,Government Job,Product Manager,68.3,Average,50.1,43.4,Management
BCA,General,2,7.81,71,3.1,2.7,6.8,5.5,82,79,3,4,3,5,82,53,80,59,70,68,67,2,77,75,Higher Studies,Frontend Developer,47.7,At Risk,74.1,70.5,Tech
B.Tech,AI&DS,1,7.44,90,6.5,4.8,7.2,5.2,97,99,0,7,5,7,95,76,76,100,60,53,59,0,71,87,Placement,Backend Developer,80.0,Good,84.2,81.6,Tech
B.Tech,CSE,2,7.99,74,5.3,3.3,6.9,7.7,92,90,0,4,3,4,71,50,71,70,76,51,57,1,55,71,Placement,DevOps Engineer,77.9,Good,70.0,59.8,Tech
B.Tech,IT,4,7.44,62,3.9,2.0,6.0,3.5,87,85,3,4,4,3,81,59,84,62,63,50,55,1,73,83,Placement,Cloud Engineer,50.6,At Risk,54.6,57.4,Tech
BCA,General,4,6.18,78,3.0,3.5,7.2,8.3,76,80,2,6,4,5,65,56,78,63,73,65,62,1,70,80,Placement,Business Analyst,43.3,At Risk,63.1,66.3,Tech
B.Tech,AI&DS,4,8.33,83,5.5,3.1,7.5,2.6,97,94,2,3,2,4,63,41,58,59,41,56,76,1,63,64,Placement,Cloud Engineer,67.4,Average,50.8,42.1,Tech
B.Tech,ECE,3,7.64,82,6.1,5.1,6.9,4.1,100,97,0,9,6,4,77,84,83,74,43,82,71,1,95,82,Freelancing,Cybersecurity Analyst,80.8,Good,85.0,66.0,Tech
B.Tech,CSE,3,7.84,76,5.0,3.4,6.6,8.9,100,95,0,4,2,3,89,59,80,68,62,76,74,2,74,90,Higher Studies,Machine Learning Engineer,76.6,Good,80.0,55.4,Tech
B.Tech,CSE,2,7.95,84,6.8,5.0,5.6,5.3,100,97,0,7,4,8,65,81,79,81,61,69,65,0,79,99,Placement,Data Engineer,81.8,Good,85.0,59.8,Tech
B.Com,General,4,6.88,68,3.0,1.2,8.6,5.0,88,81,2,1,1,3,54,51,51,55,33,66,59,0,39,66,Placement,Business Analyst,51.5,At Risk,33.9,56.3,Commerce
B.Tech,AI&DS,1,8.44,92,6.1,5.1,6.6,5.4,100,95,0,8,6,9,89,62,92,72,78,76,73,2,100,100,Placement,Cloud Engineer,90.6,Excellent,97.6,72.9,Tech
B.Tech,ECE,1,7.38,69,3.3,1.2,7.3,9.1,82,74,2,3,2,1,66,51,52,20,20,54,53,0,45,55,Placement,Business Analyst,50.3,At Risk,24.8,37.7,Tech
Law,Corporate,1,7.28,69,3.4,1.9,7.5,6.4,85,85,1,4,4,4,78,67,68,64,51,63,64,1,68,79,Higher Studies,Business Analyst,58.1,Average,68.7,52.5,Law
BCA,General,2,6.88,65,1.4,2.4,6.7,7.0,67,69,4,5,4,5,70,69,63,54,70,71,41,1,62,72,Startup,DevOps Engineer,29.7,At Risk,56.3,51.8,Tech
BBA,Finance,1,8.51,84,6.8,3.7,7.6,5.5,100,90,0,7,5,5,79,93,85,86,61,79,74,1,84,81,Placement,Data Analyst,79.2,Good,81.8,63.5,Management
B.Com,Hons,3,6.35,71,3.3,0.5,7.7,8.2,80,85,3,1,0,1,53,40,47,36,36,45,49,0,37,53,Placement,Product Manager,38.5,At Risk,20.1,27.9,Commerce
Law,Corporate,1,7.84,69,4.6,1.9,6.8,6.7,99,89,1,3,2,5,67,76,55,61,63,81,95,1,68,77,Government Job,Business Analyst,64.7,Average,76.2,62.0,Law
BBA,Finance,3,6.87,61,2.6,1.6,7.5,6.2,80,76,3,0,1,2,57,62,57,44,45,80,75,0,51,64,Placement,Data Analyst,44.4,At Risk,28.1,36.6,Management
BCA,General,3,8.73,85,6.4,4.1,7.9,3.3,96,97,0,6,4,5,60,66,92,86,71,75,78,2,85,84,Freelancing,DevOps Engineer,87.9,Good,85.0,75.4,Tech
B.Tech,CSE,3,6.81,60,1.0,1.1,7.3,8.8,79,79,1,2,0,2,59,48,59,37,54,83,64,1,49,75,Freelancing,Product Manager,49.0,At Risk,32.1,43.7,Tech
B.Tech,AI&DS,3,7.69,68,3.3,2.9,7.1,6.6,90,93,1,6,4,5,78,59,59,65,56,85,85,2,94,89,Startup,Product Manager,64.1,Average,79.2,68.7,Tech
B.Tech,CSE,3,8.2,59,4.9,1.4,6.8,8.7,90,99,0,5,4,4,94,38,100,84,55,52,75,1,66,90,Research,AI Engineer,67.5,Average,79.9,62.0,Tech
BBA,Marketing,2,6.12,65,2.1,1.9,8.0,4.9,70,72,2,3,2,3,44,18,52,46,51,44,46,0,35,46,Placement,UI/UX Designer,38.6,At Risk,25.9,51.9,Management
B.Com,General,3,8.35,94,7.0,3.7,7.4,4.1,100,100,0,5,3,5,78,62,78,48,61,84,87,2,74,81,Higher Studies,Business Analyst,91.0,Excellent,82.6,52.8,Commerce
B.Tech,AI&DS,2,7.58,73,3.6,4.3,6.5,6.5,86,80,1,6,6,4,92,69,94,82,73,67,76,1,70,75,Freelancing,UI/UX Designer,60.4,Average,81.0,63.9,Tech
B.Com,Hons,2,7.46,70,3.8,0.1,6.5,6.2,89,85,1,2,0,1,33,47,45,38,41,54,54,0,35,51,Research,Business Analyst,61.7,Average,23.9,38.8,Commerce
Law,Criminal,1,6.62,60,2.1,0.5,6.6,6.0,78,73,4,1,0,0,49,25,57,51,42,45,39,0,53,67,Government Job,Cybersecurity Analyst,30.2,At Risk,28.2,40.4,Law
BCA,General,4,9.39,72,6.6,1.9,7.9,7.6,100,94,0,6,3,2,71,47,74,56,45,70,76,1,77,62,Higher Studies,Data Engineer,83.2,Good,67.2,48.6,Tech
Law,Corporate,4,6.75,81,2.1,2.8,8.0,6.2,82,75,3,3,0,5,63,32,71,69,49,45,43,0,61,86,Government Job,Cybersecurity Analyst,44.3,At Risk,51.6,35.0,Law
BCA,General,1,7.93,65,2.4,0.9,6.9,4.9,84,82,1,0,0,2,61,60,45,39,35,61,65,0,36,48,Government Job,Business Analyst,63.2,Average,21.9,34.2,Tech
BBA,Marketing,1,7.53,54,2.5,1.0,7.1,5.7,88,89,2,1,1,2,33,66,38,46,40,84,73,0,40,58,Placement,Product Manager,52.3,At Risk,22.6,48.6,Management
BBA,Finance,2,8.45,85,5.9,2.8,6.7,4.7,100,97,0,4,1,6,35,68,72,73,60,51,73,2,74,70,Placement,Data Analyst,83.7,Good,64.3,65.4,Management
BBA,Finance,2,7.24,72,5.6,1.6,6.9,4.4,94,88,0,2,1,4,50,54,45,41,31,71,72,0,35,61,Placement,Data Analyst,71.1,Average,33.5,38.5,Management
BBA,HR,2,7.67,76,4.1,4.1,6.2,5.5,86,90,0,6,3,4,69,44,73,59,39,74,53,0,76,79,Government Job,Data Analyst,67.9,Average,68.4,54.3,Management
B.Tech,CSE,2,8.6,80,5.8,3.1,5.6,4.8,97,93,0,7,4,4,71,76,87,62,51,69,67,1,82,100,Startup,QA Engineer,82.8,Good,88.5,68.6,Tech
BCA,General,3,7.01,68,2.7,3.0,6.2,2.2,85,79,1,6,3,6,72,54,70,92,52,72,82,2,87,87,Placement,UI/UX Designer,58.1,Average,81.2,68.7,Tech
BBA,HR,2,6.26,68,3.2,2.2,6.5,2.8,77,82,2,3,0,3,54,63,65,58,39,42,61,0,36,69,Government Job,Business Analyst,40.0,At Risk,38.1,24.4,Management
B.Tech,AI&DS,2,8.82,68,5.0,2.6,6.4,6.9,93,94,2,3,4,3,93,62,89,53,49,64,81,0,53,55,Higher Studies,UI/UX Designer,70.6,Average,55.4,35.8,Tech
BCA,General,1,8.74,67,5.5,2.8,7.4,3.8,94,87,1,6,2,2,61,62,72,56,63,61,73,1,78,75,Placement,Backend Developer,71.6,Average,71.2,59.7,Tech
B.Tech,IT,3,8.64,72,4.8,3.6,6.5,5.0,85,99,1,6,4,3,84,67,75,79,67,71,82,1,70,92,Higher Studies,Data Scientist,68.1,Average,76.0,84.4,Tech
Law,Corporate,1,8.44,90,5.4,2.0,6.5,3.3,100,100,0,6,4,5,69,82,86,85,55,70,74,0,66,75,Government Job,Product Manager,84.1,Good,84.1,61.4,Law
B.Tech,AI&DS,4,8.44,81,6.7,4.0,7.6,3.9,100,100,0,5,4,7,76,63,71,66,57,87,80,2,85,88,Higher Studies,Product Manager,82.7,Good,83.7,54.6,Tech
B.Tech,CSE,2,7.67,58,3.9,2.3,6.5,6.3,85,90,3,5,3,3,59,32,82,73,50,69,79,2,82,78,Higher Studies,UI/UX Designer,49.6,At Risk,64.5,51.2,Tech
B.Tech,CSE,2,7.53,64,3.1,1.6,5.6,8.5,83,84,4,2,3,4,48,30,53,48,73,57,61,0,59,74,Placement,Software Engineer,37.2,At Risk,41.6,47.8,Tech
Law,Criminal,3,8.66,97,8.0,4.6,8.1,4.1,100,100,0,7,5,9,86,40,78,78,95,55,56,1,59,95,Higher Studies,Cybersecurity Analyst,93.6,Excellent,81.5,52.0,Law
B.Tech,CSE,4,8.61,77,5.6,2.8,6.9,5.9,100,100,1,4,2,7,63,71,69,83,66,69,72,1,67,63,Higher Studies,Frontend Developer,76.0,Good,74.6,63.5,Tech
B.Tech,IT,1,7.94,85,5.2,2.9,7.0,5.7,91,81,0,5,2,5,65,77,61,42,65,57,75,1,64,73,Placement,Data Scientist,75.4,Good,68.7,51.0,Tech
Law,Corporate,2,9.02,67,3.9,2.7,6.3,6.3,91,88,0,7,4,2,65,49,95,87,50,60,68,2,85,82,Higher Studies,Data Analyst,77.2,Good,90.0,57.7,Law
B.Tech,CSE,4,7.02,70,3.7,1.7,6.7,3.2,84,79,3,4,0,5,73,62,60,73,51,71,66,0,49,63,Government Job,UI/UX Designer,42.8,At Risk,55.8,35.9,Tech
BBA,Finance,4,7.66,72,4.6,2.8,7.0,5.7,88,87,1,5,4,4,82,51,65,54,58,49,59,2,64,81,Research,Product Manager,67.3,Average,63.8,62.5,Management
B.Tech,CSE,2,8.13,73,4.8,1.9,7.1,4.8,97,92,3,4,1,4,63,66,72,57,46,81,67,1,75,59,Placement,UI/UX Designer,58.9,Average,49.2,56.9,Tech
BCA,General,2,7.68,68,4.2,3.5,5.9,8.5,91,85,1,6,3,7,60,55,65,59,46,52,49,1,65,68,Government Job,Frontend Developer,63.2,Average,57.6,60.2,Tech
BBA,Finance,4,8.11,72,5.0,3.5,7.8,4.8,97,99,0,5,4,4,87,49,83,84,52,35,51,0,60,63,Research,Product Manager,75.6,Good,68.9,59.7,Management
B.Tech,AI&DS,1,7.88,62,4.8,2.1,7.2,5.1,93,86,1,1,1,3,48,24,91,63,46,44,58,0,37,65,Government Job,Cybersecurity Analyst,67.5,Average,28.9,37.4,Tech
Law,Criminal,1,8.12,84,5.8,0.5,6.6,4.2,100,100,0,1,2,3,84,45,42,48,55,57,54,0,37,60,Government Job,Business Analyst,82.3,Good,33.9,49.0,Law
BCA,General,3,6.75,68,3.0,1.5,7.0,6.6,88,85,1,3,2,3,52,64,75,74,39,71,63,0,63,76,Research,Business Analyst,54.1,At Risk,58.2,43.4,Tech
B.Tech,IT,3,6.62,73,2.1,0.5,6.4,6.4,76,75,2,2,2,4,32,71,43,68,36,78,59,1,48,57,Placement,Product Manager,43.3,At Risk,28.3,51.9,Tech
B.Tech,ECE,3,7.89,53,4.7,2.6,7.1,6.8,82,85,1,4,4,3,45,49,85,54,62,54,65,1,67,75,Placement,Backend Developer,57.9,Average,63.4,53.7,Tech
BBA,HR,3,8.29,94,6.4,1.9,6.6,4.8,100,99,0,4,2,5,54,54,50,45,55,61,70,1,54,81,Government Job,Data Analyst,82.1,Good,53.0,46.9,Management
B.Com,General,4,6.85,74,3.9,1.3,7.7,10.6,85,78,4,2,1,3,59,57,61,60,55,57,73,0,54,70,Placement,Business Analyst,35.0,At Risk,50.8,38.4,Commerce
B.Tech,IT,2,7.91,85,5.4,4.4,6.5,5.9,100,90,0,6,4,7,77,47,74,67,61,47,43,1,72,74,Government Job,QA Engineer,80.4,Good,81.5,70.9,Tech
BCA,General,2,8.26,67,4.5,4.2,6.8,6.0,92,99,2,5,6,6,73,38,100,77,66,62,67,1,77,77,Placement,Frontend Developer,66.5,Average,75.1,67.8,Tech
BCA,General,4,7.81,85,5.4,2.1,7.7,9.0,97,92,0,3,4,4,30,49,54,54,50,50,77,1,70,69,Government Job,Software Engineer,75.1,Good,51.0,65.9,Tech
B.Com,Hons,2,6.93,69,2.4,3.6,8.0,7.4,80,79,0,6,4,6,76,56,89,62,59,66,60,2,88,70,Startup,Business Analyst,62.0,Average,83.7,57.4,Commerce
BCA,General,4,5.92,67,2.3,2.8,7.2,5.6,72,75,2,1,2,2,56,60,72,64,46,72,54,1,52,75,Higher Studies,Business Analyst,39.6,At Risk,51.0,54.4,Tech
BCA,General,3,7.14,70,2.9,1.3,7.3,5.3,80,82,1,1,3,4,56,48,57,42,49,57,55,0,45,68,Higher Studies,Backend Developer,55.6,Average,42.7,36.9,Tech
B.Tech,AI&DS,4,7.99,78,5.9,4.3,7.3,5.9,100,96,0,5,5,7,78,26,93,36,67,42,61,1,71,81,Placement,Data Engineer,83.0,Good,80.9,71.4,Tech
B.Tech,AI&DS,3,7.18,73,3.2,3.4,7.7,7.2,83,77,3,5,3,4,64,46,75,67,61,68,55,1,61,91,Placement,Backend Developer,44.6,At Risk,70.0,76.3,Tech
B.Tech,ECE,1,8.89,92,6.3,3.9,7.4,2.4,100,99,0,4,4,6,76,48,70,74,63,59,76,1,60,73,Placement,Cloud Engineer,89.3,Good,79.8,53.6,Tech
BCA,General,3,7.69,77,5.2,2.9,7.5,4.7,91,92,2,6,3,6,92,38,73,72,47,61,57,0,59,84,Research,Backend Developer,62.9,Average,76.4,72.5,Tech
B.Tech,AI&DS,2,8.12,80,5.2,2.8,8.6,5.1,94,100,1,4,4,4,71,58,72,72,56,77,71,1,63,83,Freelancing,Data Engineer,73.3,Average,71.7,52.4,Tech
B.Tech,CSE,1,8.02,86,3.5,4.4,7.8,7.8,85,82,1,6,4,5,73,52,66,79,70,66,51,2,87,82,Placement,Data Engineer,69.7,Average,74.6,83.8,Tech
B.Tech,IT,1,6.7,64,3.6,3.1,7.1,4.6,88,80,2,4,3,4,57,73,63,67,48,81,68,1,88,62,Placement,UI/UX Designer,45.3,At Risk,63.4,63.1,Tech
BBA,HR,2,7.62,76,5.5,2.1,8.2,3.9,94,96,1,2,0,4,83,58,45,42,36,65,70,1,60,68,Startup,UI/UX Designer,71.9,Average,55.6,57.2,Management
B.Tech,CSE,1,7.87,68,2.5,0.0,7.5,7.8,93,87,2,0,0,1,55,37,48,49,37,66,58,0,49,76,Higher Studies,Full Stack Developer,54.7,At Risk,33.6,32.2,Tech
B.Tech,AI&DS,1,7.7,71,4.4,2.9,7.1,9.6,84,87,0,2,3,5,72,54,73,58,61,52,50,0,61,82,Placement,Backend Developer,68.9,Average,65.1,73.9,Tech
BBA,Marketing,4,7.47,84,4.8,3.4,6.9,9.0,89,76,2,5,4,4,55,67,81,78,59,67,49,3,80,90,Freelancing,UI/UX Designer,54.2,At Risk,81.8,69.0,Management
B.Tech,CSE,4,8.25,74,6.6,3.7,5.6,7.7,99,100,1,10,7,8,94,56,85,90,92,61,68,3,100,92,Freelancing,Machine Learning Engineer,77.6,Good,95.9,77.2,Tech
BCA,General,4,7.52,66,5.7,2.7,7.1,7.3,87,90,1,3,3,2,77,56,62,72,45,54,69,1,59,67,Research,Data Engineer,66.6,Average,64.8,66.3,Tech
BBA,HR,3,7.45,70,3.6,1.2,7.0,4.9,83,85,2,4,0,3,50,63,60,51,47,82,47,1,61,73,Freelancing,Product Manager,55.7,Average,50.8,43.4,Management
Law,Corporate,3,7.31,78,5.4,3.6,8.3,4.3,86,90,1,4,1,5,100,67,64,58,29,64,61,1,59,71,Government Job,Cybersecurity Analyst,66.5,Average,55.5,47.3,Law
BCA,General,1,7.37,71,4.8,2.7,8.0,4.5,83,87,0,2,3,4,68,60,82,71,34,73,88,0,54,81,Freelancing,Full Stack Developer,63.2,Average,58.2,51.2,Tech
BBA,Marketing,1,7.46,79,4.2,2.2,6.0,5.7,85,96,3,4,2,4,72,74,67,61,56,75,68,0,56,61,Placement,Business Analyst,50.7,At Risk,51.1,40.7,Management
BCA,General,3,8.53,77,3.4,4.8,6.1,6.7,93,86,0,5,6,7,77,28,100,59,74,56,55,1,69,96,Startup,Full Stack Developer,77.2,Good,82.1,80.5,Tech
B.Com,Hons,3,7.06,92,4.3,2.2,7.0,2.4,89,87,0,5,3,4,74,66,59,79,39,71,64,2,67,69,Higher Studies,Business Analyst,67.2,Average,58.0,73.4,Commerce
BCA,General,3,6.78,68,3.0,2.2,6.9,6.9,72,73,1,5,3,2,50,55,71,65,54,37,54,0,42,69,Startup,UI/UX Designer,52.1,At Risk,47.0,36.5,Tech
BBA,Finance,3,7.57,75,4.0,3.8,7.0,4.8,94,91,2,3,2,3,59,69,73,51,60,79,60,2,68,78,Government Job,Business Analyst,61.2,Average,60.1,74.7,Management
B.Com,General,4,6.33,59,1.5,2.3,7.3,5.6,73,75,2,4,1,1,68,56,59,62,48,62,65,2,57,72,Placement,Data Analyst,38.2,At Risk,50.1,61.2,Commerce
B.Tech,AI&DS,3,9.02,90,6.1,2.9,5.7,3.7,100,100,0,4,3,3,58,41,74,69,68,73,87,2,74,64,Higher Studies,Data Scientist,90.6,Excellent,76.9,61.2,Tech
B.Tech,CSE,1,6.74,57,2.9,1.5,7.1,6.1,70,69,1,4,4,4,53,48,68,63,65,59,41,1,66,86,Freelancing,Cloud Engineer,42.8,At Risk,67.7,68.4,Tech
BCA,General,3,8.7,91,6.1,4.4,7.4,2.8,100,100,0,7,3,7,89,71,80,84,53,60,64,2,82,100,Research,Software Engineer,86.2,Good,83.7,93.2,Tech
Law,Corporate,4,7.8,82,5.0,3.6,7.5,2.0,100,95,0,7,6,4,71,45,66,63,70,52,59,0,75,86,Government Job,Data Analyst,76.2,Good,75.3,53.0,Law
B.Tech,ECE,4,7.29,75,3.5,2.3,7.7,6.6,90,89,2,5,2,2,70,46,74,80,49,53,55,1,65,61,Startup,Data Engineer,57.3,Average,58.5,48.4,Tech
B.Com,Hons,4,6.94,73,4.2,0.9,6.2,6.1,91,79,3,2,0,0,70,39,44,72,36,60,56,0,35,74,Placement,Data Analyst,46.0,At Risk,37.3,28.5,Commerce
B.Com,General,2,6.68,68,3.4,2.8,6.4,5.6,86,84,0,5,3,4,65,64,64,82,57,64,55,1,72,73,Placement,Product Manager,62.5,Average,70.0,79.9,Commerce
BBA,HR,2,8.15,96,8.0,3.2,7.5,6.2,100,100,0,4,2,6,69,75,99,60,51,66,76,1,64,83,Placement,Business Analyst,89.1,Good,75.3,72.0,Management
BBA,HR,1,8.53,87,6.2,2.7,7.8,4.6,100,100,0,6,3,5,79,80,72,59,63,77,77,1,89,62,Higher Studies,Data Analyst,82.2,Good,73.3,54.8,Management
B.Com,Hons,2,7.32,79,3.8,2.6,7.5,7.4,87,89,2,3,4,4,71,18,63,66,58,60,57,1,64,82,Placement,Business Analyst,55.3,Average,59.9,54.3,Commerce
BCA,General,3,7.15,66,3.4,3.6,6.2,3.6,82,82,0,5,4,7,64,18,80,64,43,51,53,1,75,93,Startup,Backend Developer,63.3,Average,70.3,72.2,Tech
BCA,General,4,8.39,59,5.2,2.6,6.9,9.9,85,84,1,5,3,5,83,57,79,66,58,69,74,2,87,91,Placement,Frontend Developer,62.4,Average,81.4,68.9,Tech
B.Tech,CSE,4,9.09,77,5.9,4.3,6.5,6.3,100,100,0,6,6,7,79,55,72,72,57,80,80,2,96,81,Research,Data Scientist,87.0,Good,87.2,88.5,Tech
B.Com,General,1,7.48,92,4.0,1.8,7.0,6.2,94,87,0,1,0,3,52,74,42,37,20,66,74,0,42,50,Placement,Product Manager,75.5,Good,25.1,36.1,Commerce
B.Tech,AI&DS,1,7.26,65,5.8,1.4,8.0,7.3,94,91,3,2,2,0,60,30,78,42,49,52,67,0,54,76,Government Job,Cybersecurity Analyst,53.4,At Risk,36.7,58.5,Tech
BBA,Finance,2,6.64,74,3.8,1.1,7.6,5.6,83,86,4,2,2,2,57,37,73,58,38,69,57,0,48,61,Placement,Business Analyst,39.4,At Risk,35.4,46.1,Management
BCA,General,3,7.72,95,5.4,2.7,8.0,3.8,96,94,0,6,4,6,69,72,75,58,79,57,65,1,62,99,Higher Studies,Cybersecurity Analyst,78.9,Good,76.3,68.3,Tech
B.Tech,AI&DS,1,7.93,72,5.8,3.3,6.4,7.6,95,94,0,5,3,5,53,75,59,49,34,55,72,1,57,80,Placement,UI/UX Designer,76.0,Good,63.6,52.6,Tech
BCA,General,3,7.23,67,4.0,2.5,6.6,4.2,92,92,2,4,5,4,64,53,77,67,57,56,57,1,63,81,Government Job,DevOps Engineer,58.6,Average,66.5,64.8,Tech
BBA,HR,3,7.06,58,4.7,0.4,6.9,6.4,93,86,1,1,1,1,49,45,42,70,30,68,67,0,48,77,Placement,Product Manager,56.3,Average,33.5,51.3,Management
B.Tech,IT,4,7.49,71,3.7,2.6,7.5,4.2,94,96,1,5,3,6,70,63,78,42,62,72,64,1,70,88,Higher Studies,QA Engineer,66.3,Average,80.8,51.5,Tech
BCA,General,2,7.67,64,4.3,3.7,5.6,7.2,90,87,1,7,4,5,60,51,68,75,39,73,70,1,99,81,Startup,UI/UX Designer,67.1,Average,75.3,75.6,Tech
B.Tech,AI&DS,2,7.4,84,6.7,3.8,7.7,5.9,95,90,0,6,3,6,79,56,73,49,55,66,68,1,64,98,Government Job,Cybersecurity Analyst,74.4,Average,77.7,80.1,Tech
BBA,HR,1,7.62,63,3.6,0.0,6.7,6.5,90,88,2,2,1,1,59,32,62,45,40,46,52,0,52,94,Placement,Data Analyst,52.9,At Risk,41.8,55.9,Management
Law,Criminal,2,7.27,75,3.2,2.1,8.0,4.1,86,80,0,2,0,5,64,43,74,37,41,73,71,1,45,71,Government Job,Business Analyst,64.7,Average,55.2,53.1,Law
Law,Criminal,3,7.59,75,4.8,2.8,6.8,7.2,86,88,4,4,2,4,56,42,47,73,56,53,52,1,62,74,Placement,Business Analyst,47.8,At Risk,49.3,47.5,Law
BBA,Finance,2,7.32,67,2.8,1.1,7.4,5.3,83,81,2,2,3,3,46,58,65,51,52,83,70,0,53,67,Higher Studies,UI/UX Designer,51.3,At Risk,41.5,36.8,Management
Law,Corporate,2,6.38,72,3.2,2.3,6.8,6.3,84,80,3,4,3,3,73,60,50,60,72,60,58,0,46,81,Placement,Data Analyst,40.3,At Risk,39.2,34.6,Law
BCA,General,4,7.46,63,3.0,1.2,5.6,5.8,87,83,3,3,2,3,53,61,50,60,37,64,52,0,43,44,Placement,Software Engineer,47.3,At Risk,25.0,36.1,Tech
B.Tech,IT,3,7.89,82,3.0,3.8,6.5,3.8,86,85,1,5,3,5,46,70,71,69,50,70,74,2,86,95,Placement,Full Stack Developer,62.2,Average,79.5,61.1,Tech
B.Com,General,2,7.98,67,4.8,2.7,7.2,7.8,92,83,1,5,2,4,50,46,69,62,57,66,59,1,59,74,Startup,Product Manager,63.5,Average,50.8,52.7,Commerce
B.Tech,CSE,4,8.01,71,4.8,4.6,7.3,5.2,88,93,2,5,5,6,83,52,79,91,63,65,58,2,98,86,Placement,Software Engineer,63.5,Average,92.0,72.5,Tech
BBA,Finance,3,7.26,74,4.2,4.6,6.3,5.3,90,81,2,8,5,7,100,64,92,74,72,86,69,2,100,100,Placement,UI/UX Designer,53.8,At Risk,92.3,75.8,Management
BCA,General,2,7.96,76,4.1,4.6,6.7,7.6,97,89,1,6,4,7,79,37,73,67,73,49,73,2,83,79,Startup,Backend Developer,67.0,Average,73.6,81.1,Tech
BCA,General,1,6.77,70,2.8,0.7,6.8,7.7,77,85,3,1,2,2,57,38,51,57,47,62,61,0,35,75,Placement,Frontend Developer,37.1,At Risk,42.7,48.7,Tech
BBA,Marketing,3,7.89,70,3.7,1.0,6.8,6.7,85,86,3,6,3,5,65,48,66,48,59,70,55,0,66,84,Placement,UI/UX Designer,48.3,At Risk,59.4,63.9,Management
BBA,Finance,2,6.95,68,4.7,1.2,6.7,7.6,87,81,0,3,2,3,69,39,70,45,59,65,55,1,57,78,Startup,Product Manager,61.9,Average,63.6,38.9,Management
BCA,General,3,8.65,65,4.5,3.4,6.3,6.3,95,90,0,5,3,6,88,34,95,67,74,50,82,2,66,80,Placement,Full Stack Developer,75.7,Good,70.0,70.3,Tech
B.Tech,CSE,1,6.83,70,3.4,3.0,7.1,3.0,84,82,1,6,6,3,64,68,65,75,51,63,56,1,65,84,Government Job,Business Analyst,56.2,Average,78.7,58.2,Tech
BCA,General,3,7.41,76,4.8,3.0,8.8,3.7,89,84,1,5,4,5,63,76,70,52,54,60,67,1,76,75,Higher Studies,DevOps Engineer,67.5,Average,70.0,80.6,Tech
B.Tech,CSE,4,7.09,74,3.6,2.1,7.4,5.5,86,87,1,3,2,5,64,57,57,37,51,79,48,1,64,58,Placement,Product Manager,58.8,Average,53.0,40.7,Tech
B.Com,General,2,7.26,81,4.7,2.6,8.2,4.9,91,87,0,3,2,5,55,66,58,53,48,81,77,1,66,82,Government Job,Data Analyst,73.1,Average,59.8,49.6,Commerce
B.Tech,AI&DS,2,6.86,77,5.3,2.4,5.9,5.9,89,83,1,5,2,6,71,57,73,62,31,60,60,0,71,78,Government Job,DevOps Engineer,60.3,Average,58.9,66.4,Tech
B.Tech,CSE,4,6.62,72,1.7,3.1,7.3,7.2,82,82,1,5,3,4,87,40,82,63,70,42,63,1,62,85,Placement,QA Engineer,50.0,At Risk,75.6,84.0,Tech
BBA,HR,4,7.02,84,5.2,1.9,7.1,4.5,94,86,2,4,2,5,82,67,54,56,51,94,56,1,58,81,Government Job,Business Analyst,56.6,Average,61.6,43.8,Management
B.Com,General,1,7.8,64,4.3,3.0,7.9,9.2,91,84,1,5,4,4,75,31,77,59,64,51,48,0,62,81,Placement,Data Analyst,61.3,Average,67.6,53.9,Commerce
B.Tech,CSE,2,6.01,47,1.3,2.0,6.8,9.8,71,65,3,4,5,4,67,44,78,57,51,55,43,0,54,87,Government Job,Data Engineer,26.9,At Risk,51.4,47.5,Tech
Law,Corporate,2,7.58,55,3.9,2.1,7.4,8.7,79,76,2,4,2,3,47,65,74,76,47,73,72,1,71,87,Higher Studies,Product Manager,46.3,At Risk,55.4,71.4,Law
BCA,General,2,8.87,87,5.7,5.4,7.0,4.5,100,96,0,9,6,9,85,57,59,82,61,60,67,2,96,96,Startup,Full Stack Developer,91.7,Excellent,97.4,98.0,Tech
B.Tech,CSE,2,7.57,59,5.1,1.8,6.9,5.8,89,90,1,6,4,4,76,39,68,65,83,57,61,1,59,80,Freelancing,Data Engineer,63.4,Average,76.5,67.0,Tech
BBA,HR,3,7.6,84,5.5,1.4,5.7,5.5,89,88,3,6,2,3,65,47,78,48,48,71,62,0,72,83,Placement,Business Analyst,49.2,At Risk,61.4,66.6,Management
BBA,Finance,2,6.59,69,2.6,0.7,6.7,5.1,83,78,3,5,2,3,82,43,81,60,34,68,61,0,63,68,Placement,Data Analyst,40.5,At Risk,53.9,45.9,Management
B.Com,General,2,7.21,81,5.6,2.3,6.6,4.1,92,87,0,0,0,3,68,70,56,53,50,83,74,0,60,76,Government Job,Business Analyst,74.2,Average,49.3,38.3,Commerce
B.Com,Hons,4,7.22,53,3.7,2.0,6.8,7.2,85,77,2,6,5,2,66,58,73,61,66,73,77,2,63,72,Placement,Product Manager,45.9,At Risk,74.5,68.0,Commerce
Law,Criminal,3,8.73,90,5.3,4.6,7.0,6.0,100,94,0,10,5,8,79,69,80,77,73,58,64,1,87,81,Higher Studies,Cybersecurity Analyst,89.2,Good,93.2,66.2,Law
B.Tech,ECE,2,7.58,69,5.2,4.3,5.1,6.9,89,88,1,5,4,3,62,50,89,55,60,64,82,2,76,87,Startup,Machine Learning Engineer,60.6,Average,74.4,76.4,Tech
B.Tech,AI&DS,1,8.58,78,5.0,3.2,4.8,8.5,86,88,2,7,4,5,73,40,90,74,75,74,70,2,89,90,Startup,Data Engineer,66.4,Average,81.5,71.2,Tech
B.Tech,IT,2,7.63,78,3.3,1.8,6.3,7.0,89,90,1,4,0,3,56,39,79,59,64,48,62,0,51,75,Research,Cloud Engineer,60.2,Average,62.7,67.1,Tech
BBA,Marketing,4,7.0,76,3.2,3.1,7.5,4.1,84,75,0,5,4,5,71,40,72,59,68,68,51,1,71,82,Placement,Business Analyst,63.5,Average,64.9,60.1,Management
B.Tech,AI&DS,4,7.15,58,4.0,1.6,7.4,7.5,91,79,4,0,0,4,42,81,58,40,26,62,81,0,51,48,Placement,UI/UX Designer,33.6,At Risk,22.1,40.4,Tech
B.Tech,ECE,1,8.44,81,5.4,4.6,6.0,4.1,98,95,0,7,5,4,66,58,78,65,71,68,69,1,83,82,Placement,AI Engineer,76.4,Good,82.1,80.3,Tech
Law,Criminal,3,6.87,67,3.7,1.1,6.3,10.3,78,83,2,3,3,3,47,39,48,53,49,77,57,1,59,57,Higher Studies,Business Analyst,48.0,At Risk,46.2,50.7,Law
BBA,Marketing,1,7.07,67,3.2,2.1,8.1,6.1,95,92,3,2,0,3,68,42,70,58,66,44,67,0,48,81,Placement,Business Analyst,54.3,At Risk,45.0,60.4,Management
B.Tech,AI&DS,4,9.02,93,7.4,4.7,7.2,3.0,100,100,0,10,6,9,85,57,93,87,88,53,78,2,100,96,Higher Studies,Data Scientist,90.7,Excellent,96.0,75.6,Tech
BCA,General,4,6.14,59,1.0,1.9,6.9,4.6,64,70,2,3,1,3,60,33,59,60,68,31,30,1,52,63,Startup,Software Engineer,35.2,At Risk,36.5,37.0,Tech
B.Tech,AI&DS,1,7.82,85,5.1,3.4,7.3,5.6,91,91,1,4,3,6,74,58,85,64,36,68,72,1,61,82,Placement,Product Manager,70.3,Average,65.9,71.6,Tech
B.Tech,IT,2,7.26,65,4.4,1.0,7.7,4.9,80,88,2,2,3,1,57,43,67,48,56,60,75,0,46,64,Research,Frontend Developer,50.5,At Risk,41.8,52.4,Tech
B.Tech,AI&DS,2,7.13,47,3.7,2.2,7.5,6.4,81,88,2,3,3,1,49,50,72,60,74,67,55,1,47,69,Placement,Business Analyst,49.2,At Risk,47.2,45.8,Tech
B.Tech,ECE,1,8.6,83,6.4,3.4,9.0,6.4,99,97,0,5,5,7,68,53,91,48,64,44,53,0,54,97,Government Job,Software Engineer,89.2,Good,71.3,51.3,Tech
B.Tech,AI&DS,3,7.52,71,4.8,1.5,6.2,7.3,91,86,4,3,1,3,74,64,59,61,35,58,62,1,51,63,Research,Data Analyst,41.9,At Risk,30.4,38.9,Tech
BCA,General,2,6.58,44,1.8,1.5,6.4,7.9,73,74,2,5,4,2,53,74,50,49,55,55,52,0,53,68,Placement,QA Engineer,38.1,At Risk,32.9,46.1,Tech
BCA,General,1,7.6,87,6.3,3.6,7.1,6.6,94,96,0,3,4,6,66,59,64,70,46,56,95,0,63,95,Placement,Cybersecurity Analyst,78.7,Good,63.1,58.3,Tech
B.Tech,IT,1,6.99,59,3.6,1.8,6.2,7.5,79,79,2,4,3,2,75,47,63,49,47,44,56,1,67,73,Placement,Data Analyst,42.6,At Risk,49.5,43.1,Tech
B.Tech,ECE,3,5.5,53,1.0,1.1,6.7,7.8,64,55,3,4,2,1,45,44,45,63,46,54,30,1,45,49,Freelancing,Frontend Developer,22.1,At Risk,27.7,33.3,Tech
B.Tech,CSE,3,7.97,82,5.3,3.1,6.8,5.7,100,97,0,4,2,4,77,55,65,76,61,63,45,1,69,77,Research,Machine Learning Engineer,84.7,Good,61.7,65.1,Tech
B.Tech,CSE,1,7.71,67,3.4,1.3,8.2,5.1,91,94,1,2,3,3,41,66,68,52,50,66,61,0,57,80,Higher Studies,Business Analyst,61.6,Average,56.8,66.6,Tech
BBA,Marketing,3,6.52,49,2.4,3.2,6.7,6.7,80,80,2,3,4,1,45,50,63,51,79,68,71,2,69,67,Placement,Business Analyst,46.1,At Risk,49.1,70.4,Management
B.Tech,ECE,3,6.87,72,4.0,1.8,6.7,6.3,86,84,0,5,1,4,67,54,63,74,48,60,62,1,68,85,Government Job,Data Scientist,62.9,Average,70.4,54.1,Tech
B.Tech,ECE,3,6.1,57,3.3,0.1,7.2,7.4,74,75,3,0,0,2,32,37,34,43,31,42,45,0,35,70,Higher Studies,Cloud Engineer,30.1,At Risk,20.7,26.4,Tech
B.Tech,CSE,3,8.52,75,5.4,2.7,6.0,3.4,90,99,1,6,1,7,80,52,93,41,68,70,50,1,58,93,Government Job,Cybersecurity Analyst,77.9,Good,83.6,72.6,Tech
BCA,General,3,7.93,78,5.6,3.0,7.3,6.9,98,93,1,5,4,4,87,61,66,82,67,62,81,1,74,70,Government Job,UI/UX Designer,72.3,Average,77.8,61.8,Tech
B.Tech,CSE,2,7.23,68,4.3,2.5,7.4,5.2,91,81,1,6,2,4,56,48,81,62,53,74,70,1,67,78,Placement,Data Analyst,60.5,Average,62.0,67.6,Tech
BBA,HR,4,8.17,86,4.9,1.0,7.0,4.3,96,100,0,3,2,3,52,53,59,43,73,58,69,0,53,64,Government Job,Business Analyst,83.7,Good,52.8,57.9,Management
B.Tech,CSE,2,6.62,87,4.4,3.3,5.9,2.5,91,87,2,6,1,7,61,56,66,55,56,60,70,0,61,83,Government Job,Frontend Developer,58.2,Average,64.3,54.2,Tech
B.Tech,AI&DS,1,8.18,69,5.0,4.4,6.6,7.6,88,86,1,6,6,8,75,79,77,68,58,66,74,2,99,89,Startup,Backend Developer,70.6,Average,89.7,77.0,Tech
BBA,HR,3,8.34,75,3.7,2.2,6.8,5.1,97,88,0,4,1,6,65,71,66,47,54,84,65,2,88,92,Placement,Business Analyst,73.1,Average,79.8,53.6,Management
BCA,General,2,7.75,87,5.8,2.3,7.0,6.1,91,88,1,3,3,6,72,57,64,51,68,57,64,1,77,77,Placement,Data Engineer,65.2,Average,65.1,46.4,Tech
BBA,Marketing,3,7.37,68,3.4,2.6,7.5,7.2,83,85,0,4,3,5,62,47,52,58,65,62,66,1,74,84,Startup,Data Analyst,67.8,Average,75.1,70.3,Management
B.Com,General,2,7.81,81,5.1,4.1,6.8,6.2,99,87,0,7,6,5,79,57,78,82,53,60,72,1,73,86,Research,Data Analyst,74.5,Average,81.3,86.2,Commerce
B.Tech,CSE,2,6.72,69,3.1,1.3,9.0,6.1,80,78,2,2,1,3,73,53,63,55,38,62,55,1,68,71,Government Job,Cybersecurity Analyst,45.9,At Risk,47.8,36.1,Tech
B.Tech,AI&DS,3,7.33,70,4.1,1.7,7.3,5.6,86,83,1,3,4,3,65,52,84,49,63,72,69,1,59,77,Research,Business Analyst,56.6,Average,61.0,44.0,Tech
BBA,Finance,3,6.5,60,2.9,0.6,7.6,6.8,76,78,1,0,0,0,46,29,58,43,28,38,64,1,45,70,Placement,Business Analyst,46.4,At Risk,27.4,33.9,Management
BCA,General,2,7.68,67,4.2,2.4,7.4,4.2,90,90,2,4,4,3,48,39,62,52,62,30,57,0,63,70,Startup,Backend Developer,54.8,At Risk,48.4,57.7,Tech
B.Tech,AI&DS,3,6.63,68,3.3,3.8,8.5,8.7,90,84,0,6,3,6,81,64,68,53,69,76,81,1,70,83,Placement,QA Engineer,66.3,Average,77.5,47.2,Tech
B.Tech,CSE,1,7.99,92,3.1,3.5,7.0,5.4,98,95,0,9,5,6,89,67,70,75,50,79,70,1,96,83,Higher Studies,QA Engineer,76.9,Good,95.5,76.2,Tech
B.Tech,ECE,3,8.55,87,7.1,4.4,6.4,5.9,100,100,0,6,3,4,95,87,100,79,48,82,84,1,68,68,Higher Studies,UI/UX Designer,87.2,Good,83.5,79.1,Tech
BCA,General,1,6.74,67,2.6,1.8,7.2,7.2,75,74,0,2,3,4,40,54,46,60,47,64,51,1,63,58,Placement,Cloud Engineer,54.7,At Risk,51.2,30.5,Tech
B.Tech,CSE,1,7.97,76,4.4,3.9,7.0,5.2,81,84,0,7,6,5,82,45,81,58,69,63,73,1,71,72,Placement,Cloud Engineer,74.4,Average,78.6,54.1,Tech
B.Tech,AI&DS,1,8.22,81,5.5,0.4,6.3,6.6,90,90,0,3,1,0,53,59,44,58,51,92,80,0,45,50,Government Job,UI/UX Designer,72.3,Average,39.3,50.8,Tech
B.Com,Hons,3,7.33,85,4.9,3.5,8.2,5.5,97,93,3,4,4,5,78,45,74,70,59,52,73,1,84,84,Government Job,Product Manager,56.5,Average,64.7,71.0,Commerce
B.Tech,IT,2,8.34,65,5.3,2.9,8.3,8.7,91,90,1,5,3,4,67,81,59,75,62,61,67,1,63,77,Government Job,UI/UX Designer,69.0,Average,70.0,52.3,Tech
Law,Corporate,3,8.44,82,5.8,4.1,7.6,6.3,92,95,0,6,3,4,58,53,78,57,77,62,71,1,77,72,Startup,Data Analyst,83.1,Good,75.2,67.8,Law
Law,Corporate,2,7.0,59,4.3,0.5,7.9,4.5,86,80,1,1,1,2,38,62,67,35,51,47,54,0,51,66,Placement,Business Analyst,55.0,At Risk,34.2,47.9,Law
B.Tech,IT,2,8.91,83,7.1,4.3,6.4,4.9,100,100,0,7,3,6,90,47,68,72,43,72,80,1,70,70,Government Job,Data Scientist,88.0,Good,80.7,51.2,Tech
B.Tech,IT,4,7.89,85,6.6,4.7,6.1,3.8,90,99,0,7,5,6,98,35,64,64,67,42,58,2,88,81,Higher Studies,Machine Learning Engineer,80.6,Good,82.1,69.5,Tech
B.Com,Hons,4,7.39,59,4.1,3.5,6.6,5.2,88,81,1,3,2,3,55,71,71,80,54,98,96,2,64,83,Government Job,Business Analyst,58.0,Average,70.0,55.2,Commerce
B.Com,General,1,8.03,62,2.7,1.4,7.3,6.7,80,76,1,2,5,2,57,20,56,64,56,73,64,0,60,59,Freelancing,Product Manager,59.4,Average,50.8,45.6,Commerce
BCA,General,4,8.37,86,6.8,4.6,6.4,5.3,93,97,0,8,6,7,100,48,89,66,79,56,55,0,73,93,Higher Studies,Data Engineer,83.5,Good,93.3,73.1,Tech
BBA,HR,2,8.87,75,6.3,4.6,6.2,7.3,100,99,0,9,4,7,71,63,88,75,75,78,82,2,100,100,Startup,Product Manager,85.2,Good,96.6,66.8,Management
Law,Corporate,3,8.46,74,6.8,3.0,7.5,5.3,100,98,0,5,1,3,52,65,82,82,60,63,65,1,76,93,Government Job,Business Analyst,82.9,Good,77.5,41.0,Law
BCA,General,4,8.19,66,4.6,3.9,6.5,9.9,96,97,0,6,3,5,62,35,71,57,61,67,81,2,87,88,Placement,Data Engineer,78.4,Good,78.2,55.7,Tech
B.Com,General,1,9.06,86,6.1,3.4,7.4,2.0,100,100,0,6,3,6,67,77,90,74,73,97,97,2,88,86,Higher Studies,Business Analyst,95.0,Excellent,96.7,60.5,Commerce
BBA,HR,2,7.81,82,3.4,2.7,6.0,2.8,85,91,1,4,4,5,65,49,79,60,63,62,61,1,67,88,Government Job,Data Analyst,65.0,Average,70.0,58.9,Management
BCA,General,4,9.09,79,6.2,3.7,7.5,4.8,97,95,1,8,6,8,100,64,85,96,82,63,68,2,86,86,Higher Studies,Software Engineer,81.5,Good,96.1,86.5,Tech
BBA,HR,2,8.48,84,6.8,3.2,7.9,5.5,100,100,0,4,2,4,72,51,89,47,40,79,88,0,67,83,Government Job,Business Analyst,89.2,Good,69.9,52.8,Management
B.Tech,CSE,4,7.07,66,5.0,1.6,6.7,6.4,77,84,0,2,0,2,53,55,58,62,44,64,53,1,43,58,Higher Studies,Product Manager,56.3,Average,39.8,37.5,Tech
B.Tech,IT,4,8.41,83,5.2,1.5,6.2,5.8,90,97,1,3,3,2,60,70,61,52,66,54,75,1,79,86,Placement,Data Analyst,69.1,Average,58.1,53.7,Tech
B.Com,Hons,4,6.92,60,4.4,1.7,7.1,6.1,90,91,4,3,3,3,62,60,75,66,68,57,61,0,60,71,Startup,Product Manager,36.6,At Risk,53.1,56.4,Commerce
B.Tech,CSE,3,7.43,84,4.7,0.9,7.2,6.2,92,83,1,1,2,1,57,41,59,44,45,68,69,0,35,56,Placement,UI/UX Designer,63.5,Average,33.5,39.4,Tech
B.Tech,IT,1,9.33,79,6.6,4.5,6.9,6.7,100,100,0,7,5,9,96,65,92,70,84,77,78,1,95,91,Higher Studies,Frontend Developer,97.1,Excellent,94.0,77.4,Tech
BBA,HR,4,8.17,81,5.4,0.1,8.1,5.9,90,90,0,0,0,1,31,42,55,45,50,55,50,0,35,62,Government Job,Data Analyst,76.2,Good,26.7,28.6,Management
BCA,General,1,6.54,68,3.1,2.3,7.0,10.1,86,81,1,3,3,6,62,62,60,74,43,56,50,1,77,86,Placement,UI/UX Designer,55.9,Average,66.2,62.1,Tech
Law,Corporate,1,7.09,65,3.7,1.5,6.8,5.1,82,86,1,4,3,4,54,47,79,48,61,69,53,2,90,88,Government Job,Business Analyst,55.5,Average,72.1,59.6,Law
B.Tech,CSE,2,8.42,76,5.9,3.5,6.5,5.6,95,93,0,5,3,6,88,44,74,53,53,30,47,0,53,84,Research,Data Engineer,74.3,Average,56.3,64.5,Tech
BBA,Marketing,1,7.53,86,4.4,3.7,8.0,2.7,92,95,0,6,5,4,86,59,75,42,52,66,53,1,69,83,Higher Studies,Product Manager,69.3,Average,74.6,63.0,Management
BCA,General,1,8.51,81,6.6,3.8,8.1,7.5,99,96,0,6,4,4,74,66,65,68,76,82,79,1,65,78,Placement,Data Analyst,86.9,Good,75.0,76.2,Tech
B.Tech,IT,3,7.75,68,6.4,1.1,6.6,3.7,100,100,0,1,0,2,51,60,65,56,44,72,76,0,44,84,Startup,Product Manager,76.5,Good,51.1,53.9,Tech
Law,Criminal,4,6.79,67,3.7,1.7,7.6,4.4,88,76,3,3,3,1,74,36,53,57,52,55,53,0,57,71,Placement,Cybersecurity Analyst,38.6,At Risk,54.2,49.1,Law
B.Com,General,2,7.71,72,3.4,3.9,8.4,3.4,89,91,1,5,4,5,79,32,84,50,80,55,75,0,55,64,Government Job,Product Manager,68.3,Average,68.9,35.5,Commerce
B.Tech,AI&DS,2,7.9,84,5.7,3.1,6.6,7.4,98,94,0,5,5,5,77,63,63,76,54,71,76,2,72,86,Placement,Full Stack Developer,75.1,Good,79.5,67.0,Tech
B.Tech,ECE,3,7.59,66,3.7,1.4,6.1,6.9,81,83,0,3,1,1,54,69,57,66,58,73,82,1,49,78,Placement,QA Engineer,67.4,Average,52.5,42.4,Tech
BBA,Finance,2,8.31,67,5.6,2.7,6.7,5.3,99,96,0,5,4,4,58,63,74,71,50,72,65,0,58,86,Research,Product Manager,82.6,Good,65.7,66.7,Management
BBA,Finance,2,7.53,73,3.3,1.4,7.8,6.1,86,92,1,2,2,3,48,38,66,32,28,50,65,0,61,57,Placement,Business Analyst,60.3,Average,28.2,44.0,Management
B.Tech,CSE,4,8.26,80,5.5,4.6,5.9,4.8,100,96,0,10,4,7,78,50,89,73,70,49,75,2,95,100,Startup,Data Scientist,79.6,Good,87.3,78.9,Tech
B.Tech,ECE,1,6.96,83,3.7,2.1,7.7,5.7,85,90,1,5,2,2,50,44,64,56,39,63,83,0,61,66,Startup,Cybersecurity Analyst,62.5,Average,54.6,49.7,Tech
BCA,General,2,8.11,81,5.6,3.4,6.6,2.7,94,92,1,8,4,7,72,63,85,76,63,60,67,2,97,79,Government Job,DevOps Engineer,69.8,Average,92.1,88.7,Tech
BCA,General,1,8.19,83,5.8,4.0,8.1,3.1,100,100,0,4,1,4,91,66,73,71,73,62,74,0,70,65,Government Job,Cybersecurity Analyst,85.3,Good,69.5,36.5,Tech
BCA,General,3,8.63,71,5.0,4.6,6.2,6.7,98,94,0,6,7,7,77,71,89,76,89,77,65,2,84,93,Higher Studies,Data Engineer,79.0,Good,92.3,84.6,Tech
B.Tech,AI&DS,1,7.74,75,4.2,2.8,8.2,6.9,83,86,0,7,5,3,86,39,100,56,55,64,80,1,86,97,Placement,Cybersecurity Analyst,71.7,Average,91.7,68.5,Tech
B.Tech,CSE,4,7.96,73,5.5,4.7,7.3,3.9,100,100,0,8,3,4,89,55,84,71,62,69,70,1,91,85,Placement,Data Scientist,80.3,Good,91.8,61.2,Tech
B.Tech,CSE,2,8.01,84,5.4,4.4,7.6,3.5,96,99,0,5,5,7,76,37,86,65,67,46,40,1,74,81,Research,Machine Learning Engineer,79.9,Good,82.6,59.8,Tech
B.Tech,ECE,4,8.44,61,5.0,5.1,6.8,8.9,92,91,1,8,8,8,77,54,100,68,77,45,73,2,93,100,Placement,Machine Learning Engineer,68.9,Average,95.5,78.7,Tech
B.Tech,CSE,2,7.9,59,4.9,2.7,8.4,7.8,91,86,0,5,1,2,83,56,75,56,49,87,62,1,82,74,Government Job,Full Stack Developer,70.8,Average,73.4,66.0,Tech
B.Tech,CSE,2,7.78,73,4.2,2.6,5.9,5.7,98,86,1,6,3,4,75,71,86,66,59,70,73,1,87,100,Startup,Product Manager,62.3,Average,81.6,80.8,Tech
BCA,General,1,7.45,69,4.7,4.3,7.3,6.2,95,84,2,8,6,5,70,42,82,82,87,57,68,1,93,82,Freelancing,Data Engineer,57.8,Average,95.4,67.0,Tech
B.Tech,AI&DS,2,7.87,74,4.7,4.1,7.4,8.0,83,81,1,7,5,3,88,42,92,59,77,75,67,2,90,91,Higher Studies,AI Engineer,63.6,Average,82.7,64.7,Tech
B.Com,Hons,2,6.53,58,1.3,2.4,5.7,7.0,71,79,2,2,3,2,69,31,59,67,35,43,49,0,45,89,Placement,Data Analyst,41.4,At Risk,47.8,56.0,Commerce
BCA,General,4,8.34,63,5.1,2.8,6.5,8.7,99,99,1,5,6,4,76,71,87,60,81,71,68,2,86,89,Higher Studies,Business Analyst,69.6,Average,85.0,84.4,Tech
B.Tech,AI&DS,3,8.19,77,4.7,3.5,6.4,5.1,90,94,0,5,3,8,74,65,94,72,65,68,76,1,83,94,Placement,Machine Learning Engineer,81.5,Good,80.9,59.2,Tech
B.Com,Hons,4,8.33,87,5.8,6.0,6.9,3.5,98,92,0,9,6,7,89,48,88,84,68,58,77,2,94,100,Startup,Product Manager,83.2,Good,95.4,68.0,Commerce
B.Tech,ECE,4,7.84,59,4.3,2.3,7.0,6.6,85,91,1,5,3,4,65,45,60,55,58,62,63,1,64,62,Higher Studies,Data Scientist,59.8,Average,56.3,58.0,Tech
B.Com,General,1,8.03,85,4.1,2.0,9.0,4.6,92,92,0,5,3,6,62,39,58,78,57,62,56,1,71,88,Placement,Data Analyst,79.6,Good,70.9,57.1,Commerce
BCA,General,2,8.71,74,5.5,2.2,6.8,5.5,96,96,0,5,3,5,60,63,54,62,44,73,70,1,72,79,Placement,Business Analyst,85.9,Good,66.2,68.4,Tech
BCA,General,4,8.52,51,3.1,3.1,5.6,8.9,83,88,1,6,5,4,55,38,69,74,52,74,62,1,76,76,Placement,Backend Developer,63.8,Average,75.8,57.5,Tech
B.Tech,IT,3,7.33,64,3.9,3.1,8.3,5.7,83,85,0,4,4,4,70,47,80,54,68,43,49,0,50,84,Placement,DevOps Engineer,62.5,Average,61.6,47.5,Tech
BBA,Finance,3,7.48,63,3.1,2.0,6.7,7.2,85,83,2,5,3,6,61,53,82,78,51,82,70,2,80,87,Placement,UI/UX Designer,52.2,At Risk,70.7,96.7,Management
B.Tech,IT,2,7.56,59,4.3,1.5,5.9,7.2,85,80,2,4,3,3,63,34,56,46,34,51,49,0,65,82,Placement,Data Engineer,50.2,At Risk,48.5,63.3,Tech
BCA,General,2,8.37,73,4.6,2.7,7.8,5.9,96,91,1,5,5,5,72,70,63,61,68,66,70,1,73,82,Freelancing,UI/UX Designer,71.1,Average,78.0,82.6,Tech
BBA,Finance,1,8.01,83,5.7,2.4,7.8,5.7,100,98,0,5,3,4,70,63,71,53,40,79,68,1,60,73,Placement,Product Manager,84.3,Good,66.0,61.4,Management
B.Tech,IT,1,8.34,77,5.5,3.3,6.7,4.5,92,90,2,7,4,6,92,20,85,62,78,42,56,2,84,89,Placement,Full Stack Developer,67.3,Average,81.9,63.3,Tech
B.Tech,CSE,2,7.72,75,5.3,2.6,7.3,3.5,97,92,2,3,2,3,49,40,64,54,52,58,37,0,52,62,Government Job,QA Engineer,63.2,Average,39.5,57.8,Tech
BBA,Finance,1,7.58,74,4.8,1.3,7.4,7.5,97,94,1,4,2,3,46,29,55,69,62,76,62,0,62,62,Higher Studies,Business Analyst,67.7,Average,50.3,64.9,Management
B.Tech,AI&DS,1,7.56,75,3.6,4.1,7.1,5.7,86,84,0,8,7,5,85,24,100,64,58,57,38,1,81,92,Freelancing,Software Engineer,69.0,Average,85.9,69.4,Tech
BCA,General,4,7.84,81,4.8,3.3,7.1,6.5,94,94,0,4,4,4,69,55,68,81,76,69,68,1,48,87,Research,Cybersecurity Analyst,78.6,Good,66.2,56.5,Tech
B.Tech,ECE,3,7.57,79,4.9,2.2,8.4,4.0,96,91,1,4,2,3,62,55,64,75,67,71,60,1,63,54,Placement,Product Manager,69.7,Average,56.2,59.5,Tech
B.Tech,CSE,3,7.98,85,5.4,4.7,6.0,6.7,90,97,2,10,6,4,73,47,74,88,86,64,86,2,89,77,Higher Studies,AI Engineer,66.3,Average,84.6,70.9,Tech
B.Tech,IT,3,7.75,72,4.9,3.3,7.1,4.5,100,100,0,6,4,7,59,63,65,77,64,69,61,1,67,96,Higher Studies,QA Engineer,77.3,Good,77.0,51.5,Tech
B.Tech,IT,4,7.06,69,2.8,3.3,6.3,7.1,82,77,2,4,3,3,49,44,64,60,52,54,54,1,56,64,Freelancing,Software Engineer,55.2,Average,53.2,59.5,Tech
B.Tech,CSE,1,6.87,67,2.7,1.1,7.1,5.2,79,78,3,3,3,2,74,75,51,65,27,73,52,1,72,65,Government Job,Business Analyst,40.5,At Risk,49.7,62.8,Tech
B.Tech,AI&DS,3,8.21,87,6.2,3.9,6.6,6.1,95,93,2,4,4,5,68,69,80,72,88,63,67,2,88,97,Freelancing,AI Engineer,69.1,Average,85.0,54.7,Tech
Law,Corporate,2,6.47,75,3.0,2.0,9.0,4.9,91,79,3,3,1,4,64,42,55,58,41,72,58,0,45,73,Startup,Cybersecurity Analyst,47.3,At Risk,44.7,61.8,Law
B.Tech,ECE,4,7.49,67,2.8,1.1,7.7,8.8,79,83,2,2,2,3,43,64,60,59,45,61,65,0,41,78,Placement,UI/UX Designer,50.7,At Risk,38.5,33.8,Tech
BBA,Marketing,2,7.29,78,4.7,0.8,7.9,5.2,91,86,1,4,1,2,64,71,73,62,37,46,71,0,46,49,Placement,Business Analyst,59.4,Average,38.7,26.5,Management
B.Tech,IT,1,7.27,86,5.7,2.5,6.8,5.2,94,90,0,5,3,4,77,63,78,57,37,65,66,1,54,80,Placement,Business Analyst,74.6,Average,63.7,48.2,Tech
B.Tech,AI&DS,3,7.2,72,4.6,1.1,7.3,5.6,86,77,3,3,2,2,49,54,52,62,45,35,50,0,55,76,Placement,Backend Developer,43.2,At Risk,33.3,43.4,Tech
BBA,Finance,4,7.49,71,3.6,2.8,6.7,2.8,85,81,0,4,3,7,90,59,79,69,47,81,67,2,74,100,Placement,Business Analyst,65.0,Average,85.0,69.4,Management
BCA,General,3,8.09,70,5.1,2.5,8.0,5.4,99,89,0,5,2,4,58,37,63,72,54,48,68,0,55,65,Startup,Data Engineer,76.8,Good,51.9,31.7,Tech
BBA,Finance,3,8.49,71,5.1,3.3,6.3,6.6,94,94,1,6,5,4,64,82,93,58,77,67,83,1,79,94,Placement,Data Analyst,72.9,Average,79.8,67.2,Management
B.Tech,ECE,1,7.39,63,4.2,1.3,6.5,6.0,90,85,0,4,4,1,26,67,59,40,60,75,85,1,56,71,Freelancing,UI/UX Designer,63.7,Average,49.4,57.1,Tech
B.Com,General,3,7.08,69,4.6,2.7,6.0,6.2,85,92,3,8,4,5,70,45,87,67,69,63,58,1,75,74,Higher Studies,Product Manager,46.8,At Risk,66.4,50.7,Commerce
B.Tech,IT,2,7.08,72,5.9,4.5,7.2,2.9,88,82,0,7,4,6,78,52,57,83,61,53,60,1,75,91,Placement,QA Engineer,66.1,Average,76.4,41.5,Tech
Law,Criminal,4,7.16,52,2.5,0.9,7.1,7.1,74,75,1,1,1,1,63,36,64,66,29,59,51,0,54,69,Higher Studies,Product Manager,51.5,At Risk,32.4,26.4,Law
B.Com,General,2,7.25,61,2.5,1.9,6.5,8.0,87,81,1,5,2,2,45,39,67,76,66,63,75,2,57,76,Higher Studies,Product Manager,54.0,At Risk,60.0,46.0,Commerce
B.Tech,ECE,2,7.81,67,5.0,3.1,5.7,7.1,84,96,2,7,3,3,83,58,98,84,71,64,68,3,94,85,Startup,Machine Learning Engineer,58.4,Average,91.2,82.1,Tech
BCA,General,2,7.61,68,3.4,4.2,8.1,6.4,84,82,2,5,3,5,62,47,55,64,57,55,46,2,81,71,Higher Studies,DevOps Engineer,60.3,Average,54.5,54.0,Tech
BBA,Finance,2,7.36,77,4.5,2.3,7.1,2.7,89,82,1,2,2,6,63,35,38,69,63,55,62,0,47,52,Startup,Business Analyst,60.6,Average,42.9,47.8,Management
B.Tech,AI&DS,4,7.01,63,2.4,3.3,7.2,6.0,76,80,2,4,4,6,66,46,70,72,48,69,52,1,71,85,Startup,UI/UX Designer,50.4,At Risk,65.8,91.8,Tech
B.Tech,AI&DS,3,7.76,82,3.9,2.8,6.7,5.5,91,86,0,4,3,6,87,48,88,69,62,59,55,0,53,80,Higher Studies,Data Analyst,76.0,Good,75.0,58.9,Tech
B.Com,General,3,8.64,90,5.6,3.0,6.3,5.8,100,100,0,5,5,6,57,56,87,68,44,68,68,2,78,93,Government Job,Product Manager,86.2,Good,81.3,65.5,Commerce
Law,Criminal,2,8.36,81,6.4,2.3,7.9,7.2,97,98,0,3,3,5,71,52,69,64,52,76,76,1,75,88,Research,Data Analyst,78.5,Good,67.2,67.9,Law
Law,Criminal,2,8.54,73,4.5,2.5,6.8,6.9,100,100,0,4,3,4,67,82,87,68,57,81,92,1,59,72,Placement,Business Analyst,82.8,Good,72.8,69.2,Law
B.Com,Hons,4,7.2,51,1.0,1.4,6.2,8.0,69,73,2,4,3,3,53,49,75,65,45,68,58,2,77,84,Placement,Business Analyst,41.9,At Risk,70.0,75.1,Commerce
B.Com,Hons,2,7.76,63,3.4,1.1,6.2,9.3,89,81,4,2,2,1,68,48,59,54,65,62,55,0,51,66,Higher Studies,Data Analyst,44.6,At Risk,49.7,44.8,Commerce
B.Tech,CSE,1,6.83,71,3.9,2.3,6.7,6.2,86,87,1,1,2,2,73,32,65,65,74,54,55,0,52,60,Freelancing,Cybersecurity Analyst,57.4,Average,56.3,35.9,Tech
B.Tech,IT,3,7.8,83,5.5,0.5,6.8,8.1,93,94,2,2,0,2,55,57,51,39,58,60,63,0,65,63,Government Job,Business Analyst,66.0,Average,40.7,25.9,Tech
B.Tech,CSE,1,7.83,63,3.3,3.2,7.7,6.3,88,84,1,2,3,5,71,42,70,81,59,54,64,0,47,69,Higher Studies,Frontend Developer,65.9,Average,58.5,42.4,Tech
B.Com,General,2,8.78,83,4.8,1.2,7.4,6.2,97,93,1,2,1,5,41,72,64,71,46,63,65,0,56,67,Government Job,Data Analyst,73.6,Average,50.9,42.9,Commerce
B.Com,Hons,3,7.18,72,4.9,2.5,7.5,5.3,96,94,1,4,2,3,70,59,80,75,65,68,52,2,74,79,Placement,Data Analyst,68.1,Average,70.0,46.7,Commerce
B.Tech,ECE,4,7.63,84,3.9,4.9,6.9,3.8,91,89,1,5,6,7,99,39,86,83,71,64,52,2,71,100,Freelancing,Data Engineer,68.7,Average,92.3,58.8,Tech
B.Tech,ECE,1,7.01,65,2.9,3.8,5.3,3.8,87,89,3,6,5,5,60,58,84,75,55,98,73,1,76,76,Government Job,Cloud Engineer,44.8,At Risk,75.7,62.9,Tech
B.Tech,CSE,3,7.4,76,3.7,1.3,7.6,4.2,85,84,3,3,1,3,43,75,67,64,55,46,67,0,47,78,Placement,DevOps Engineer,47.4,At Risk,29.0,36.6,Tech
B.Tech,AI&DS,1,7.01,74,2.8,3.1,7.5,6.8,84,77,0,6,4,5,75,50,79,61,40,49,53,2,84,98,Placement,DevOps Engineer,66.8,Average,83.5,64.4,Tech
B.Tech,CSE,3,7.35,50,2.0,1.0,6.4,6.7,73,78,2,2,2,2,57,44,59,36,60,57,52,0,37,68,Freelancing,Backend Developer,46.0,At Risk,28.4,58.6,Tech
Law,Corporate,3,8.7,78,6.0,2.4,7.3,6.6,100,96,0,7,5,6,82,77,64,100,68,73,70,2,89,91,Freelancing,Data Analyst,79.4,Good,96.5,81.8,Law
B.Com,General,2,7.2,64,4.4,4.2,6.0,7.5,86,81,2,7,6,5,73,79,59,78,70,94,77,2,100,75,Startup,Product Manager,53.0,At Risk,81.7,56.5,Commerce
BBA,HR,2,8.51,87,5.8,4.1,8.3,6.6,100,100,0,5,2,4,65,89,65,57,48,93,84,1,77,85,Placement,Product Manager,85.7,Good,74.4,72.3,Management
BCA,General,2,8.14,84,5.9,4.5,7.3,6.2,100,99,0,6,3,6,82,75,74,57,76,71,65,1,74,78,Government Job,Cybersecurity Analyst,82.8,Good,81.9,64.2,Tech
BBA,Marketing,4,6.07,71,3.4,1.8,9.0,5.1,86,81,3,0,1,0,32,53,52,33,38,59,53,0,35,40,Higher Studies,UI/UX Designer,36.9,At Risk,22.6,23.0,Management
Law,Corporate,2,6.22,84,5.5,3.0,8.0,6.2,91,85,2,4,4,7,93,66,73,46,45,64,57,1,93,86,Placement,Cybersecurity Analyst,48.4,At Risk,81.6,58.9,Law
BBA,HR,2,6.01,64,1.4,1.7,6.5,3.8,78,70,2,2,1,2,64,31,73,26,44,60,63,0,50,67,Placement,Data Analyst,38.8,At Risk,28.5,66.9,Management
BCA,General,1,7.46,67,3.7,2.3,6.1,7.2,85,85,1,4,4,0,57,70,66,65,49,67,79,0,63,65,Research,Backend Developer,57.5,Average,48.2,48.0,Tech
B.Tech,ECE,2,7.25,71,3.7,3.6,6.3,5.4,88,82,0,6,3,5,86,72,74,58,70,51,58,0,72,75,Higher Studies,Backend Developer,65.2,Average,67.5,48.1,Tech
BBA,HR,1,7.17,65,3.9,1.8,7.6,5.3,85,82,2,3,3,2,58,30,73,73,43,53,51,0,62,80,Startup,Product Manager,49.3,At Risk,55.9,48.5,Management
B.Tech,AI&DS,4,7.48,68,5.2,2.0,6.1,5.1,93,89,0,4,5,6,88,38,70,50,79,59,61,1,78,89,Startup,Data Engineer,68.1,Average,76.1,73.9,Tech
B.Tech,ECE,2,8.31,90,6.6,2.7,7.5,3.9,100,95,0,5,2,4,68,38,58,45,51,69,83,0,73,66,Placement,Frontend Developer,85.8,Good,63.2,56.9,Tech
B.Tech,AI&DS,4,9.06,83,6.4,6.0,6.7,4.9,100,97,0,8,7,7,79,64,83,87,63,76,79,2,91,88,Research,AI Engineer,91.1,Excellent,94.6,75.1,Tech
B.Tech,CSE,1,7.21,76,5.7,0.6,6.9,5.7,91,88,0,2,0,2,60,33,60,47,57,82,61,1,61,72,Placement,Business Analyst,66.6,Average,55.6,43.1,Tech
BBA,Finance,3,7.34,78,4.8,2.6,7.0,5.7,91,85,0,7,1,6,66,49,75,76,61,55,67,2,88,76,Government Job,Data Analyst,67.2,Average,81.1,57.7,Management
Law,Criminal,3,7.14,70,3.6,3.6,6.5,7.7,89,81,3,6,5,6,66,51,89,60,84,61,61,2,95,98,Placement,Data Analyst,46.0,At Risk,87.9,55.5,Law
B.Tech,IT,3,7.56,81,3.2,0.8,8.3,6.1,92,87,1,3,0,3,69,47,59,59,20,60,58,0,56,83,Placement,Cloud Engineer,66.2,Average,48.2,48.8,Tech
B.Tech,AI&DS,3,7.56,68,4.6,0.5,7.5,7.0,93,87,1,1,0,1,44,68,53,54,54,70,61,0,42,66,Placement,Business Analyst,62.8,Average,26.7,43.9,Tech
B.Tech,ECE,1,6.12,69,2.6,1.4,8.4,6.5,82,79,1,2,1,4,45,37,61,46,26,47,52,0,45,86,Higher Studies,Data Engineer,48.5,At Risk,30.4,47.3,Tech
Law,Criminal,3,7.13,64,4.2,3.9,7.4,4.2,88,86,1,9,5,6,73,40,77,63,89,55,68,2,93,90,Freelancing,Cybersecurity Analyst,58.7,Average,96.1,70.3,Law
B.Tech,IT,1,7.5,62,5.0,0.2,6.8,3.5,90,90,2,0,0,3,58,42,52,32,57,56,57,0,46,68,Government Job,Data Analyst,54.4,At Risk,27.4,53.6,Tech
B.Tech,CSE,2,8.37,86,5.6,2.1,7.1,5.5,94,94,0,4,1,4,38,65,48,40,49,64,60,1,65,73,Higher Studies,Cybersecurity Analyst,81.3,Good,50.0,56.9,Tech
B.Tech,IT,4,8.02,69,5.5,1.7,5.9,8.0,86,85,3,2,2,3,65,54,60,63,62,63,75,1,61,70,Government Job,AI Engineer,48.6,At Risk,45.9,56.9,Tech
Law,Corporate,3,7.16,74,3.0,3.5,6.7,5.9,95,85,2,5,3,3,89,39,71,78,52,49,52,0,54,68,Placement,Cybersecurity Analyst,59.8,Average,56.8,34.7,Law
BCA,General,4,6.81,55,1.8,0.2,5.5,7.3,75,77,4,0,0,0,38,60,51,53,27,54,49,0,41,35,Startup,Frontend Developer,26.4,At Risk,20.0,28.3,Tech
BCA,General,4,6.8,78,3.7,4.4,6.9,3.3,94,82,1,6,4,5,70,65,56,48,50,57,59,2,72,90,Placement,Cloud Engineer,59.0,Average,71.7,60.3,Tech
Law,Corporate,2,6.78,82,2.9,3.0,7.4,3.6,84,80,0,3,4,4,76,34,79,68,63,52,56,0,57,91,Placement,Cybersecurity Analyst,66.0,Average,61.5,62.7,Law
B.Tech,CSE,2,6.73,70,2.5,1.7,7.2,6.2,81,79,1,1,0,2,64,28,55,45,40,30,50,0,35,45,Government Job,Backend Developer,52.6,At Risk,23.4,31.7,Tech
B.Tech,CSE,1,7.67,88,4.7,1.7,7.6,4.5,92,99,2,6,3,5,74,44,70,64,73,68,60,1,71,71,Higher Studies,Data Analyst,64.2,Average,61.7,56.7,Tech
Law,Criminal,1,6.92,75,3.6,0.7,6.9,3.2,79,79,3,4,0,0,46,67,65,62,50,65,75,1,73,65,Placement,Business Analyst,40.4,At Risk,52.1,44.6,Law
B.Tech,IT,3,7.32,57,2.8,2.4,6.4,7.6,88,85,3,1,1,0,66,38,52,73,57,48,52,1,42,52,Government Job,AI Engineer,41.3,At Risk,35.4,57.1,Tech
B.Tech,CSE,4,7.42,65,3.3,2.0,7.2,4.5,84,79,4,2,1,3,62,61,50,51,73,76,80,0,58,75,Higher Studies,Software Engineer,39.7,At Risk,45.0,43.3,Tech
BCA,General,1,6.61,57,2.6,2.0,7.3,5.6,86,83,4,6,2,5,66,35,85,55,59,57,56,1,79,85,Placement,UI/UX Designer,36.2,At Risk,70.0,54.2,Tech
B.Com,Hons,2,7.6,59,2.7,0.9,7.0,8.4,87,79,0,3,2,1,60,56,60,60,52,85,59,0,65,75,Placement,Data Analyst,60.6,Average,56.6,53.0,Commerce
BCA,General,4,7.3,62,4.0,3.5,8.1,7.7,83,82,3,4,3,3,63,45,74,43,60,56,50,0,66,100,Higher Studies,Backend Developer,49.2,At Risk,62.3,57.0,Tech
B.Tech,IT,3,6.71,60,3.2,1.1,6.7,7.9,81,83,1,1,1,0,54,47,56,52,49,69,63,0,48,56,Placement,Business Analyst,48.2,At Risk,32.4,55.4,Tech
B.Tech,ECE,2,7.73,62,4.2,2.1,7.6,8.2,89,91,1,5,4,1,59,52,69,71,55,73,71,1,57,68,Startup,Data Analyst,61.4,Average,55.4,66.2,Tech
B.Tech,ECE,4,8.27,76,5.8,2.1,7.3,6.6,100,93,1,3,3,2,64,56,93,73,41,50,61,0,53,73,Research,Backend Developer,74.9,Average,57.1,54.5,Tech
B.Tech,CSE,2,8.08,72,4.8,2.2,7.8,5.5,100,91,0,4,1,4,72,45,56,67,40,63,75,1,66,68,Research,Business Analyst,76.5,Good,62.4,54.8,Tech
B.Com,General,2,7.04,63,4.3,2.0,8.3,4.9,83,80,1,2,0,2,61,51,46,60,64,52,69,0,55,63,Government Job,Product Manager,56.8,Average,30.3,38.4,Commerce
BBA,Marketing,2,7.11,71,3.9,1.2,7.4,6.7,91,85,4,3,2,4,69,55,62,61,45,46,52,0,50,70,Placement,UI/UX Designer,39.3,At Risk,36.1,57.0,Management
B.Tech,AI&DS,2,6.86,64,4.1,2.2,6.9,6.8,90,83,0,3,2,3,47,30,54,62,38,51,57,0,68,57,Placement,QA Engineer,59.8,Average,35.8,50.2,Tech
BBA,Marketing,2,8.45,77,5.5,2.9,7.0,3.3,95,100,0,7,6,6,95,65,100,87,62,58,72,1,94,81,Placement,Business Analyst,77.0,Good,87.0,76.8,Management
B.Tech,AI&DS,2,8.06,96,7.1,4.9,7.4,4.2,100,100,0,6,3,7,77,98,65,87,70,81,68,1,73,86,Government Job,Product Manager,83.3,Good,78.8,42.0,Tech
B.Tech,CSE,1,7.63,80,4.3,3.7,5.8,7.0,95,94,1,5,4,4,67,43,61,83,52,69,82,1,73,70,Placement,QA Engineer,66.4,Average,62.9,47.7,Tech
B.Tech,AI&DS,3,6.79,91,5.2,3.6,6.4,5.0,96,94,0,5,3,3,68,64,73,49,61,62,65,1,52,66,Startup,Product Manager,68.8,Average,59.4,52.4,Tech
B.Tech,CSE,3,7.68,80,4.5,2.7,7.0,5.4,93,85,1,5,4,4,100,42,80,71,64,62,65,0,72,88,Government Job,Backend Developer,67.3,Average,80.3,70.9,Tech
Law,Corporate,3,7.11,82,5.9,2.3,6.7,4.6,98,91,0,5,2,3,71,57,80,55,43,58,51,0,51,70,Placement,Business Analyst,70.7,Average,60.2,54.3,Law
B.Tech,IT,2,7.28,69,3.1,3.9,7.4,5.2,85,86,0,6,4,6,73,49,69,60,57,45,48,0,58,72,Freelancing,Machine Learning Engineer,60.9,Average,55.8,54.5,Tech
BBA,HR,1,8.22,67,4.8,2.3,6.8,6.7,90,87,3,3,4,4,60,46,77,68,64,63,64,0,52,81,Government Job,Business Analyst,61.6,Average,54.3,32.6,Management
BBA,Marketing,3,7.98,76,4.4,3.3,7.1,8.2,93,94,1,7,3,3,75,68,68,63,67,67,72,1,67,77,Startup,UI/UX Designer,67.9,Average,73.6,60.6,Management
Law,Corporate,2,7.0,63,3.5,0.9,8.6,5.5,84,83,2,2,0,1,78,47,64,44,41,84,77,0,44,68,Higher Studies,Business Analyst,45.2,At Risk,28.7,28.2,Law
B.Tech,IT,3,7.53,75,3.7,2.6,6.8,6.0,89,86,1,2,4,4,68,32,58,54,56,53,56,1,60,81,Startup,Backend Developer,66.3,Average,53.1,32.2,Tech
B.Tech,ECE,2,6.14,63,2.1,1.8,7.6,8.7,76,83,2,2,3,1,59,42,77,60,31,43,49,1,49,80,Research,Backend Developer,43.1,At Risk,29.2,34.7,Tech
B.Tech,CSE,2,8.36,86,6.8,4.0,7.6,7.5,100,100,0,7,2,7,87,95,81,73,65,79,69,2,91,78,Freelancing,AI Engineer,82.7,Good,86.6,67.6,Tech
BCA,General,2,8.95,74,4.8,3.8,7.4,5.3,100,100,0,7,5,8,98,65,77,68,58,67,72,1,90,89,Startup,Data Engineer,82.0,Good,86.1,74.2,Tech
B.Tech,AI&DS,2,6.85,76,3.6,1.8,6.1,5.8,82,84,0,5,3,6,68,53,89,56,55,58,50,2,80,83,Placement,Software Engineer,59.6,Average,74.2,74.5,Tech
Law,Corporate,3,6.87,71,3.9,3.3,6.0,7.2,82,83,0,5,4,2,69,53,86,71,61,67,64,2,70,92,Freelancing,Data Analyst,65.2,Average,70.5,61.8,Law
BBA,HR,1,7.16,65,6.2,1.4,6.8,6.1,89,82,2,2,2,2,52,60,59,44,49,62,62,0,44,68,Higher Studies,UI/UX Designer,52.4,At Risk,27.4,38.9,Management
BCA,General,2,8.18,77,4.1,3.2,5.8,5.6,87,84,0,5,4,2,61,69,73,71,57,59,62,1,77,65,Placement,Backend Developer,71.6,Average,71.4,55.1,Tech
Law,Criminal,2,8.38,74,4.9,2.7,6.2,6.0,91,93,1,5,1,4,98,57,70,66,66,77,57,1,70,62,Government Job,Data Analyst,71.5,Average,66.6,53.3,Law
BBA,Marketing,3,6.55,69,2.7,0.0,7.1,5.4,76,80,4,0,1,2,30,54,57,43,41,59,70,1,35,86,Freelancing,UI/UX Designer,33.7,At Risk,20.7,26.9,Management
B.Com,General,2,8.25,74,5.4,5.0,7.6,5.6,95,92,0,6,5,7,98,41,94,59,66,53,57,1,77,94,Higher Studies,Data Analyst,75.9,Good,79.8,72.4,Commerce
Law,Corporate,1,7.88,65,4.2,3.5,7.0,6.8,85,92,3,5,3,3,55,52,66,86,53,47,48,1,52,66,Freelancing,Cybersecurity Analyst,52.0,At Risk,56.7,47.8,Law
BCA,General,2,8.61,93,5.9,3.6,8.4,4.3,100,96,0,6,4,7,100,61,78,62,69,53,78,1,78,74,Placement,QA Engineer,83.3,Good,84.7,78.1,Tech
BBA,Finance,2,7.72,70,4.5,0.9,6.6,6.2,89,83,4,3,3,4,46,19,55,54,61,66,69,1,60,55,Higher Studies,Product Manager,49.8,At Risk,49.7,55.7,Management
B.Tech,AI&DS,4,6.94,70,4.7,2.3,6.7,8.6,89,80,4,1,1,1,64,54,58,71,53,73,67,1,46,65,Freelancing,Machine Learning Engineer,44.2,At Risk,34.0,40.5,Tech
BCA,General,3,8.37,67,4.1,2.6,5.8,8.8,83,83,2,5,4,4,70,48,75,79,51,65,52,1,67,88,Higher Studies,Backend Developer,61.9,Average,70.2,61.6,Tech
B.Tech,IT,1,7.6,62,3.2,1.7,6.8,8.1,83,83,2,4,4,2,60,57,66,58,62,68,61,0,51,69,Freelancing,Software Engineer,51.9,At Risk,50.8,50.0,Tech
B.Tech,ECE,3,7.91,73,3.1,0.6,7.0,8.0,84,86,2,3,2,3,47,44,53,55,42,66,57,1,63,64,Placement,UI/UX Designer,57.9,Average,45.4,51.5,Tech
BCA,General,1,8.37,77,6.5,4.9,7.2,3.3,98,100,0,7,5,6,92,65,88,85,57,61,55,1,74,90,Freelancing,Cybersecurity Analyst,78.7,Good,87.1,42.7,Tech
BCA,General,2,7.4,75,4.9,3.0,7.9,5.7,79,76,1,6,4,5,63,36,76,50,68,46,49,0,47,85,Placement,Cybersecurity Analyst,59.7,Average,56.1,43.0,Tech
BCA,General,1,6.56,53,2.7,2.8,6.2,7.2,67,73,1,4,3,1,74,68,68,52,38,77,62,0,78,86,Freelancing,UI/UX Designer,40.8,At Risk,54.5,77.1,Tech
B.Tech,IT,3,8.58,69,5.9,4.4,5.7,4.8,100,96,0,7,4,8,86,78,82,81,78,60,62,2,86,100,Startup,Cloud Engineer,79.4,Good,90.2,76.5,Tech
BBA,Finance,1,7.68,68,5.1,1.0,8.7,8.9,90,87,1,4,2,2,46,55,88,82,56,52,62,1,54,90,Government Job,Data Analyst,61.6,Average,66.3,70.5,Management
B.Tech,IT,4,7.96,84,5.3,2.6,6.4,6.5,100,94,0,5,5,3,100,60,69,58,69,64,60,1,73,64,Placement,Cloud Engineer,78.3,Good,70.4,55.7,Tech
B.Com,General,1,7.17,75,4.0,1.9,6.8,4.8,74,79,4,2,2,2,48,46,43,54,41,60,53,0,41,48,Placement,Product Manager,38.9,At Risk,22.3,17.8,Commerce
B.Tech,AI&DS,4,8.86,83,5.3,4.7,5.9,8.6,96,94,0,7,6,7,92,60,100,58,69,54,64,2,83,76,Freelancing,AI Engineer,87.2,Good,90.7,69.9,Tech
BCA,General,4,8.73,81,4.6,2.2,6.7,5.7,91,94,0,6,2,5,62,57,79,68,46,57,61,1,70,82,Research,QA Engineer,81.5,Good,75.4,59.1,Tech
B.Com,Hons,2,7.32,72,6.1,1.7,5.9,5.4,95,94,1,3,0,4,59,56,73,60,48,67,65,0,60,79,Placement,Business Analyst,63.2,Average,48.5,39.2,Commerce
B.Tech,IT,2,7.96,70,5.8,3.6,6.8,7.7,100,95,3,4,4,6,59,54,80,66,89,87,88,1,83,96,Startup,Business Analyst,61.6,Average,79.7,83.3,Tech
B.Tech,AI&DS,2,8.12,71,6.1,2.9,6.6,8.4,87,91,1,5,4,4,70,82,64,53,40,79,68,2,80,88,Higher Studies,UI/UX Designer,68.7,Average,80.5,85.5,Tech
B.Tech,CSE,3,7.4,60,2.7,1.3,6.0,7.7,78,76,3,4,2,1,65,42,74,57,72,57,70,1,57,66,Placement,Data Analyst,44.1,At Risk,49.1,43.2,Tech
B.Com,Hons,1,6.81,47,2.2,1.9,6.1,7.6,86,87,1,5,3,3,50,62,56,75,34,62,46,1,66,74,Startup,Product Manager,48.9,At Risk,59.9,74.7,Commerce
BBA,Finance,2,7.92,95,6.6,4.5,7.9,4.7,100,97,0,7,5,7,97,57,75,84,75,65,69,2,84,95,Placement,Product Manager,77.0,Good,86.1,81.8,Management
BBA,Marketing,1,7.6,80,5.3,3.4,7.1,5.7,100,87,0,7,5,7,78,70,70,77,53,69,82,2,92,85,Placement,Data Analyst,74.0,Average,84.3,59.4,Management
BBA,HR,2,7.64,72,5.7,0.9,8.4,2.2,95,95,0,4,0,4,46,82,60,50,57,89,84,1,67,65,Placement,UI/UX Designer,78.5,Good,59.5,65.7,Management
B.Tech,CSE,1,8.58,76,4.9,4.3,7.7,8.5,91,98,0,6,3,4,79,46,86,70,67,47,48,2,81,81,Government Job,Data Scientist,82.6,Good,84.6,72.6,Tech
B.Tech,AI&DS,4,6.54,60,1.9,2.6,7.2,7.7,75,76,4,3,3,4,50,44,74,57,38,70,61,2,50,69,Placement,Frontend Developer,28.5,At Risk,48.8,54.4,Tech
Law,Criminal,2,7.51,81,3.9,1.8,8.0,3.1,78,83,2,2,2,3,58,58,65,58,49,68,52,1,64,72,Higher Studies,Product Manager,56.7,Average,45.8,31.2,Law
B.Com,General,1,6.75,73,3.4,2.3,6.6,8.1,82,86,0,6,3,4,56,50,66,78,70,68,61,0,57,59,Startup,Product Manager,62.8,Average,53.7,53.1,Commerce
Law,Corporate,2,7.92,83,7.3,4.6,6.5,3.9,100,100,0,6,5,5,89,63,84,83,64,65,78,1,79,83,Startup,Business Analyst,84.1,Good,84.0,56.4,Law
BBA,Finance,1,7.73,85,4.9,3.2,7.2,5.0,96,89,0,7,3,6,67,80,68,73,50,65,66,0,63,84,Government Job,Data Analyst,74.7,Average,75.4,78.8,Management
B.Tech,IT,1,7.67,78,5.6,4.1,7.3,4.8,96,88,2,7,3,6,67,68,68,52,54,74,75,1,85,79,Placement,Business Analyst,63.4,Average,76.5,56.0,Tech
BBA,Marketing,1,7.61,82,4.8,2.7,5.7,6.8,97,90,0,6,2,3,69,60,81,67,36,57,60,0,55,88,Freelancing,Business Analyst,75.1,Good,66.5,38.5,Management
B.Tech,ECE,3,7.23,83,4.8,2.6,6.7,4.7,90,86,0,4,2,5,72,67,73,68,61,57,48,2,74,85,Government Job,Frontend Developer,68.1,Average,73.3,70.0,Tech
B.Tech,CSE,1,7.06,47,3.4,1.0,6.3,7.4,78,77,0,2,3,1,43,44,61,64,36,74,55,0,52,71,Higher Studies,Business Analyst,52.3,At Risk,38.8,34.7,Tech
BCA,General,4,8.24,70,4.5,5.7,6.4,5.6,93,87,2,8,7,6,100,45,89,80,89,69,63,3,94,100,Government Job,Frontend Developer,65.2,Average,94.2,97.0,Tech
BCA,General,4,7.62,64,4.5,2.4,8.3,7.3,95,83,1,5,2,3,77,52,67,58,54,71,65,1,54,79,Placement,Software Engineer,65.5,Average,57.4,45.8,Tech
B.Tech,CSE,4,7.98,78,5.7,2.8,7.7,4.9,92,91,2,7,4,6,73,41,85,88,77,45,62,0,81,93,Higher Studies,Backend Developer,65.8,Average,85.0,75.1,Tech
B.Tech,ECE,1,6.48,60,1.0,0.1,6.4,4.6,65,70,4,0,1,1,35,38,34,57,40,35,30,0,35,54,Placement,Machine Learning Engineer,23.8,At Risk,20.0,23.8,Tech
BCA,General,3,8.15,83,6.3,3.3,6.7,6.6,98,100,0,4,2,5,58,62,81,60,74,64,64,1,72,90,Higher Studies,UI/UX Designer,83.6,Good,74.2,58.8,Tech
BCA,General,3,8.04,67,4.9,3.7,6.8,5.6,92,92,1,6,3,4,70,27,86,49,62,66,66,2,77,88,Startup,Cloud Engineer,75.2,Good,80.3,70.2,Tech
B.Tech,IT,4,6.99,79,3.6,3.1,7.2,4.7,92,83,1,3,3,6,68,79,68,60,57,64,62,1,70,67,Placement,Machine Learning Engineer,61.3,Average,67.0,53.1,Tech
BBA,Marketing,2,7.41,41,4.0,0.9,5.4,7.1,87,84,2,2,2,3,52,44,35,48,68,69,61,1,58,58,Government Job,UI/UX Designer,51.0,At Risk,31.6,51.7,Management
B.Tech,CSE,3,6.57,67,3.6,2.0,6.3,4.6,80,80,2,6,4,7,71,28,71,55,69,55,61,1,72,86,Placement,Software Engineer,50.3,At Risk,75.7,58.3,Tech
B.Tech,CSE,3,7.18,65,4.5,3.3,6.1,5.3,85,80,1,5,5,5,86,43,75,68,52,79,67,2,75,81,Placement,Backend Developer,58.0,Average,73.6,83.1,Tech
B.Tech,ECE,1,7.64,84,5.8,1.2,5.7,2.1,100,91,0,4,3,4,70,63,79,65,71,71,74,1,61,81,Startup,DevOps Engineer,76.5,Good,76.3,72.5,Tech
B.Tech,CSE,3,7.23,74,3.4,3.5,7.9,8.0,85,92,1,5,3,4,70,62,89,76,58,73,63,1,69,93,Freelancing,Data Analyst,64.3,Average,73.1,47.5,Tech
BCA,General,3,8.39,72,6.1,2.9,7.4,5.2,100,99,1,4,0,5,82,53,64,68,48,76,75,2,70,70,Research,UI/UX Designer,80.0,Good,63.7,81.7,Tech
B.Tech,AI&DS,4,8.62,82,4.3,5.9,7.1,4.9,98,93,0,7,7,9,98,54,100,89,78,59,59,2,93,100,Research,Backend Developer,84.8,Good,95.7,83.8,Tech
BBA,Marketing,4,8.28,68,5.6,3.9,8.1,5.4,96,89,0,7,5,8,92,70,86,67,75,73,81,2,96,100,Government Job,Product Manager,78.4,Good,93.0,68.4,Management
BBA,Finance,1,6.96,69,3.7,2.4,8.8,6.5,86,80,2,5,2,4,64,65,67,50,34,51,55,1,63,79,Startup,Product Manager,50.4,At Risk,52.4,55.7,Management
B.Tech,ECE,3,8.79,82,6.9,2.8,6.6,5.6,100,96,0,5,3,4,61,83,90,78,41,81,82,1,80,80,Higher Studies,DevOps Engineer,83.1,Good,75.6,67.3,Tech
BCA,General,2,7.21,96,5.0,1.4,8.1,2.9,92,86,1,3,1,3,58,65,58,56,48,62,63,1,70,69,Research,Data Analyst,68.5,Average,62.2,65.8,Tech
BCA,General,3,6.34,60,1.7,0.2,7.0,4.9,78,73,2,0,0,1,27,55,63,58,54,48,53,0,38,66,Research,Data Analyst,37.3,At Risk,21.2,45.8,Tech
BCA,General,1,8.04,71,6.2,1.9,6.9,6.5,100,94,0,3,1,2,55,54,79,51,61,73,73,0,54,83,Government Job,Business Analyst,73.3,Average,59.9,66.8,Tech
B.Com,Hons,2,9.6,89,8.0,4.2,6.2,2.8,100,100,0,4,3,3,75,66,78,45,69,75,75,0,54,55,Placement,Product Manager,95.1,Excellent,62.0,36.8,Commerce
BCA,General,2,7.69,86,2.8,2.0,6.0,5.3,96,100,0,4,3,1,74,48,76,49,50,73,67,0,72,73,Higher Studies,Data Analyst,71.4,Average,59.9,59.2,Tech
B.Tech,AI&DS,3,8.66,76,5.9,2.8,8.6,3.5,97,99,0,4,3,4,73,42,66,56,57,65,71,1,66,98,Research,Cloud Engineer,80.8,Good,62.0,54.6,Tech
B.Tech,AI&DS,3,7.32,75,4.8,1.6,6.4,6.4,94,88,1,4,4,1,59,48,68,66,50,75,66,2,85,77,Freelancing,UI/UX Designer,63.6,Average,72.8,50.0,Tech
B.Com,General,4,6.99,74,4.1,1.8,6.8,6.8,78,83,1,2,2,1,66,49,61,73,31,54,49,1,49,71,Higher Studies,Product Manager,53.6,At Risk,37.5,35.0,Commerce
B.Tech,ECE,1,6.49,67,2.8,2.7,7.7,5.2,88,78,1,3,2,3,71,36,66,54,40,63,64,1,55,45,Placement,Business Analyst,54.9,At Risk,40.1,35.6,Tech
B.Tech,IT,2,7.35,71,4.3,3.1,7.3,6.4,85,94,3,5,3,5,51,46,77,44,48,52,58,0,63,78,Government Job,Data Scientist,47.1,At Risk,55.5,58.7,Tech
BBA,Finance,3,7.3,82,4.3,2.5,7.3,6.9,86,87,0,4,3,5,81,27,51,66,59,56,70,0,72,58,Government Job,Product Manager,69.5,Average,58.3,49.6,Management
B.Com,General,2,7.95,63,5.1,1.6,7.2,4.0,92,90,1,4,4,4,45,59,65,55,49,73,84,1,72,90,Freelancing,Business Analyst,67.1,Average,64.0,63.3,Commerce
B.Tech,ECE,4,7.8,71,3.8,4.5,7.9,3.7,94,94,1,5,5,5,100,81,80,60,56,68,54,1,57,84,Freelancing,Full Stack Developer,72.1,Average,69.4,61.4,Tech
B.Tech,AI&DS,2,8.76,68,6.2,4.1,7.0,2.6,100,99,0,6,4,6,69,46,86,76,68,64,62,1,77,79,Placement,Software Engineer,86.7,Good,84.4,69.8,Tech
BBA,Finance,3,7.21,70,4.3,4.4,7.8,7.7,81,85,0,6,3,4,73,65,69,67,50,73,69,1,77,77,Placement,Business Analyst,66.3,Average,71.1,66.6,Management
B.Tech,CSE,1,8.45,80,6.1,2.4,6.9,3.8,100,98,0,3,4,3,62,43,56,58,41,51,62,0,49,66,Freelancing,Data Analyst,83.3,Good,55.2,42.5,Tech
B.Tech,CSE,4,7.51,73,5.1,2.6,8.4,4.1,90,90,1,2,1,2,68,67,53,46,53,60,65,1,66,65,Higher Studies,Business Analyst,64.7,Average,45.6,49.2,Tech
B.Com,Hons,1,6.43,57,2.4,0.0,7.0,7.0,77,78,2,2,0,1,32,51,50,37,52,60,44,0,35,63,Research,Data Analyst,42.1,At Risk,24.6,32.6,Commerce
B.Tech,IT,2,7.21,67,3.6,0.0,6.7,8.1,92,84,4,1,1,2,43,41,56,40,35,47,49,0,35,59,Government Job,Cybersecurity Analyst,38.4,At Risk,23.0,31.4,Tech
B.Tech,CSE,2,7.65,77,5.0,2.6,6.7,6.9,93,81,0,4,2,3,66,36,81,69,40,75,59,2,65,85,Placement,AI Engineer,72.5,Average,70.2,52.9,Tech
BCA,General,2,8.11,59,4.4,2.2,6.7,7.3,88,83,1,3,3,4,62,2,60,63,56,53,62,0,43,69,Placement,Data Engineer,63.3,Average,49.9,52.0,Tech
BBA,HR,2,6.8,67,2.8,1.6,8.2,4.7,81,78,1,3,2,3,39,26,65,76,51,48,44,1,67,75,Government Job,UI/UX Designer,52.5,At Risk,57.0,60.2,Management
B.Tech,ECE,2,7.94,68,5.4,2.2,5.9,5.0,92,96,0,6,5,5,100,40,89,85,63,50,53,0,74,92,Placement,Data Scientist,73.9,Average,88.3,87.6,Tech
B.Tech,AI&DS,3,7.44,80,3.8,4.3,7.3,5.6,86,86,0,6,2,6,76,61,87,78,65,67,58,1,74,84,Government Job,Backend Developer,75.3,Good,77.8,67.8,Tech
B.Tech,CSE,4,6.89,60,2.7,0.3,6.2,5.2,83,87,1,3,0,0,48,51,66,57,32,61,56,0,51,71,Higher Studies,Full Stack Developer,51.0,At Risk,42.5,48.2,Tech
B.Com,General,4,7.17,72,4.2,2.8,6.9,8.2,81,82,3,3,3,4,78,48,62,64,42,71,51,1,67,77,Research,Business Analyst,46.7,At Risk,57.3,43.2,Commerce
BBA,Finance,3,7.67,74,5.7,3.8,7.9,4.4,93,92,1,3,3,2,70,42,66,63,70,57,64,0,48,62,Research,Data Analyst,69.2,Average,48.8,45.4,Management
BCA,General,1,7.1,71,3.4,2.1,5.5,6.2,89,87,1,5,3,4,55,48,77,61,62,69,65,0,68,72,Placement,Software Engineer,60.8,Average,65.4,71.5,Tech
B.Com,Hons,1,7.86,81,5.1,2.7,6.2,5.3,100,93,1,5,2,5,55,55,66,86,69,63,76,1,73,82,Placement,Business Analyst,72.8,Average,67.0,79.6,Commerce
B.Com,Hons,1,6.84,55,2.6,1.3,7.2,8.3,82,78,2,3,0,3,52,39,53,45,60,52,56,0,47,62,Higher Studies,Business Analyst,44.9,At Risk,42.2,46.7,Commerce
B.Tech,ECE,1,7.34,65,4.3,3.5,6.1,6.8,89,82,1,5,4,4,38,63,68,66,60,79,76,1,70,80,Higher Studies,UI/UX Designer,62.8,Average,56.7,77.5,Tech
B.Tech,AI&DS,3,5.95,45,1.8,0.0,6.7,6.7,66,74,3,4,0,1,58,53,41,37,46,57,46,1,49,64,Placement,QA Engineer,20.2,At Risk,28.6,60.6,Tech
B.Tech,IT,1,7.77,73,3.4,3.0,7.3,7.8,89,92,0,5,4,4,52,52,72,57,54,56,68,2,68,70,Placement,Product Manager,71.8,Average,65.4,84.3,Tech
B.Tech,CSE,2,7.47,73,3.8,1.9,8.5,9.5,85,92,4,3,3,1,83,47,81,75,58,77,72,1,60,79,Startup,Machine Learning Engineer,41.3,At Risk,53.8,64.1,Tech
BBA,Marketing,2,7.18,67,1.3,0.1,6.9,7.9,82,75,2,2,0,2,58,34,44,37,52,48,56,0,47,62,Placement,Business Analyst,46.4,At Risk,27.5,31.7,Management
B.Tech,IT,1,7.78,74,5.2,1.6,7.0,7.9,98,97,0,3,2,3,75,61,75,54,58,36,62,0,47,75,Government Job,Cybersecurity Analyst,72.7,Average,57.7,52.8,Tech
B.Tech,ECE,2,7.5,79,3.9,2.2,6.7,4.4,83,84,2,3,3,4,60,43,58,48,41,53,55,0,54,85,Higher Studies,Cybersecurity Analyst,53.3,At Risk,58.3,68.1,Tech
BBA,Marketing,2,6.7,82,2.5,1.2,8.2,7.0,80,78,1,5,1,3,45,75,59,46,49,46,63,0,59,76,Freelancing,Business Analyst,53.1,At Risk,54.6,43.8,Management
BBA,Marketing,2,7.63,93,3.3,3.0,7.0,4.2,91,88,1,3,3,6,89,50,80,69,50,44,47,0,43,84,Placement,Business Analyst,71.5,Average,56.4,50.8,Management
B.Com,General,1,7.33,75,3.0,2.3,6.7,5.7,81,82,0,5,3,3,70,46,91,59,63,61,53,0,47,79,Higher Studies,Data Analyst,65.8,Average,61.3,42.2,Commerce
BCA,General,1,7.48,74,4.5,2.4,6.6,5.8,84,89,1,5,2,4,77,63,94,57,61,62,49,1,76,93,Startup,Frontend Developer,63.3,Average,75.4,59.5,Tech
B.Tech,AI&DS,4,8.33,68,4.4,2.3,6.5,5.6,89,90,1,5,4,6,63,41,78,58,63,60,44,1,71,100,Placement,Backend Developer,71.9,Average,80.7,53.5,Tech
BCA,General,3,7.54,78,4.0,3.6,7.5,5.1,93,97,1,3,3,4,65,60,73,62,63,49,63,0,54,81,Higher Studies,Data Analyst,65.6,Average,63.9,68.3,Tech
B.Tech,IT,3,6.18,63,2.5,0.6,7.6,4.1,74,75,3,2,1,3,62,45,63,55,41,56,55,1,47,72,Placement,UI/UX Designer,26.6,At Risk,48.3,43.1,Tech
BCA,General,2,8.32,78,5.2,2.8,8.0,4.9,94,92,0,3,3,5,85,50,59,61,49,37,77,1,63,75,Research,QA Engineer,77.7,Good,64.8,59.4,Tech
B.Com,Hons,4,8.27,76,5.2,3.6,6.5,4.8,100,97,0,4,4,5,75,93,59,68,57,73,71,2,81,78,Startup,Product Manager,80.4,Good,77.1,71.2,Commerce
B.Tech,AI&DS,4,6.84,76,2.6,1.7,6.9,4.4,85,81,4,3,4,4,53,57,59,73,44,61,63,1,61,69,Placement,UI/UX Designer,40.4,At Risk,46.1,50.4,Tech
B.Tech,AI&DS,2,7.9,83,4.2,3.3,7.3,7.4,93,88,0,5,5,6,74,47,63,60,62,63,64,1,65,83,Research,DevOps Engineer,80.7,Good,70.0,52.2,Tech
B.Com,Hons,2,7.82,70,5.6,1.3,6.8,3.9,92,93,1,4,0,5,70,49,59,53,47,65,74,0,62,83,Placement,Product Manager,63.7,Average,48.5,42.6,Commerce
B.Com,General,3,7.62,71,2.3,1.0,6.0,4.8,86,93,0,3,0,3,48,63,54,54,48,58,64,1,58,69,Placement,Product Manager,73.8,Average,48.2,36.3,Commerce
BBA,Finance,1,6.59,64,1.9,1.2,5.9,7.0,73,75,4,0,2,0,75,36,62,62,53,48,51,1,42,58,Placement,Business Analyst,32.4,At Risk,26.2,39.7,Management
BCA,General,3,8.17,72,4.3,3.6,8.3,8.0,85,89,1,8,6,6,46,90,61,62,82,83,83,2,99,85,Startup,Business Analyst,69.8,Average,89.1,70.9,Tech
BBA,HR,4,7.59,59,2.9,1.2,7.0,6.7,83,80,2,5,4,7,53,52,78,63,52,72,76,1,81,82,Research,UI/UX Designer,51.3,At Risk,62.8,73.9,Management
BCA,General,4,6.83,84,3.3,2.1,7.1,4.3,83,80,3,4,3,3,55,50,79,78,38,56,44,1,64,81,Government Job,Data Engineer,50.9,At Risk,58.8,53.6,Tech
B.Tech,AI&DS,4,6.81,46,1.8,1.6,6.2,9.6,79,73,0,4,1,1,61,24,62,49,65,71,49,1,60,43,Freelancing,Business Analyst,52.1,At Risk,54.3,56.1,Tech
B.Tech,CSE,2,8.16,75,5.1,2.6,5.3,6.0,80,88,3,4,5,2,63,31,68,64,58,48,73,1,60,73,Research,Machine Learning Engineer,53.6,At Risk,55.8,45.4,Tech
BCA,General,1,7.38,70,4.4,2.1,7.0,7.6,89,78,1,5,1,3,56,49,63,56,50,58,68,0,64,57,Placement,Data Analyst,60.1,Average,33.3,25.6,Tech
B.Tech,CSE,2,6.28,56,2.2,0.5,7.0,6.4,81,74,4,0,0,3,44,49,28,60,27,53,69,0,41,48,Freelancing,Business Analyst,23.0,At Risk,20.0,32.3,Tech
BBA,HR,2,7.79,81,5.3,0.8,6.9,5.9,94,87,0,5,1,2,44,23,76,75,59,34,62,1,57,69,Government Job,Business Analyst,74.6,Average,58.8,60.4,Management
B.Tech,CSE,3,7.27,82,3.0,1.9,6.7,6.4,81,86,0,2,2,5,50,53,53,49,23,61,63,1,53,63,Higher Studies,Software Engineer,65.5,Average,46.0,61.2,Tech
B.Tech,ECE,3,6.94,65,3.3,2.5,7.0,5.7,70,67,1,3,2,3,76,26,67,60,63,64,62,2,66,87,Startup,UI/UX Designer,49.4,At Risk,63.3,73.9,Tech
B.Tech,CSE,4,7.72,74,5.4,3.8,5.6,5.1,92,96,0,6,5,6,60,39,98,69,54,48,69,2,78,99,Placement,Data Scientist,76.1,Good,85.0,67.8,Tech
BCA,General,2,7.65,84,5.1,4.1,6.4,6.0,97,96,0,6,2,5,51,58,76,75,52,72,82,1,87,80,Placement,DevOps Engineer,75.1,Good,77.6,63.0,Tech
B.Tech,CSE,2,7.68,50,3.3,1.7,7.2,5.3,89,89,1,2,3,4,75,39,73,59,77,66,64,1,56,75,Placement,Product Manager,62.7,Average,60.2,58.2,Tech
B.Tech,AI&DS,1,8.48,84,6.5,2.5,6.9,4.4,100,97,0,4,2,5,75,54,70,67,65,45,52,1,51,72,Higher Studies,Cybersecurity Analyst,81.6,Good,68.9,53.4,Tech
BCA,General,4,8.72,86,6.4,3.1,8.2,4.5,100,100,0,4,3,8,88,53,79,72,66,65,74,1,71,74,Government Job,Cloud Engineer,89.3,Good,78.2,71.2,Tech
B.Com,General,2,8.35,93,7.1,3.0,7.7,3.1,97,93,0,5,1,5,79,65,70,63,58,74,56,0,68,93,Government Job,Product Manager,80.2,Good,74.6,67.9,Commerce
Law,Corporate,1,7.75,94,5.1,3.5,7.3,2.0,85,83,0,3,0,3,73,75,57,52,54,73,72,0,47,64,Freelancing,Business Analyst,75.1,Good,48.1,53.0,Law
BBA,HR,2,8.71,72,4.3,5.0,7.8,6.8,93,91,3,7,7,3,89,70,90,81,95,82,75,2,75,92,Startup,Business Analyst,60.5,Average,90.2,63.8,Management
B.Tech,IT,2,8.65,92,5.8,4.3,7.4,5.6,96,96,0,6,4,6,75,66,83,94,77,64,81,1,81,98,Government Job,Software Engineer,86.4,Good,88.3,87.5,Tech
B.Com,General,4,7.82,86,5.0,4.5,8.4,6.5,94,95,0,7,2,5,72,38,71,72,58,69,76,1,72,80,Higher Studies,Business Analyst,76.9,Good,81.7,42.1,Commerce
B.Com,General,1,6.89,82,4.4,1.6,7.2,6.0,87,85,0,2,0,3,60,44,48,58,51,46,48,0,68,74,Placement,Data Analyst,59.9,Average,38.6,40.2,Commerce
B.Com,General,2,8.26,90,5.3,5.1,6.3,4.2,100,97,0,7,4,8,96,60,86,96,72,61,84,3,86,87,Placement,Data Analyst,81.9,Good,94.7,68.4,Commerce
B.Tech,ECE,2,6.46,66,3.4,2.8,6.6,3.7,87,85,2,2,3,4,63,55,40,38,70,72,55,1,50,71,Research,Cloud Engineer,47.8,At Risk,47.8,51.7,Tech
B.Tech,CSE,1,7.77,81,4.1,2.8,6.6,6.0,88,86,0,7,3,5,57,40,65,50,52,57,51,1,59,77,Higher Studies,Cloud Engineer,73.6,Average,68.9,56.6,Tech
Law,Corporate,1,8.04,73,7.7,1.6,7.8,5.0,99,99,0,3,1,6,78,34,68,87,69,49,59,1,69,82,Research,Product Manager,76.1,Good,69.0,67.8,Law
B.Tech,CSE,2,9.5,85,7.1,6.0,7.6,5.2,100,100,0,10,6,9,66,63,87,89,83,78,88,3,97,77,Startup,Data Scientist,89.3,Good,96.6,72.7,Tech
B.Tech,CSE,2,7.07,55,3.9,2.6,6.2,5.5,81,76,2,3,2,5,65,37,59,73,51,51,62,1,53,80,Freelancing,Data Engineer,44.5,At Risk,54.0,61.7,Tech
B.Tech,IT,3,7.17,70,4.0,2.3,8.0,4.7,87,90,2,3,1,3,60,64,53,51,44,47,51,0,46,60,Government Job,DevOps Engineer,53.8,At Risk,37.4,30.6,Tech
B.Tech,IT,3,7.81,76,5.4,3.4,7.2,4.7,93,95,0,5,4,5,68,60,57,58,46,55,75,1,71,87,Higher Studies,Software Engineer,74.4,Average,72.5,63.4,Tech
B.Tech,IT,4,7.42,64,3.2,2.6,7.7,4.7,88,88,1,3,3,3,68,42,65,54,63,43,66,1,58,61,Higher Studies,Data Scientist,58.2,Average,55.4,56.2,Tech
B.Tech,AI&DS,1,7.81,84,4.6,4.0,6.5,6.0,96,92,1,4,3,4,76,53,68,67,58,76,67,2,81,63,Placement,Backend Developer,73.4,Average,73.3,75.3,Tech
BCA,General,4,7.14,60,4.0,0.4,7.0,8.8,86,90,1,1,1,1,65,38,56,45,60,38,59,1,53,67,Higher Studies,Cloud Engineer,59.2,Average,47.1,35.2,Tech
BCA,General,2,7.8,85,6.4,2.3,5.9,4.5,100,97,0,6,5,5,99,42,70,62,68,76,68,1,78,75,Startup,Cloud Engineer,81.5,Good,79.9,43.9,Tech
BCA,General,3,8.3,78,3.7,2.4,8.7,6.1,93,83,0,7,4,6,70,69,75,64,67,50,55,1,88,97,Placement,Cybersecurity Analyst,72.7,Average,80.8,87.6,Tech
B.Tech,IT,2,7.9,74,4.6,3.2,6.1,8.5,84,91,2,6,4,2,93,32,74,65,72,52,75,1,71,69,Placement,Backend Developer,60.6,Average,72.8,50.7,Tech
BCA,General,3,8.35,67,5.2,3.3,6.6,6.5,94,91,0,6,6,5,80,30,76,74,68,41,49,1,70,90,Higher Studies,Data Engineer,76.6,Good,75.3,61.9,Tech
BBA,HR,3,6.57,67,2.8,2.5,6.4,8.6,90,80,4,1,2,0,59,85,57,68,54,67,65,0,43,60,Freelancing,Product Manager,32.0,At Risk,29.8,36.8,Management
B.Tech,AI&DS,1,7.4,73,3.8,2.2,6.9,9.0,87,90,0,5,4,5,87,50,75,57,45,57,81,0,75,71,Placement,Software Engineer,70.4,Average,63.1,73.1,Tech
BCA,General,4,7.52,54,4.4,1.6,6.5,8.3,89,84,3,1,3,2,73,49,61,68,79,80,68,2,51,64,Startup,Data Analyst,47.0,At Risk,48.7,61.1,Tech
BCA,General,1,7.76,68,4.7,2.9,7.5,5.5,93,89,1,6,2,6,65,25,82,69,48,67,65,1,72,81,Higher Studies,Frontend Developer,64.8,Average,76.9,77.3,Tech
B.Tech,CSE,2,7.79,78,4.4,3.8,6.5,9.6,89,86,0,8,5,5,64,28,92,74,56,45,51,1,81,98,Freelancing,AI Engineer,76.4,Good,83.3,83.5,Tech
B.Tech,AI&DS,1,6.84,66,3.4,3.2,7.4,7.0,78,76,4,6,4,3,71,53,68,67,70,39,57,1,55,78,Startup,Backend Developer,36.3,At Risk,50.1,57.9,Tech
B.Tech,ECE,3,7.92,89,4.7,4.1,7.9,5.4,90,91,0,7,3,6,62,44,83,65,49,72,65,1,75,88,Government Job,Data Scientist,79.6,Good,78.3,64.6,Tech
B.Com,General,1,7.49,66,4.0,0.8,6.4,6.5,87,89,2,3,0,2,60,27,64,59,38,46,50,0,50,71,Placement,Business Analyst,57.5,Average,38.2,54.7,Commerce
BBA,Finance,3,6.96,78,6.6,1.0,8.0,4.4,94,88,0,2,0,3,61,51,75,45,41,51,48,0,36,68,Research,Data Analyst,70.5,Average,37.2,50.5,Management
B.Tech,ECE,3,6.61,59,2.7,1.4,7.2,6.7,83,70,1,2,1,4,76,50,65,49,37,64,46,0,45,88,Government Job,Product Manager,44.6,At Risk,45.6,52.6,Tech
B.Tech,AI&DS,3,8.09,65,5.7,4.2,5.6,4.0,99,86,0,8,2,5,88,76,79,69,62,58,67,1,76,83,Startup,Cybersecurity Analyst,75.2,Good,75.9,44.7,Tech
BCA,General,4,7.68,68,4.7,0.3,7.4,8.8,92,87,0,4,1,3,48,52,61,69,52,64,76,0,49,79,Placement,Backend Developer,71.6,Average,50.7,43.7,Tech
B.Tech,ECE,2,8.11,82,4.9,2.9,6.8,5.3,92,94,0,2,4,5,51,29,75,57,51,43,66,0,57,78,Higher Studies,Data Engineer,75.9,Good,55.0,58.2,Tech
B.Com,General,3,7.97,68,3.9,2.4,7.4,6.1,87,87,3,4,3,3,72,52,61,63,60,79,70,1,62,90,Placement,Business Analyst,52.7,At Risk,62.2,51.7,Commerce
B.Tech,CSE,2,7.95,79,3.1,3.4,6.9,5.5,85,92,2,5,2,5,80,55,99,74,50,62,78,1,83,80,Higher Studies,Cloud Engineer,62.1,Average,80.1,76.4,Tech
B.Tech,IT,4,7.84,71,4.7,1.5,7.0,8.5,91,85,1,4,3,3,48,48,53,54,48,74,61,1,64,61,Higher Studies,Data Engineer,68.4,Average,47.4,81.1,Tech
B.Tech,IT,1,7.53,60,3.5,2.1,7.6,6.0,79,92,1,2,3,2,52,60,62,66,62,68,67,0,47,73,Placement,Frontend Developer,62.1,Average,38.8,47.9,Tech
B.Tech,IT,4,7.99,78,5.3,5.8,7.3,7.7,86,84,1,9,6,7,100,54,85,96,95,69,71,1,90,99,Freelancing,Software Engineer,71.3,Average,98.0,81.8,Tech
B.Tech,ECE,1,7.66,70,4.3,2.6,6.8,6.5,98,95,2,4,3,5,54,58,60,70,45,73,64,1,69,67,Startup,Business Analyst,61.2,Average,52.4,65.7,Tech
B.Tech,IT,4,7.16,73,3.9,3.5,5.9,5.0,85,90,1,6,3,5,52,33,69,61,50,71,56,1,68,94,Government Job,Software Engineer,63.3,Average,70.0,83.0,Tech
B.Tech,CSE,1,5.8,76,2.7,3.7,7.0,3.8,75,79,1,5,3,6,67,73,71,98,91,49,60,1,87,86,Placement,DevOps Engineer,48.4,At Risk,81.6,45.6,Tech
B.Tech,AI&DS,3,7.7,67,4.8,3.6,7.0,8.2,94,91,1,6,4,3,64,46,62,60,59,52,65,0,84,64,Higher Studies,Full Stack Developer,66.2,Average,68.3,54.2,Tech
BCA,General,1,7.8,53,4.2,1.6,6.2,8.4,83,83,3,3,3,3,61,34,70,64,69,58,70,1,58,59,Placement,Data Analyst,50.0,At Risk,49.9,66.9,Tech
B.Tech,CSE,3,8.19,80,4.2,1.5,6.2,6.9,100,94,1,5,3,4,78,46,86,59,67,55,57,1,69,68,Higher Studies,Frontend Developer,73.7,Average,65.9,58.6,Tech
B.Com,General,1,7.1,75,2.6,1.6,7.1,5.0,79,76,2,2,1,3,55,25,63,56,54,63,75,0,56,79,Placement,Product Manager,46.4,At Risk,46.8,28.3,Commerce
B.Tech,ECE,1,7.33,69,4.3,1.8,8.7,6.0,83,87,2,3,2,4,57,76,56,66,37,58,56,0,64,78,Freelancing,Frontend Developer,56.6,Average,56.1,60.0,Tech
B.Tech,CSE,4,7.73,62,2.4,0.8,5.3,7.7,82,85,3,5,2,4,61,75,64,44,54,60,64,1,63,86,Placement,AI Engineer,45.4,At Risk,68.8,46.5,Tech
B.Tech,IT,3,8.03,71,5.8,3.7,6.1,5.3,95,93,1,7,6,6,89,43,87,77,47,64,61,2,73,100,Higher Studies,Full Stack Developer,72.6,Average,85.0,82.9,Tech
BCA,General,4,7.48,68,4.8,1.6,7.1,4.0,93,85,0,4,2,4,78,59,76,55,61,57,56,0,61,90,Higher Studies,Frontend Developer,64.7,Average,67.1,68.7,Tech
B.Tech,CSE,3,6.86,72,3.1,4.5,7.2,6.5,87,84,2,5,7,6,68,39,100,63,64,77,68,2,85,96,Startup,Cloud Engineer,52.1,At Risk,78.8,69.9,Tech
B.Com,General,1,8.19,72,4.3,3.2,7.6,4.0,100,100,0,5,4,3,62,71,84,60,52,66,63,1,55,90,Government Job,Business Analyst,77.1,Good,71.9,46.2,Commerce
B.Tech,IT,1,7.07,71,3.0,2.7,7.3,7.1,86,83,2,6,5,4,69,43,72,40,53,54,40,1,69,67,Startup,Backend Developer,49.1,At Risk,65.5,65.4,Tech
B.Com,Hons,3,7.5,84,5.4,1.4,8.0,6.3,97,98,0,2,2,3,48,52,77,70,56,60,68,1,59,81,Freelancing,Product Manager,70.8,Average,57.0,48.7,Commerce
Law,Corporate,4,7.72,70,4.8,2.9,8.0,7.3,89,86,3,1,2,2,72,66,48,65,64,63,70,2,65,88,Startup,Business Analyst,58.0,Average,61.2,52.6,Law
B.Tech,AI&DS,1,9.15,82,6.7,4.8,7.0,6.0,100,100,0,9,6,10,100,43,89,85,67,48,54,1,100,99,Placement,AI Engineer,90.2,Excellent,94.6,72.0,Tech
B.Tech,IT,4,8.01,75,4.5,4.3,6.7,5.7,95,89,1,7,5,7,78,54,88,46,60,71,71,2,77,93,Freelancing,Frontend Developer,70.8,Average,84.8,67.9,Tech
B.Com,Hons,1,7.78,75,5.0,2.8,5.7,6.1,95,95,0,4,2,4,61,72,80,81,72,78,65,1,81,100,Startup,Business Analyst,78.1,Good,70.0,52.2,Commerce
B.Tech,CSE,3,7.71,66,4.3,1.6,7.5,4.8,91,86,0,5,1,4,77,38,77,74,53,53,62,1,56,85,Freelancing,Cloud Engineer,68.7,Average,64.5,66.3,Tech
B.Tech,AI&DS,3,6.97,90,4.7,3.7,8.2,6.7,95,87,1,3,3,7,72,42,68,58,45,72,68,2,81,82,Placement,Cybersecurity Analyst,66.6,Average,74.4,80.8,Tech
B.Tech,AI&DS,2,8.52,77,5.4,3.4,6.9,6.0,96,88,1,7,5,5,79,45,65,75,53,71,55,1,75,85,Research,Machine Learning Engineer,70.7,Average,73.5,57.1,Tech
B.Tech,CSE,2,7.66,85,7.0,1.4,8.3,3.4,100,98,0,5,2,4,67,73,43,57,46,67,75,1,59,71,Research,UI/UX Designer,79.3,Good,49.0,39.6,Tech
B.Tech,IT,2,8.12,79,4.6,3.5,6.6,6.8,100,93,0,8,3,7,87,55,87,77,48,43,60,1,88,98,Higher Studies,Full Stack Developer,78.2,Good,83.7,78.4,Tech
B.Tech,CSE,2,6.93,68,4.2,1.6,7.6,4.0,80,83,1,6,2,5,45,44,60,45,52,61,60,0,49,64,Government Job,Frontend Developer,56.1,Average,53.1,64.4,Tech
B.Tech,CSE,2,7.82,71,4.1,2.6,5.9,7.9,83,90,1,6,5,5,91,76,88,91,93,83,85,2,98,91,Placement,UI/UX Designer,64.6,Average,94.8,84.5,Tech
Law,Criminal,1,8.36,80,4.1,0.6,8.7,6.5,96,89,0,4,2,3,66,62,54,75,68,53,63,1,72,74,Placement,Cybersecurity Analyst,73.4,Average,70.0,68.0,Law
BCA,General,1,8.51,95,7.9,3.1,8.6,5.7,100,100,0,5,2,5,59,60,86,60,47,52,65,0,72,68,Government Job,Data Analyst,83.9,Good,67.3,66.2,Tech
BCA,General,2,7.14,64,2.4,1.1,5.9,9.1,83,84,1,1,2,3,62,35,48,55,42,59,58,0,37,76,Freelancing,Backend Developer,52.2,At Risk,43.5,47.3,Tech
BCA,General,1,6.95,55,3.3,0.0,7.3,6.0,88,81,4,1,1,3,21,15,32,56,38,59,57,0,42,42,Freelancing,UI/UX Designer,36.2,At Risk,22.8,34.5,Tech
BBA,HR,1,7.71,65,3.8,1.9,7.0,6.1,90,89,1,0,2,3,40,50,64,61,54,52,52,1,52,48,Higher Studies,Data Analyst,64.1,Average,27.3,32.3,Management
B.Tech,IT,2,8.33,73,4.5,3.7,6.7,4.6,85,95,0,5,4,7,92,48,75,85,95,74,60,1,85,91,Placement,Full Stack Developer,77.5,Good,97.3,74.5,Tech
B.Tech,IT,1,7.42,57,3.2,2.4,7.2,6.7,92,83,3,4,3,2,76,74,70,54,57,64,62,1,70,88,Placement,Full Stack Developer,41.7,At Risk,66.4,42.3,Tech
B.Com,Hons,4,8.46,80,6.6,3.2,6.9,6.3,100,96,0,6,5,5,100,58,99,56,55,72,77,2,76,72,Placement,Product Manager,76.9,Good,83.2,82.2,Commerce
B.Tech,ECE,2,7.22,79,3.0,2.2,7.7,5.5,93,84,4,1,2,4,53,78,71,53,58,73,68,1,56,80,Government Job,Cybersecurity Analyst,42.0,At Risk,47.3,41.7,Tech
B.Tech,CSE,3,7.26,55,2.7,3.3,6.4,7.7,87,87,2,5,5,5,57,51,75,72,67,58,59,1,58,69,Placement,Software Engineer,50.4,At Risk,52.5,58.4,Tech
B.Tech,AI&DS,1,7.77,77,5.0,2.5,9.0,6.7,90,87,0,3,4,3,66,41,54,47,38,32,57,0,52,69,Government Job,Machine Learning Engineer,71.0,Average,45.0,51.8,Tech
B.Tech,AI&DS,3,7.31,62,3.2,3.4,6.4,7.6,78,80,1,7,4,3,74,67,62,92,63,56,66,2,68,77,Placement,Software Engineer,56.5,Average,73.9,63.3,Tech
B.Com,Hons,4,6.29,63,1.0,1.2,6.2,5.9,86,75,1,1,2,2,36,46,69,57,48,49,59,0,35,68,Higher Studies,Business Analyst,46.2,At Risk,25.8,35.7,Commerce
BCA,General,3,7.39,71,3.4,3.1,7.0,9.5,91,80,0,5,4,4,66,71,80,74,39,64,57,2,76,70,Research,Frontend Developer,63.9,Average,76.3,57.7,Tech
B.Tech,IT,3,7.49,61,3.0,2.4,6.0,7.8,78,83,1,2,2,3,72,24,77,69,57,60,58,2,57,76,Placement,UI/UX Designer,54.2,At Risk,62.6,54.0,Tech
B.Com,Hons,2,9.27,88,7.7,4.3,7.0,5.5,100,100,0,5,3,7,77,43,85,86,59,48,71,1,71,91,Higher Studies,Business Analyst,93.3,Excellent,79.5,71.1,Commerce
Law,Criminal,2,7.2,64,3.3,2.0,6.5,8.7,89,82,2,4,2,2,58,43,56,54,64,74,73,1,73,58,Startup,Product Manager,51.6,At Risk,56.6,58.6,Law
BCA,General,4,7.39,70,4.5,3.0,7.0,7.7,96,93,1,6,5,5,72,70,52,60,31,52,64,2,81,74,Placement,Cloud Engineer,65.2,Average,68.6,51.0,Tech
B.Tech,IT,1,7.84,79,3.9,2.5,7.3,4.0,85,91,0,4,3,4,53,67,60,57,61,66,63,1,70,76,Research,DevOps Engineer,77.8,Good,63.8,59.3,Tech
B.Tech,CSE,2,7.5,77,4.9,3.7,7.0,5.8,98,90,1,6,5,4,65,36,96,66,63,66,83,2,71,76,Startup,AI Engineer,67.3,Average,77.6,48.3,Tech
BCA,General,3,7.96,70,4.6,1.3,6.8,6.3,91,89,0,4,4,2,64,75,80,57,52,75,82,1,77,87,Higher Studies,Full Stack Developer,72.3,Average,80.2,66.1,Tech
B.Tech,CSE,2,7.2,71,1.4,1.6,7.8,5.3,81,72,3,3,1,2,48,48,35,48,53,57,55,0,51,55,Startup,Software Engineer,38.4,At Risk,25.5,40.7,Tech
B.Tech,CSE,2,7.28,66,2.8,2.7,7.1,6.4,86,84,3,3,3,3,62,43,71,68,63,78,55,0,61,71,Freelancing,QA Engineer,45.2,At Risk,53.2,39.1,Tech
B.Tech,ECE,1,6.11,52,1.1,2.1,7.3,7.8,71,76,2,4,4,4,60,42,69,58,66,56,58,1,63,79,Startup,Data Engineer,36.1,At Risk,62.9,74.4,Tech
BCA,General,3,6.98,50,1.1,1.9,7.0,8.9,79,83,4,3,3,3,55,51,69,71,48,56,61,0,67,60,Placement,Cybersecurity Analyst,32.9,At Risk,52.1,37.2,Tech
B.Tech,CSE,1,7.26,65,4.8,1.3,6.9,7.1,80,87,2,4,3,2,47,51,76,57,44,68,66,0,58,62,Startup,AI Engineer,51.2,At Risk,41.4,60.9,Tech
BCA,General,2,6.4,64,1.5,0.6,6.1,6.2,76,69,3,4,0,1,37,36,61,55,36,62,51,0,36,54,Research,DevOps Engineer,32.9,At Risk,21.7,18.3,Tech
BBA,HR,1,6.73,63,4.0,3.5,6.5,6.9,88,80,1,4,3,3,65,22,73,53,60,67,68,1,68,86,Startup,Data Analyst,55.1,Average,62.3,65.5,Management
B.Tech,CSE,3,7.38,86,4.3,4.2,7.8,5.7,96,91,2,5,3,6,75,64,85,55,46,60,76,1,94,100,Placement,Product Manager,57.7,Average,74.9,48.8,Tech
B.Com,Hons,2,5.88,70,2.0,1.6,7.4,3.9,81,79,3,1,1,2,56,61,54,69,48,64,53,0,41,47,Placement,Business Analyst,25.7,At Risk,23.9,28.9,Commerce
B.Tech,AI&DS,4,6.61,72,3.9,4.0,6.5,4.6,93,80,2,5,3,6,60,52,74,78,58,62,68,2,87,91,Placement,DevOps Engineer,57.1,Average,79.9,56.7,Tech
B.Tech,IT,3,7.02,63,3.5,3.4,7.5,6.9,89,87,3,4,3,5,49,74,57,62,56,92,62,2,75,80,Placement,UI/UX Designer,48.3,At Risk,62.4,67.5,Tech
BCA,General,4,7.25,67,2.2,0.5,7.6,8.1,88,77,3,4,1,4,43,42,45,43,32,49,44,0,49,76,Placement,Data Analyst,43.0,At Risk,38.2,36.8,Tech
B.Tech,AI&DS,3,8.0,89,5.3,3.7,7.7,2.0,100,94,0,4,4,5,71,67,73,61,53,72,70,1,73,66,Higher Studies,Data Scientist,76.8,Good,62.3,57.7,Tech
Law,Corporate,1,8.89,78,5.8,3.4,6.6,6.3,100,95,0,4,3,3,87,37,73,77,76,66,76,1,70,93,Higher Studies,Business Analyst,82.2,Good,80.6,63.8,Law
B.Tech,IT,2,9.39,91,6.5,4.0,7.9,4.5,100,100,0,8,4,5,83,83,100,64,86,75,70,1,100,95,Startup,Product Manager,96.5,Excellent,95.8,65.7,Tech
B.Tech,CSE,2,7.68,72,4.8,3.2,6.8,6.1,100,92,0,7,4,4,64,45,81,70,49,58,61,1,62,73,Placement,Backend Developer,67.8,Average,72.9,54.5,Tech
B.Tech,ECE,1,8.24,75,4.9,3.5,6.7,5.2,88,94,1,5,3,4,82,75,88,68,59,75,70,1,76,85,Placement,AI Engineer,70.1,Average,75.7,67.9,Tech
BCA,General,2,7.43,65,5.1,2.3,7.2,7.3,96,89,1,4,3,3,76,53,58,62,56,78,68,2,80,75,Placement,Software Engineer,66.0,Average,79.7,57.3,Tech
B.Tech,CSE,3,7.44,48,4.6,2.8,6.3,6.9,86,83,1,5,3,4,89,54,81,76,56,53,53,1,71,75,Freelancing,DevOps Engineer,57.5,Average,62.7,62.7,Tech
B.Tech,IT,2,7.78,73,4.0,4.0,7.4,5.4,94,92,1,6,7,5,100,94,87,62,56,68,68,1,93,81,Placement,DevOps Engineer,70.0,Average,89.1,54.2,Tech
B.Tech,AI&DS,1,7.4,67,5.1,0.8,6.9,7.2,87,84,2,4,2,2,64,51,58,66,46,51,57,0,42,70,Startup,DevOps Engineer,53.5,At Risk,42.2,66.5,Tech
B.Tech,IT,3,8.26,74,4.9,2.4,7.3,5.5,91,85,1,4,4,4,57,60,62,72,61,66,60,1,82,87,Higher Studies,Cybersecurity Analyst,74.9,Average,71.7,76.9,Tech
B.Tech,ECE,4,7.86,77,4.6,4.1,6.1,5.4,95,94,0,8,4,5,74,43,62,70,56,48,63,1,68,95,Placement,QA Engineer,74.0,Average,80.5,50.2,Tech
B.Com,General,2,7.28,58,3.8,1.5,6.4,8.9,87,82,0,5,3,2,55,28,62,33,56,45,55,0,66,74,Higher Studies,Data Analyst,59.0,Average,54.8,40.5,Commerce
B.Com,General,1,7.45,74,3.9,1.8,6.7,6.1,96,83,0,4,3,5,60,79,66,59,55,72,74,0,63,80,Higher Studies,Business Analyst,69.8,Average,66.9,51.6,Commerce
B.Tech,CSE,3,7.68,60,3.6,2.4,5.8,5.6,87,85,0,4,4,3,70,39,90,70,46,62,45,0,59,85,Research,Cloud Engineer,70.1,Average,70.6,64.9,Tech
BBA,Marketing,2,8.14,72,5.4,3.0,8.2,3.6,97,90,1,7,2,5,60,75,66,81,54,70,62,2,79,79,Placement,Business Analyst,70.9,Average,72.7,71.4,Management
BBA,HR,4,7.81,72,3.9,2.7,6.6,6.2,100,89,0,7,4,6,54,64,93,86,57,65,68,1,84,85,Placement,Product Manager,76.6,Good,93.4,81.4,Management
B.Tech,AI&DS,3,8.9,85,6.8,2.4,7.6,5.2,100,100,0,4,3,2,91,64,65,75,65,79,74,2,70,58,Placement,Data Analyst,86.6,Good,77.0,75.6,Tech
BBA,Finance,4,7.81,62,3.1,0.0,6.2,8.7,82,82,4,1,2,1,52,41,55,39,32,72,57,0,41,53,Government Job,Business Analyst,36.9,At Risk,23.5,24.3,Management
B.Tech,AI&DS,1,6.48,61,1.5,3.0,6.3,7.7,69,77,2,5,3,5,53,39,61,81,48,56,41,0,74,85,Placement,Product Manager,43.0,At Risk,59.5,59.4,Tech
B.Tech,IT,3,8.88,77,4.5,3.8,7.8,6.2,95,97,1,6,5,6,69,57,100,75,83,76,92,2,94,100,Government Job,Data Analyst,81.6,Good,94.2,76.5,Tech
BCA,General,3,8.1,73,4.1,4.5,7.9,7.7,90,88,0,9,6,6,78,76,95,65,79,71,63,2,94,91,Freelancing,Software Engineer,78.7,Good,95.6,84.4,Tech
BBA,HR,3,7.67,59,3.3,1.2,6.8,8.5,90,89,3,5,2,4,36,52,72,49,68,60,63,0,59,82,Startup,Data Analyst,47.7,At Risk,60.0,51.0,Management
BCA,General,1,6.66,59,3.2,1.7,7.3,6.7,77,77,4,2,3,2,37,58,65,48,39,85,74,0,61,70,Placement,Business Analyst,27.8,At Risk,45.0,31.6,Tech
BBA,HR,3,7.16,77,4.4,5.5,5.9,5.8,94,84,0,7,6,8,79,70,77,84,63,77,70,2,88,100,Placement,UI/UX Designer,67.4,Average,91.4,70.8,Management
B.Tech,ECE,2,6.99,63,4.1,3.9,7.4,9.0,81,78,3,6,4,5,66,57,75,62,58,59,57,1,72,86,Government Job,Machine Learning Engineer,42.4,At Risk,66.2,88.5,Tech
B.Tech,CSE,3,7.27,68,3.7,2.7,7.3,5.7,91,89,1,5,2,5,85,80,90,70,41,88,80,1,82,88,Placement,Business Analyst,62.8,Average,74.5,66.7,Tech
BCA,General,1,8.13,76,5.7,1.8,7.7,6.1,100,100,0,4,3,4,54,74,72,56,56,48,58,0,50,68,Startup,Data Engineer,81.2,Good,52.2,62.5,Tech
BCA,General,1,7.32,68,2.8,2.2,7.1,7.7,77,80,1,3,1,2,72,40,65,57,63,68,62,0,42,47,Placement,Full Stack Developer,51.8,At Risk,37.4,40.7,Tech
B.Tech,AI&DS,4,6.52,46,2.5,0.0,6.4,10.1,74,74,1,0,0,0,14,35,51,23,23,61,53,0,35,54,Placement,QA Engineer,42.9,At Risk,21.3,31.9,Tech
B.Com,Hons,3,8.14,72,6.1,1.0,6.3,2.6,100,100,0,4,3,2,62,20,64,71,74,48,52,1,64,72,Higher Studies,Product Manager,79.1,Good,61.0,52.6,Commerce
BCA,General,2,8.05,84,5.5,1.1,6.7,5.1,94,90,1,1,3,3,70,48,44,66,33,64,59,0,48,61,Startup,Business Analyst,70.9,Average,33.6,41.5,Tech
BCA,General,2,7.56,62,3.8,3.0,6.2,6.8,82,84,0,0,3,2,75,64,57,71,62,81,77,0,46,63,Placement,UI/UX Designer,65.2,Average,41.4,55.8,Tech
Law,Criminal,2,6.36,65,2.3,2.4,7.5,5.7,76,76,1,5,2,4,57,19,67,57,48,65,53,1,73,76,Startup,Product Manager,46.6,At Risk,64.0,50.0,Law
BCA,General,1,8.14,90,5.5,2.7,8.2,5.0,100,98,0,5,3,6,88,69,73,60,54,49,73,1,60,71,Research,Software Engineer,84.0,Good,66.8,38.4,Tech
BBA,Marketing,1,8.03,84,5.8,2.2,6.3,5.5,100,100,0,6,3,5,53,65,74,53,66,56,60,0,66,78,Higher Studies,Business Analyst,81.4,Good,58.5,62.9,Management
B.Tech,ECE,4,8.18,87,5.3,2.7,7.0,2.7,100,92,1,7,3,6,80,59,55,82,75,68,76,2,87,72,Higher Studies,Data Analyst,75.4,Good,85.0,75.9,Tech
BBA,Finance,1,7.59,58,1.7,1.7,5.8,6.5,81,78,2,4,5,0,50,69,72,66,56,67,74,1,66,81,Placement,UI/UX Designer,47.0,At Risk,65.3,53.0,Management
B.Tech,CSE,3,7.92,67,4.0,1.9,6.4,8.1,83,87,0,2,4,4,69,41,49,67,50,68,89,1,56,76,Higher Studies,Backend Developer,69.8,Average,53.6,53.7,Tech
B.Tech,AI&DS,3,7.87,72,5.2,2.5,7.1,5.7,93,94,1,5,5,6,68,65,88,63,56,64,66,2,89,83,Higher Studies,Backend Developer,68.3,Average,81.0,79.5,Tech
Law,Corporate,3,7.79,78,6.3,3.7,8.0,2.0,97,90,0,4,3,5,59,28,55,66,60,60,59,1,71,90,Higher Studies,Business Analyst,71.7,Average,70.0,62.4,Law
BBA,HR,2,7.56,91,4.6,4.6,7.3,4.9,94,92,0,7,3,5,90,63,73,84,55,70,86,2,98,89,Placement,Business Analyst,78.0,Good,83.5,60.2,Management
B.Tech,IT,1,7.32,69,3.4,2.7,6.5,6.6,90,88,1,5,3,4,82,72,76,70,58,58,67,2,89,74,Placement,Software Engineer,60.5,Average,81.4,82.8,Tech
B.Tech,IT,3,7.77,73,4.2,1.5,6.7,7.0,79,83,4,5,4,4,62,70,65,67,63,89,71,1,64,72,Placement,Business Analyst,45.3,At Risk,67.8,88.5,Tech
B.Tech,AI&DS,4,7.1,78,6.4,3.2,6.4,5.1,83,89,1,8,5,6,78,43,88,75,35,51,51,1,72,86,Freelancing,Cybersecurity Analyst,62.2,Average,81.3,67.0,Tech
BCA,General,2,7.38,74,4.5,3.1,6.3,4.4,91,85,1,7,3,4,66,69,84,45,59,58,59,1,65,76,Startup,QA Engineer,63.0,Average,72.8,50.3,Tech
B.Com,Hons,1,7.38,67,4.5,2.6,7.4,7.8,92,80,0,4,2,4,49,52,66,69,29,61,59,0,39,67,Placement,Product Manager,67.3,Average,48.8,55.4,Commerce
Law,Corporate,2,7.99,79,6.4,1.9,7.8,3.5,96,100,0,6,2,3,76,75,85,56,53,72,65,2,83,75,Government Job,Data Analyst,79.2,Good,81.5,77.9,Law
B.Com,General,1,8.2,68,5.6,1.9,6.3,5.6,97,93,1,3,3,3,67,17,73,69,62,74,69,1,69,67,Research,Business Analyst,69.6,Average,72.3,48.2,Commerce
BBA,HR,2,7.56,76,4.3,1.4,7.1,4.0,91,89,3,4,0,5,48,61,59,46,20,51,72,1,79,74,Placement,Product Manager,47.8,At Risk,49.8,36.3,Management
BBA,Marketing,3,7.79,68,5.6,2.2,7.4,7.6,100,97,1,2,0,4,49,57,62,79,62,71,82,1,52,65,Government Job,UI/UX Designer,74.4,Average,51.2,34.5,Management
B.Tech,AI&DS,2,9.07,89,7.0,3.4,8.1,4.2,100,100,0,6,5,5,99,63,73,83,67,56,70,0,65,69,Research,Data Scientist,86.7,Good,76.2,55.4,Tech
Law,Criminal,2,7.32,78,4.1,0.0,7.3,6.4,88,91,3,0,0,0,35,44,20,45,46,67,44,0,35,56,Research,Business Analyst,48.8,At Risk,20.3,18.9,Law
BBA,Finance,3,8.14,66,5.6,1.0,6.4,7.6,92,94,1,2,3,3,49,31,76,66,54,70,75,0,56,66,Placement,UI/UX Designer,70.0,Average,53.1,44.4,Management
B.Tech,AI&DS,1,6.76,54,1.8,2.1,6.7,6.4,77,73,2,2,4,4,70,37,65,33,55,57,51,1,42,79,Placement,Frontend Developer,41.8,At Risk,50.1,47.1,Tech
B.Tech,ECE,1,6.86,71,3.8,2.8,7.2,4.8,88,86,1,4,3,5,77,59,64,76,55,49,58,0,58,67,Placement,Machine Learning Engineer,59.4,Average,51.7,33.2,Tech
B.Com,Hons,4,7.12,62,3.6,1.2,6.0,5.9,93,83,3,3,4,1,50,77,60,56,52,82,72,2,67,83,Research,Product Manager,47.3,At Risk,62.7,61.4,Commerce
B.Tech,AI&DS,4,8.64,70,6.0,2.2,6.6,5.2,97,96,0,7,4,5,58,60,78,76,71,46,63,3,74,97,Higher Studies,AI Engineer,84.3,Good,89.3,87.3,Tech
B.Tech,ECE,4,8.68,92,6.0,5.1,7.4,4.0,95,95,0,8,4,7,87,82,66,61,41,71,78,2,84,86,Startup,UI/UX Designer,87.4,Good,84.7,50.0,Tech
BCA,General,3,8.72,75,6.7,2.0,6.4,5.1,100,100,1,5,4,3,64,45,76,72,76,65,78,1,60,79,Startup,Full Stack Developer,85.8,Good,75.3,58.5,Tech
B.Tech,AI&DS,2,8.76,96,6.4,3.8,7.5,5.9,100,100,0,6,4,7,70,66,71,78,48,77,89,1,80,83,Government Job,UI/UX Designer,87.1,Good,78.8,62.6,Tech
B.Tech,IT,1,7.74,76,5.4,3.0,6.0,4.2,96,95,1,5,3,4,60,44,64,68,67,64,54,0,67,81,Higher Studies,Machine Learning Engineer,70.5,Average,72.3,51.0,Tech
B.Com,Hons,2,7.5,61,4.3,0.8,7.3,8.3,91,87,1,2,1,2,52,45,82,47,52,69,72,1,49,67,Government Job,Business Analyst,59.4,Average,48.0,45.9,Commerce
B.Tech,CSE,1,7.29,72,4.1,2.2,6.0,7.1,86,87,2,5,3,4,21,39,79,65,64,51,61,0,59,73,Freelancing,Backend Developer,53.2,At Risk,57.8,41.0,Tech
BBA,Finance,2,7.34,84,4.8,4.4,6.5,2.9,97,91,1,4,5,4,84,57,78,72,85,44,43,1,63,76,Higher Studies,Data Analyst,69.3,Average,64.9,64.2,Management
B.Com,Hons,2,7.71,72,3.5,0.0,7.9,6.9,92,89,2,1,0,2,13,52,48,51,52,67,94,0,50,57,Placement,Business Analyst,60.9,Average,29.5,32.6,Commerce
B.Com,General,1,6.3,77,4.4,2.2,6.4,7.0,88,86,2,5,1,5,61,38,86,48,55,62,64,0,49,72,Startup,Business Analyst,47.6,At Risk,54.0,35.1,Commerce
B.Tech,CSE,1,7.55,74,4.4,3.5,6.3,7.4,95,92,1,4,3,5,70,57,85,53,58,80,76,0,61,72,Higher Studies,UI/UX Designer,65.2,Average,57.4,58.5,Tech
B.Tech,IT,3,8.71,86,5.8,2.7,7.6,7.9,98,100,0,5,4,5,73,40,89,65,58,55,72,2,70,71,Research,Data Engineer,87.6,Good,77.1,64.7,Tech
B.Tech,CSE,1,7.5,73,3.1,3.2,5.8,4.2,88,89,1,4,4,5,54,52,91,77,65,66,62,0,61,87,Placement,DevOps Engineer,64.3,Average,70.0,74.1,Tech
B.Tech,AI&DS,1,7.05,83,3.5,4.9,6.9,4.8,89,87,2,8,5,8,91,45,92,88,61,54,57,1,82,91,Higher Studies,Backend Developer,61.9,Average,92.2,73.1,Tech
B.Tech,AI&DS,1,8.14,72,4.6,1.0,7.6,6.7,96,93,1,1,0,2,39,61,58,57,50,57,64,0,60,44,Research,Business Analyst,72.0,Average,37.6,37.1,Tech
B.Tech,AI&DS,4,7.02,62,3.6,1.4,6.3,6.5,87,86,4,3,2,1,57,49,60,49,34,62,62,0,52,65,Higher Studies,Data Scientist,38.6,At Risk,30.5,61.5,Tech
Law,Corporate,3,6.97,59,1.9,2.7,6.6,8.5,80,73,2,3,3,3,83,48,60,58,53,66,39,1,61,89,Placement,Business Analyst,43.5,At Risk,52.9,52.5,Law
BCA,General,2,6.94,61,2.8,3.5,6.5,8.2,84,81,2,3,3,5,71,38,60,56,56,65,69,1,70,76,Higher Studies,Data Engineer,48.9,At Risk,53.3,59.3,Tech
Law,Criminal,1,8.82,82,4.5,2.6,7.9,7.2,99,100,0,3,2,2,80,47,54,79,67,50,76,1,38,72,Higher Studies,Data Analyst,84.5,Good,54.4,59.4,Law
B.Tech,IT,2,7.93,79,5.5,3.4,6.6,5.8,95,95,0,6,4,5,87,79,79,75,74,57,66,2,90,73,Freelancing,Product Manager,74.4,Average,78.3,61.1,Tech
B.Com,Hons,1,6.36,54,3.8,1.5,6.3,3.1,86,81,3,2,3,2,28,59,72,48,62,61,48,0,50,66,Placement,Data Analyst,37.2,At Risk,36.0,39.1,Commerce
Law,Corporate,2,7.38,68,3.2,2.6,6.8,6.0,79,90,2,5,2,5,68,78,60,72,82,66,73,1,69,86,Placement,Product Manager,52.5,At Risk,72.9,48.7,Law
B.Tech,IT,2,6.81,66,2.1,2.0,7.1,5.1,81,77,2,5,2,3,100,28,54,60,57,41,38,1,51,77,Research,QA Engineer,44.7,At Risk,52.1,70.6,Tech
Law,Corporate,1,8.63,79,6.7,2.0,7.7,4.9,100,100,0,3,2,3,74,56,62,76,78,85,79,1,71,70,Higher Studies,Product Manager,83.6,Good,67.5,45.1,Law
B.Tech,CSE,3,7.21,77,4.5,3.1,6.5,9.8,90,82,0,6,4,3,89,65,65,89,49,72,79,2,81,74,Placement,UI/UX Designer,72.0,Average,78.9,54.1,Tech
BBA,HR,2,8.21,79,3.3,2.5,7.1,3.7,90,94,0,5,3,4,53,53,94,67,79,56,63,2,100,93,Placement,Data Analyst,77.7,Good,91.4,58.8,Management
BCA,General,1,7.47,84,6.1,4.2,6.5,4.7,97,90,1,6,5,8,99,53,69,55,69,47,69,2,80,81,Freelancing,Cloud Engineer,72.4,Average,80.0,87.3,Tech
BBA,HR,1,7.35,91,4.5,4.5,7.6,5.1,99,100,0,8,4,6,59,79,86,56,78,85,75,1,73,95,Government Job,UI/UX Designer,76.6,Good,90.2,79.7,Management
B.Tech,ECE,2,8.82,88,7.8,4.7,6.8,4.5,100,100,0,7,5,9,76,91,91,87,76,80,87,1,91,93,Government Job,Business Analyst,87.7,Good,91.3,66.9,Tech
B.Tech,CSE,4,6.38,78,4.7,2.0,8.0,5.3,83,78,2,3,1,5,58,45,51,58,53,54,55,0,56,82,Placement,Product Manager,46.6,At Risk,45.0,40.1,Tech
BCA,General,1,6.63,63,2.9,1.8,7.6,6.8,82,77,3,2,1,2,60,56,70,70,39,58,54,1,51,71,Placement,UI/UX Designer,38.9,At Risk,38.6,70.1,Tech
B.Tech,IT,3,8.17,76,4.1,3.3,6.8,6.3,86,92,1,5,4,6,85,62,64,68,61,90,63,2,72,90,Government Job,Product Manager,68.1,Average,73.6,60.5,Tech
B.Com,General,2,8.14,80,5.2,1.8,6.1,5.3,100,96,0,2,2,1,41,69,54,48,43,82,70,0,60,65,Research,Business Analyst,79.0,Good,45.0,44.7,Commerce
BCA,General,2,8.88,84,5.0,1.8,7.4,4.0,97,95,0,5,2,5,65,44,63,76,45,67,77,0,64,76,Research,Business Analyst,86.4,Good,64.3,47.9,Tech
B.Tech,AI&DS,4,8.64,86,5.4,3.1,7.8,4.3,98,92,0,5,3,7,67,54,72,77,59,80,73,3,83,83,Higher Studies,Data Engineer,84.3,Good,80.6,97.7,Tech
BBA,HR,3,9.55,97,7.0,3.9,6.4,4.7,100,100,0,7,5,6,82,80,72,86,60,71,73,2,89,88,Research,Data Analyst,93.1,Excellent,88.4,63.4,Management
BBA,HR,2,8.07,94,4.9,3.9,7.2,2.4,100,98,0,4,3,4,64,57,68,83,40,69,56,1,79,77,Startup,Business Analyst,82.1,Good,75.0,45.6,Management
BBA,Finance,2,7.24,66,3.6,2.5,6.6,5.3,85,77,1,4,3,6,52,80,51,64,45,63,61,1,83,75,Government Job,Product Manager,55.0,At Risk,67.5,61.4,Management
BCA,General,4,8.19,79,4.6,4.0,5.7,5.5,97,88,0,8,6,7,85,54,89,78,77,68,64,2,96,100,Placement,Cloud Engineer,78.7,Good,96.2,81.4,Tech
BBA,Finance,4,8.39,62,4.0,3.0,5.7,6.7,91,91,2,5,0,2,75,56,63,65,63,67,62,2,75,81,Higher Studies,Business Analyst,59.6,Average,70.0,55.3,Management
Law,Criminal,2,8.71,82,6.4,2.4,7.1,6.9,100,100,0,4,3,4,72,46,88,70,72,65,75,1,49,86,Research,Business Analyst,85.4,Good,72.2,46.4,Law
B.Tech,CSE,2,7.12,62,1.1,2.3,5.1,7.1,81,75,4,4,3,1,71,28,80,86,46,48,47,0,60,74,Higher Studies,Cloud Engineer,35.4,At Risk,58.2,31.3,Tech
B.Com,General,2,7.26,53,2.4,2.0,6.7,7.8,73,78,1,3,2,2,74,40,64,62,43,64,56,1,67,71,Placement,Data Analyst,50.5,At Risk,50.7,39.2,Commerce
BBA,Finance,1,8.49,85,5.3,3.6,6.1,5.5,98,94,0,6,3,5,50,69,94,47,85,55,56,0,69,78,Research,Data Analyst,80.8,Good,68.6,75.6,Management
B.Tech,ECE,4,7.61,75,4.7,3.1,6.9,5.7,96,96,1,3,4,4,60,58,75,49,53,60,70,2,72,76,Research,Cybersecurity Analyst,67.0,Average,65.6,43.4,Tech
B.Tech,IT,1,7.87,66,3.5,1.6,6.9,6.4,92,92,1,4,4,1,62,67,68,69,39,90,86,1,70,64,Placement,UI/UX Designer,65.2,Average,53.5,68.6,Tech
BCA,General,1,7.76,75,5.1,2.2,6.7,7.3,99,84,2,4,3,5,82,52,79,49,58,69,71,2,78,97,Higher Studies,Data Engineer,62.7,Average,75.6,92.0,Tech
B.Tech,IT,1,7.78,75,5.8,3.0,5.5,5.8,88,92,1,5,4,5,58,80,76,53,80,67,65,1,62,73,Startup,Data Scientist,69.8,Average,66.7,73.2,Tech
B.Tech,CSE,4,7.13,77,3.4,2.6,5.4,5.7,88,85,1,7,4,5,92,64,95,58,54,63,66,1,74,73,Higher Studies,Full Stack Developer,59.8,Average,77.5,67.4,Tech
B.Tech,IT,4,7.8,73,3.8,3.8,7.4,6.3,84,79,2,6,6,4,63,54,84,54,42,81,62,2,73,100,Startup,Product Manager,53.5,At Risk,74.8,83.0,Tech
BBA,Marketing,3,8.45,82,6.8,3.5,6.5,5.5,100,100,0,5,4,6,63,72,68,52,54,82,78,1,76,78,Government Job,UI/UX Designer,88.7,Good,75.5,76.9,Management
BBA,Marketing,2,7.35,75,3.7,2.3,6.6,9.1,83,81,4,2,3,5,66,54,54,57,68,56,57,0,54,63,Research,UI/UX Designer,42.0,At Risk,38.3,29.6,Management
B.Tech,AI&DS,3,7.52,69,5.5,0.8,6.5,3.2,88,87,0,2,2,2,50,59,65,37,54,84,74,1,66,64,Higher Studies,Frontend Developer,69.2,Average,49.7,58.9,Tech
B.Com,General,2,6.83,79,5.1,1.8,8.2,7.5,87,82,1,4,3,3,70,55,71,62,49,69,66,1,78,70,Government Job,Business Analyst,59.2,Average,68.3,46.7,Commerce
B.Tech,IT,4,7.5,87,3.8,6.0,7.7,5.2,96,95,1,10,7,10,100,63,97,71,70,60,62,2,96,98,Research,Backend Developer,68.5,Average,94.1,57.4,Tech
B.Tech,CSE,3,7.04,77,5.2,4.1,6.5,6.4,100,90,0,6,4,6,85,63,72,66,54,51,59,0,73,87,Placement,Data Scientist,71.1,Average,77.0,73.5,Tech
B.Tech,AI&DS,4,8.19,83,5.5,2.9,6.2,3.9,94,92,0,4,2,5,88,70,95,69,68,63,68,1,67,87,Freelancing,Data Scientist,79.7,Good,80.9,55.8,Tech
B.Tech,IT,3,7.22,70,4.0,1.2,6.7,8.8,81,88,4,2,1,0,43,49,69,58,50,62,57,0,47,88,Placement,Cloud Engineer,42.6,At Risk,26.7,44.7,Tech
B.Tech,ECE,3,8.14,72,3.0,3.7,6.7,7.3,89,89,3,5,4,4,72,44,86,88,62,68,70,2,72,76,Higher Studies,UI/UX Designer,55.7,Average,66.1,48.7,Tech
B.Com,Hons,3,7.52,77,5.0,2.4,7.8,4.6,99,90,0,2,1,2,63,90,72,70,50,74,70,1,48,56,Government Job,Business Analyst,65.8,Average,32.8,51.3,Commerce
B.Com,General,3,7.94,96,5.0,3.2,7.2,4.6,100,88,0,6,2,6,85,58,54,67,60,61,60,2,85,84,Higher Studies,Product Manager,79.5,Good,79.8,71.5,Commerce
BCA,General,4,6.56,62,2.4,0.0,7.0,5.4,82,86,2,0,0,0,58,60,42,40,36,51,61,0,35,61,Startup,Frontend Developer,44.8,At Risk,22.1,31.4,Tech
BCA,General,3,7.25,66,5.0,2.4,6.8,7.2,98,95,3,5,2,4,59,29,64,47,63,47,57,1,73,84,Placement,Full Stack Developer,55.8,Average,55.1,46.3,Tech
BCA,General,2,7.54,64,5.6,1.5,6.1,7.7,88,91,0,4,2,4,75,86,58,75,34,81,65,1,66,82,Placement,Backend Developer,70.6,Average,61.9,51.1,Tech
B.Tech,AI&DS,2,7.88,72,4.5,4.4,6.8,4.9,89,94,1,6,3,4,92,60,76,76,74,62,62,1,74,96,Higher Studies,AI Engineer,74.7,Average,76.1,66.5,Tech
B.Tech,AI&DS,1,9.8,73,6.9,4.9,7.5,7.9,100,100,0,6,5,6,90,26,82,100,91,67,59,1,64,96,Startup,Machine Learning Engineer,97.1,Excellent,84.9,61.1,Tech
Law,Corporate,4,7.31,49,3.1,3.3,6.4,9.3,86,71,1,5,5,4,87,49,82,58,81,57,48,1,55,83,Startup,Data Analyst,56.5,Average,70.0,44.5,Law
BCA,General,2,7.73,83,6.1,2.2,6.6,5.4,100,98,0,7,5,6,71,48,77,74,75,66,85,1,71,96,Higher Studies,Cybersecurity Analyst,81.0,Good,85.0,75.2,Tech
B.Tech,ECE,1,8.44,94,7.3,5.1,8.9,3.3,100,98,0,7,4,6,93,61,79,87,63,54,75,1,71,93,Freelancing,QA Engineer,84.8,Good,81.9,70.4,Tech
B.Tech,ECE,3,8.34,84,5.7,3.1,6.4,3.5,96,100,0,6,3,7,67,54,79,78,67,54,55,1,74,95,Research,Software Engineer,84.8,Good,85.8,79.1,Tech
BBA,Finance,4,8.12,78,5.7,3.6,5.9,4.6,93,100,0,7,5,4,73,51,75,86,51,62,69,2,72,91,Placement,Data Analyst,81.3,Good,85.0,76.8,Management
B.Tech,IT,4,7.23,72,5.0,2.1,6.9,5.6,83,88,2,3,3,3,62,64,53,63,57,54,64,1,58,52,Research,Business Analyst,53.0,At Risk,45.2,35.6,Tech
B.Tech,AI&DS,4,7.33,77,5.4,0.0,7.0,6.8,96,96,0,0,0,0,36,44,67,41,62,62,62,0,35,65,Higher Studies,Business Analyst,73.0,Average,45.0,43.5,Tech
B.Tech,CSE,4,6.02,62,1.0,1.1,6.8,7.0,71,71,3,1,3,3,49,42,58,57,24,89,54,1,44,73,Placement,Product Manager,29.2,At Risk,45.0,41.0,Tech
B.Tech,CSE,1,7.23,65,3.1,2.3,6.3,7.8,81,71,0,5,4,5,55,67,55,79,30,60,73,1,74,71,Placement,AI Engineer,58.4,Average,64.2,44.9,Tech
BBA,HR,2,7.42,70,4.6,2.4,8.1,5.5,90,93,4,2,2,3,74,65,85,75,80,78,68,2,74,92,Placement,UI/UX Designer,45.5,At Risk,74.8,65.1,Management
B.Tech,CSE,3,6.98,75,3.0,3.0,6.8,6.0,85,80,0,4,3,3,100,56,77,89,57,53,42,2,75,81,Higher Studies,Machine Learning Engineer,62.4,Average,73.6,60.6,Tech
B.Tech,CSE,3,7.32,78,3.9,1.6,7.5,6.1,82,88,0,1,1,3,87,51,62,63,34,44,52,1,54,54,Placement,Data Engineer,67.1,Average,45.0,50.7,Tech
Law,Criminal,2,7.95,73,3.7,3.3,6.4,7.2,88,89,1,3,4,6,66,42,49,65,51,58,58,0,56,84,Placement,Cybersecurity Analyst,65.4,Average,49.3,43.6,Law
B.Tech,CSE,1,7.3,81,3.8,5.0,6.9,5.3,92,92,2,8,6,9,71,47,77,76,67,68,59,2,82,74,Placement,Cybersecurity Analyst,61.8,Average,83.0,78.6,Tech
B.Com,Hons,4,7.38,62,4.7,0.6,6.4,7.5,90,87,0,5,2,1,37,65,53,47,29,61,56,1,39,68,Placement,Business Analyst,60.9,Average,47.8,42.2,Commerce
Law,Criminal,3,8.23,63,4.0,1.0,6.6,6.1,89,86,3,3,1,3,49,64,57,52,51,60,58,0,50,62,Higher Studies,Product Manager,52.1,At Risk,35.8,41.2,Law
BBA,HR,4,8.85,72,7.0,2.5,7.7,4.5,100,100,0,6,3,5,95,58,87,76,71,67,74,2,74,83,Government Job,Data Analyst,81.2,Good,76.0,75.2,Management
B.Tech,CSE,2,7.76,72,5.7,4.2,7.8,6.0,97,94,0,5,4,5,100,50,96,77,72,61,59,0,56,97,Freelancing,DevOps Engineer,75.2,Good,83.9,82.5,Tech
B.Tech,AI&DS,2,6.72,67,4.0,1.1,5.9,7.5,79,76,1,3,2,2,39,35,75,65,49,71,68,0,50,67,Placement,Cybersecurity Analyst,52.3,At Risk,54.6,45.9,Tech
B.Tech,CSE,4,7.06,54,4.1,3.0,5.8,5.6,83,81,0,6,4,2,61,48,72,71,40,50,54,1,61,72,Government Job,Backend Developer,60.4,Average,69.3,36.4,Tech
B.Tech,CSE,3,8.22,83,5.8,4.4,7.9,4.7,99,97,0,6,5,5,69,51,90,83,74,51,71,1,82,98,Startup,Cloud Engineer,82.5,Good,81.8,52.0,Tech
B.Com,General,3,8.28,70,4.7,1.0,6.4,7.5,98,96,0,3,2,2,87,40,64,68,49,62,69,0,53,56,Placement,Business Analyst,77.3,Good,49.8,57.1,Commerce
BCA,General,1,8.12,83,4.7,2.9,7.3,4.6,93,88,1,4,3,5,69,87,74,64,56,76,72,2,86,83,Placement,Business Analyst,74.8,Average,75.9,87.1,Tech
B.Tech,IT,1,6.33,72,3.7,2.0,6.6,4.7,75,77,3,3,3,4,85,54,53,66,60,60,58,1,62,62,Placement,Product Manager,34.2,At Risk,51.3,61.9,Tech
Law,Corporate,3,7.78,81,5.7,0.4,7.6,4.4,95,86,1,2,2,3,52,31,63,58,54,48,58,0,44,54,Government Job,Business Analyst,69.6,Average,45.0,55.7,Law
B.Tech,CSE,4,7.87,64,4.0,2.7,6.1,2.4,96,87,3,6,5,6,80,59,56,84,68,65,67,2,95,80,Placement,Data Engineer,49.8,At Risk,83.7,68.7,Tech
BCA,General,2,7.6,71,5.2,3.8,7.3,6.1,84,89,1,5,2,3,68,45,65,61,59,72,64,0,77,64,Government Job,Backend Developer,63.2,Average,58.3,49.2,Tech
B.Tech,AI&DS,4,7.82,73,5.0,1.8,7.2,7.1,90,92,0,5,3,5,86,74,70,63,49,82,79,1,60,58,Higher Studies,Cybersecurity Analyst,73.1,Average,60.5,70.3,Tech
B.Tech,CSE,1,7.83,84,5.3,4.0,6.8,6.9,94,89,2,5,6,5,89,59,93,59,66,62,67,1,63,100,Government Job,AI Engineer,62.7,Average,74.9,74.2,Tech
B.Tech,AI&DS,3,7.93,78,6.5,1.7,7.1,6.2,90,88,0,2,1,6,57,40,59,50,33,60,51,0,56,74,Government Job,Data Analyst,75.1,Good,45.0,55.3,Tech
BCA,General,2,9.03,93,6.5,3.7,7.9,5.7,100,100,0,5,3,5,68,47,79,74,48,55,75,0,60,70,Placement,Cloud Engineer,92.7,Excellent,62.5,61.7,Tech
BCA,General,2,9.17,76,7.2,3.9,7.3,7.1,100,100,0,7,3,4,74,86,87,84,59,71,67,1,67,91,Startup,Cloud Engineer,86.4,Good,80.8,65.6,Tech
BCA,General,1,7.75,76,5.5,3.1,7.7,5.9,98,92,2,6,4,6,75,50,79,42,60,76,70,1,81,83,Higher Studies,UI/UX Designer,63.8,Average,79.4,50.5,Tech
BCA,General,2,7.95,76,3.6,2.2,8.4,6.8,87,87,1,4,4,6,77,40,80,78,47,85,59,2,66,93,Higher Studies,Data Analyst,64.6,Average,74.7,80.3,Tech
BCA,General,2,7.27,80,4.3,2.2,6.8,3.3,88,86,1,6,1,3,52,50,68,54,47,59,62,0,54,88,Placement,Software Engineer,57.4,Average,58.4,56.1,Tech
B.Tech,CSE,3,7.1,66,3.6,1.6,6.6,7.9,85,80,2,2,2,5,65,31,71,59,45,78,61,1,58,83,Higher Studies,Business Analyst,49.2,At Risk,53.6,48.5,Tech
B.Tech,IT,1,7.97,63,3.1,3.6,5.9,6.5,86,78,1,4,2,5,61,28,80,75,56,55,41,1,64,100,Placement,Software Engineer,59.7,Average,71.8,57.6,Tech
BCA,General,3,7.63,88,4.4,4.8,7.3,5.3,96,90,0,8,5,7,90,62,62,86,70,61,77,2,83,88,Placement,Backend Developer,80.1,Good,94.0,84.4,Tech
B.Tech,ECE,1,7.44,66,4.7,0.8,6.9,5.1,85,83,1,2,3,3,66,66,53,63,42,73,71,1,58,68,Placement,UI/UX Designer,56.7,Average,45.0,44.8,Tech
B.Tech,IT,4,7.65,85,4.9,3.9,5.8,5.4,88,88,0,5,3,6,91,63,79,77,62,63,65,1,84,87,Higher Studies,Backend Developer,78.0,Good,73.4,54.0,Tech
B.Tech,AI&DS,2,6.67,49,1.0,0.0,7.8,5.9,67,68,4,1,0,1,30,54,33,37,26,60,39,0,35,54,Placement,Data Analyst,20.5,At Risk,20.2,39.3,Tech
B.Tech,IT,1,7.16,70,3.4,3.1,6.8,7.7,83,82,0,6,5,5,77,57,74,52,51,54,67,1,74,80,Startup,Machine Learning Engineer,68.5,Average,75.6,73.9,Tech
BCA,General,2,7.54,74,2.7,4.5,6.4,7.2,85,80,1,6,3,6,80,29,76,93,65,45,52,1,73,83,Startup,Backend Developer,62.7,Average,79.8,74.9,Tech
BCA,General,3,7.82,73,3.4,3.9,6.9,5.8,83,79,1,6,4,5,64,63,100,60,76,71,48,2,87,88,Startup,Cybersecurity Analyst,63.6,Average,88.3,82.4,Tech
BCA,General,2,7.59,75,5.6,2.6,5.7,2.6,85,93,1,3,3,6,43,33,64,52,52,48,39,0,51,82,Placement,Cybersecurity Analyst,67.6,Average,58.2,57.3,Tech
BCA,General,3,7.35,74,4.3,0.6,6.9,4.9,92,86,1,2,1,4,42,37,76,38,45,40,30,0,50,65,Government Job,DevOps Engineer,63.9,Average,44.7,44.1,Tech
BCA,General,1,8.37,80,6.0,3.9,6.7,3.8,100,93,0,8,4,6,94,55,91,87,94,65,59,2,80,95,Freelancing,DevOps Engineer,85.9,Good,93.5,54.4,Tech
BCA,General,2,9.0,78,6.1,3.0,7.6,6.8,100,100,0,5,3,6,72,51,75,63,46,61,82,0,65,79,Placement,Data Analyst,91.5,Excellent,73.6,59.3,Tech
B.Tech,CSE,3,7.14,62,2.7,3.9,6.8,5.2,85,87,1,7,4,5,72,43,79,66,49,48,47,1,66,94,Startup,Frontend Developer,56.7,Average,70.0,56.3,Tech
B.Tech,CSE,4,6.71,59,2.1,0.6,6.3,7.8,78,82,2,1,1,0,27,34,55,45,46,55,65,0,35,54,Placement,UI/UX Designer,39.6,At Risk,20.0,52.6,Tech
BCA,General,4,8.85,77,6.0,4.3,6.2,6.5,96,97,0,7,5,4,74,36,74,76,81,44,52,0,57,91,Placement,Software Engineer,78.5,Good,75.9,55.7,Tech
B.Com,General,3,7.06,76,3.9,3.6,7.4,4.2,84,75,1,6,4,6,86,96,63,75,36,78,69,1,86,72,Placement,Data Analyst,56.6,Average,72.7,66.4,Commerce
B.Tech,ECE,2,7.25,68,1.8,2.6,8.1,3.5,80,78,1,4,3,5,71,56,46,41,37,68,59,1,66,77,Placement,Software Engineer,56.6,Average,61.2,67.7,Tech
B.Tech,IT,1,8.56,82,4.7,3.3,6.7,5.8,96,89,0,6,4,5,57,51,76,73,65,76,74,1,68,92,Freelancing,Software Engineer,81.8,Good,78.2,54.9,Tech
B.Tech,AI&DS,3,8.23,88,6.0,6.0,6.2,2.8,100,99,0,9,5,9,92,53,77,73,77,60,69,2,100,92,Placement,Backend Developer,85.9,Good,97.7,67.5,Tech
B.Tech,IT,3,7.02,57,2.9,2.0,5.6,10.2,76,78,1,4,2,3,56,45,53,56,37,70,55,1,69,73,Placement,UI/UX Designer,49.8,At Risk,49.5,68.1,Tech
B.Tech,ECE,2,7.72,86,4.3,3.0,7.4,4.8,93,86,0,4,1,4,64,59,39,76,49,79,69,1,77,82,Placement,Cloud Engineer,72.5,Average,69.0,75.4,Tech
B.Tech,CSE,3,8.75,72,5.5,3.8,4.9,3.7,98,96,0,7,5,6,79,60,100,77,76,65,77,2,100,89,Higher Studies,Full Stack Developer,82.5,Good,94.6,60.0,Tech
Law,Corporate,2,6.72,75,1.7,1.3,6.3,3.2,76,77,0,4,1,3,68,55,62,46,52,54,49,0,55,66,Government Job,Business Analyst,57.3,Average,57.6,47.2,Law
B.Tech,IT,3,8.13,72,4.0,3.3,6.3,7.8,94,94,1,6,3,2,82,34,70,48,67,47,53,1,68,79,Startup,Machine Learning Engineer,65.8,Average,65.1,72.7,Tech
B.Tech,AI&DS,2,7.09,62,3.8,1.6,7.4,6.1,87,79,4,3,0,4,59,52,73,63,72,77,73,2,68,78,Government Job,Business Analyst,39.1,At Risk,60.7,51.2,Tech
BCA,General,2,7.58,84,5.1,4.3,7.0,4.1,93,99,1,7,3,5,84,21,83,79,59,49,60,1,60,95,Higher Studies,Backend Developer,67.4,Average,64.8,60.6,Tech
Law,Criminal,4,8.17,85,5.3,1.7,7.9,5.6,100,89,1,4,2,5,48,43,85,57,47,50,51,1,49,87,Placement,Cybersecurity Analyst,72.7,Average,55.9,51.3,Law
B.Tech,ECE,3,8.47,77,5.1,1.8,7.4,7.9,90,94,0,7,4,4,82,57,92,54,90,74,66,1,72,86,Higher Studies,Backend Developer,76.7,Good,91.6,66.2,Tech
B.Com,General,4,8.53,71,3.9,1.1,6.2,4.6,93,94,3,0,0,1,39,52,45,54,41,82,65,1,42,61,Higher Studies,Business Analyst,57.9,Average,29.3,33.7,Commerce
B.Com,General,1,6.82,70,3.8,2.2,7.3,7.4,88,92,2,3,2,3,63,49,75,58,37,62,74,0,53,76,Higher Studies,Data Analyst,49.8,At Risk,46.8,17.8,Commerce
B.Tech,CSE,4,6.44,69,2.4,1.2,6.1,7.6,77,78,3,2,1,1,32,37,74,57,40,76,58,2,44,61,Research,Frontend Developer,33.4,At Risk,42.0,36.3,Tech
B.Tech,IT,1,7.63,73,5.1,1.3,8.7,6.0,94,100,0,5,4,3,54,51,50,64,56,63,76,0,55,83,Government Job,Business Analyst,73.2,Average,70.0,54.3,Tech
B.Tech,IT,3,8.19,65,4.4,2.0,7.3,6.5,96,96,1,6,4,6,63,42,85,64,56,61,73,3,62,90,Government Job,Backend Developer,66.9,Average,73.4,69.5,Tech
B.Tech,AI&DS,3,8.49,86,5.7,3.8,7.0,4.0,97,96,0,8,4,6,68,46,80,66,72,60,80,2,97,83,Government Job,Data Scientist,90.1,Excellent,87.5,92.5,Tech
BCA,General,1,7.55,72,4.8,1.5,7.2,2.4,93,99,0,6,3,3,75,43,63,90,66,70,62,0,60,81,Higher Studies,Data Analyst,71.5,Average,69.5,84.5,Tech
B.Tech,CSE,2,7.49,77,3.8,4.7,7.5,7.2,93,82,1,4,3,6,67,34,77,60,65,74,72,1,60,72,Placement,Product Manager,63.2,Average,65.5,74.2,Tech
B.Tech,AI&DS,2,7.7,67,3.7,3.0,6.4,5.9,85,85,2,6,4,4,69,63,63,49,68,72,61,0,81,74,Government Job,Software Engineer,54.6,At Risk,65.2,62.3,Tech
B.Com,General,3,7.53,83,5.9,1.8,6.8,5.7,98,95,0,5,3,4,67,65,69,64,51,59,61,0,50,73,Government Job,Product Manager,73.1,Average,51.5,35.8,Commerce
Law,Corporate,2,8.95,78,6.0,3.8,6.3,8.1,100,92,0,6,4,6,73,61,84,68,62,56,77,1,73,85,Placement,Product Manager,79.5,Good,73.5,57.9,Law
BCA,General,1,7.5,65,3.6,2.6,6.9,5.3,92,88,0,4,2,3,49,65,63,80,67,75,64,0,65,80,Government Job,Frontend Developer,67.5,Average,65.6,69.0,Tech
B.Tech,AI&DS,4,7.36,75,5.7,4.4,7.7,4.6,99,94,0,6,3,7,88,65,66,67,75,76,73,2,76,89,Placement,DevOps Engineer,75.6,Good,83.4,69.4,Tech
B.Com,General,2,6.76,71,4.2,2.2,6.9,5.9,93,84,4,2,3,1,47,49,76,52,29,76,79,1,48,68,Higher Studies,Business Analyst,36.2,At Risk,41.9,48.3,Commerce
B.Tech,AI&DS,3,8.55,71,5.8,2.3,7.4,7.0,100,94,1,2,4,1,49,70,54,62,42,67,63,0,47,64,Higher Studies,Business Analyst,74.9,Average,29.5,56.5,Tech
B.Tech,CSE,4,7.15,59,4.3,1.4,5.6,7.9,80,89,0,4,2,4,46,66,73,62,50,62,64,1,74,80,Research,Frontend Developer,58.8,Average,58.8,48.6,Tech
B.Tech,IT,4,7.75,79,4.7,1.6,8.2,3.3,95,95,0,1,1,4,49,44,64,45,45,43,52,1,46,81,Higher Studies,Cloud Engineer,74.7,Average,45.0,41.5,Tech
B.Tech,IT,1,6.53,50,1.8,2.2,7.4,5.5,67,78,4,3,3,3,67,46,62,42,50,46,54,1,54,58,Startup,Software Engineer,26.2,At Risk,45.0,64.6,Tech
Law,Criminal,4,9.18,78,8.0,5.1,7.6,6.4,100,100,0,8,7,8,100,48,100,87,78,80,80,3,99,100,Research,Business Analyst,92.5,Excellent,97.2,85.5,Law
B.Tech,IT,2,8.37,81,8.0,4.3,6.2,5.1,100,100,0,7,3,8,95,76,63,90,60,65,81,1,78,81,Placement,Data Scientist,87.0,Good,81.4,78.1,Tech
Law,Corporate,3,7.79,78,2.8,2.9,6.4,4.1,95,89,2,6,2,1,54,47,69,70,54,67,76,1,74,78,Government Job,Business Analyst,59.2,Average,61.4,56.6,Law
B.Tech,IT,2,8.12,72,3.4,1.7,8.0,5.5,93,94,0,3,2,3,38,48,49,64,60,41,62,0,48,53,Placement,Data Scientist,76.5,Good,43.7,33.7,Tech
BCA,General,1,7.39,94,6.3,4.7,7.3,6.4,99,89,0,7,4,5,73,53,75,57,55,65,50,1,79,74,Placement,Cybersecurity Analyst,77.0,Good,73.8,78.8,Tech
BBA,HR,3,8.9,86,6.9,3.3,5.8,8.0,100,100,0,8,4,4,77,53,92,86,81,79,86,1,91,89,Startup,Product Manager,89.6,Good,92.2,67.3,Management
B.Tech,ECE,4,7.66,92,5.4,2.5,7.3,2.2,100,94,1,5,2,3,70,64,75,83,62,69,49,1,75,71,Higher Studies,Cloud Engineer,74.4,Average,79.1,69.1,Tech
B.Com,Hons,2,7.87,73,5.0,2.2,7.0,6.3,94,85,0,5,6,3,58,61,81,61,41,43,57,0,64,83,Research,Business Analyst,72.0,Average,66.0,61.5,Commerce
B.Com,Hons,4,7.39,59,3.3,0.8,6.3,6.2,81,80,4,2,0,0,38,43,66,57,46,71,53,0,58,50,Placement,Product Manager,33.4,At Risk,28.1,42.3,Commerce
BCA,General,3,7.33,66,2.9,0.8,7.1,4.9,81,81,2,5,2,4,52,68,44,51,57,52,51,0,48,65,Placement,Full Stack Developer,50.9,At Risk,53.1,37.5,Tech
B.Tech,CSE,1,7.0,79,4.9,3.5,6.3,6.0,92,84,1,7,6,7,91,72,99,58,64,77,75,1,78,83,Placement,Cloud Engineer,59.4,Average,81.6,75.7,Tech
BCA,General,4,7.35,71,4.5,2.6,8.2,4.1,90,79,0,3,3,4,58,89,70,55,54,78,71,1,69,67,Placement,Full Stack Developer,64.4,Average,64.2,46.1,Tech
BCA,General,1,7.47,71,2.9,2.3,6.2,7.0,92,91,1,3,0,4,46,54,57,52,54,61,61,0,65,74,Startup,QA Engineer,60.2,Average,49.3,54.7,Tech
B.Tech,ECE,1,8.23,76,4.0,1.3,7.2,8.6,98,95,1,3,6,3,46,34,51,64,50,50,52,1,73,78,Research,Data Scientist,73.5,Average,59.3,55.5,Tech
B.Com,General,3,7.05,89,4.4,2.0,8.3,2.0,90,90,0,6,0,4,77,64,45,58,50,58,56,1,79,75,Freelancing,Business Analyst,69.3,Average,67.6,72.9,Commerce
BCA,General,4,7.28,59,4.3,1.9,5.7,7.8,89,88,1,4,2,3,80,44,56,61,49,52,41,1,61,67,Placement,Data Engineer,53.4,At Risk,55.3,47.4,Tech
Law,Corporate,1,8.54,77,4.1,1.2,7.3,8.4,94,89,1,4,2,4,59,62,73,65,64,74,81,0,73,75,Placement,Business Analyst,73.2,Average,60.4,51.3,Law
Law,Corporate,2,7.7,59,4.7,3.3,5.5,6.5,93,91,0,4,3,4,38,51,75,68,65,41,49,1,41,90,Higher Studies,Cybersecurity Analyst,75.8,Good,54.4,47.0,Law
BBA,Finance,1,7.01,71,3.9,1.6,8.1,3.2,87,84,2,1,0,1,32,35,49,55,44,59,64,0,37,58,Placement,Product Manager,56.0,Average,26.0,15.1,Management
BCA,General,1,7.8,91,4.0,4.2,7.4,3.7,94,87,1,3,3,4,57,56,65,56,56,70,60,1,61,87,Placement,Backend Developer,69.1,Average,63.2,57.3,Tech
Law,Criminal,2,8.44,87,5.7,1.1,8.1,4.0,94,87,0,2,2,4,73,43,68,46,56,63,65,0,52,65,Higher Studies,Product Manager,79.5,Good,52.2,45.3,Law
B.Tech,CSE,3,7.54,85,4.6,3.1,6.9,4.8,97,87,0,7,4,5,71,68,80,87,57,75,58,2,99,87,Government Job,Product Manager,75.4,Good,90.5,67.5,Tech
B.Tech,CSE,2,8.47,84,5.5,3.2,7.6,7.3,100,100,0,7,3,6,72,63,90,47,72,60,71,1,85,87,Higher Studies,Data Analyst,86.6,Good,76.6,65.3,Tech
B.Tech,CSE,1,8.11,71,3.8,1.6,7.6,6.9,94,90,0,5,4,1,68,52,58,58,69,60,58,0,60,75,Placement,Product Manager,73.8,Average,56.7,56.3,Tech
BBA,Marketing,2,8.09,91,4.7,3.9,7.4,6.8,100,93,0,5,3,7,87,67,92,75,60,73,76,1,72,84,Placement,UI/UX Designer,78.8,Good,77.0,68.2,Management
B.Tech,IT,2,7.66,73,4.8,2.7,7.4,6.8,89,93,0,5,4,7,75,70,65,65,47,75,71,1,79,90,Startup,Product Manager,73.9,Average,76.9,74.2,Tech
BCA,General,4,7.77,50,3.6,2.4,7.4,8.0,87,85,3,3,3,3,52,59,60,79,65,42,57,0,71,67,Startup,Software Engineer,48.8,At Risk,52.6,63.3,Tech
BCA,General,2,6.61,66,4.5,1.8,5.2,11.0,81,89,1,4,4,5,74,37,73,72,69,48,60,1,60,63,Placement,Frontend Developer,50.9,At Risk,70.0,70.8,Tech
BCA,General,3,6.92,66,3.6,1.8,8.1,6.0,82,75,2,3,2,1,54,55,62,55,56,63,48,1,53,54,Placement,Backend Developer,45.9,At Risk,38.8,43.0,Tech
B.Tech,ECE,2,6.99,72,4.2,2.5,6.6,4.4,90,78,1,6,6,5,79,36,72,78,60,60,58,1,54,88,Placement,Backend Developer,58.5,Average,72.1,66.4,Tech
B.Com,Hons,3,7.36,83,5.0,3.1,6.7,6.4,94,95,0,6,5,5,51,64,75,58,71,49,56,1,70,91,Placement,Data Analyst,73.9,Average,68.1,59.4,Commerce
B.Tech,ECE,3,8.03,78,5.0,4.1,7.3,6.6,94,93,2,7,4,6,100,66,100,96,70,69,75,3,100,87,Placement,Software Engineer,67.0,Average,95.8,74.4,Tech
BCA,General,4,6.66,64,3.1,2.2,7.9,3.5,85,77,2,5,4,3,63,41,67,44,50,56,50,1,46,69,Placement,Cloud Engineer,47.8,At Risk,49.9,46.0,Tech
BCA,General,3,7.83,75,5.0,2.9,6.6,5.1,98,93,1,5,2,5,88,73,71,77,53,73,69,2,86,90,Higher Studies,Software Engineer,71.3,Average,79.9,58.6,Tech
BBA,Finance,2,7.14,55,4.1,0.9,6.2,6.1,84,85,1,2,1,4,51,75,67,43,41,78,75,1,49,76,Freelancing,Business Analyst,54.4,At Risk,45.0,50.9,Management
B.Tech,ECE,2,6.46,68,4.9,2.1,5.9,6.4,86,84,3,1,3,2,68,25,58,46,48,43,30,0,50,77,Startup,DevOps Engineer,38.8,At Risk,35.6,55.1,Tech
Law,Criminal,4,6.89,71,5.0,2.0,7.3,6.6,90,89,3,4,2,2,67,48,72,63,58,61,63,0,62,73,Startup,Data Analyst,49.2,At Risk,50.5,42.0,Law
B.Tech,IT,2,7.63,73,3.2,3.6,7.7,4.0,86,82,1,6,4,4,84,73,60,64,51,38,66,1,65,83,Higher Studies,DevOps Engineer,65.7,Average,73.5,56.3,Tech
B.Tech,CSE,4,6.95,65,3.0,1.3,6.5,4.6,86,86,3,4,2,4,57,47,68,65,68,50,77,0,49,83,Placement,Data Scientist,48.3,At Risk,47.4,39.7,Tech
B.Tech,AI&DS,2,7.43,77,4.4,2.7,7.2,4.1,85,91,1,4,1,5,72,86,66,52,40,56,54,1,64,72,Startup,DevOps Engineer,63.5,Average,54.0,40.3,Tech
B.Tech,ECE,4,7.78,85,5.5,5.3,7.0,6.5,91,88,0,7,4,7,86,68,100,66,81,69,48,1,74,76,Higher Studies,Backend Developer,76.6,Good,82.2,55.7,Tech
BCA,General,1,7.65,79,4.9,5.5,7.1,3.7,96,84,0,8,4,5,75,53,89,87,59,77,64,1,71,79,Placement,Full Stack Developer,78.4,Good,83.5,69.1,Tech
BBA,Marketing,3,6.89,67,2.8,3.0,6.7,5.7,75,75,1,5,4,3,69,44,49,74,70,47,54,1,60,67,Startup,UI/UX Designer,54.9,At Risk,60.0,35.6,Management
B.Tech,CSE,2,7.02,66,5.0,3.9,6.1,7.6,82,93,3,5,4,4,91,45,98,86,74,47,50,1,67,94,Startup,AI Engineer,48.7,At Risk,81.0,82.4,Tech
B.Tech,ECE,1,7.39,73,4.2,3.4,6.9,4.6,90,99,0,4,4,4,78,61,63,77,41,71,78,0,54,68,Placement,AI Engineer,73.5,Average,61.0,63.2,Tech
B.Tech,CSE,3,7.97,77,5.7,3.8,6.3,5.4,92,95,3,5,3,4,58,59,71,65,65,60,66,2,66,63,Placement,Cybersecurity Analyst,57.5,Average,63.2,59.5,Tech
B.Tech,AI&DS,1,7.09,54,2.7,1.7,6.6,6.8,76,72,2,4,4,2,72,47,65,77,64,65,67,2,85,74,Research,UI/UX Designer,44.4,At Risk,70.0,58.3,Tech
BBA,Finance,1,7.97,86,4.5,2.7,6.9,6.9,88,92,0,5,1,5,70,50,71,52,54,79,76,2,80,86,Placement,Product Manager,73.7,Average,78.2,75.4,Management
BCA,General,4,8.19,83,5.4,6.0,7.0,5.9,89,91,3,9,8,8,100,37,87,89,67,90,70,3,100,100,Research,Backend Developer,61.3,Average,96.3,81.3,Tech
B.Tech,IT,2,7.02,57,2.9,2.2,6.3,5.3,81,82,3,5,2,2,62,44,81,67,51,61,55,1,58,68,Placement,Business Analyst,40.5,At Risk,56.2,73.9,Tech
BCA,General,2,7.83,75,4.6,3.7,6.3,2.3,92,98,3,5,7,6,100,44,100,79,83,47,48,1,62,88,Placement,Data Engineer,56.6,Average,75.3,63.5,Tech
B.Tech,ECE,1,7.64,74,3.9,2.3,6.2,7.6,90,95,0,4,5,3,57,44,58,69,74,47,59,0,51,64,Placement,Cybersecurity Analyst,66.5,Average,52.6,55.1,Tech
BBA,Marketing,1,7.13,63,2.6,3.3,6.6,4.9,81,72,1,4,3,6,71,47,65,57,73,71,52,1,73,86,Higher Studies,UI/UX Designer,51.0,At Risk,69.0,52.7,Management
B.Tech,ECE,1,8.31,81,6.8,5.7,8.5,7.3,99,89,0,8,8,8,85,61,99,100,70,72,69,2,91,100,Higher Studies,Full Stack Developer,83.8,Good,92.9,91.3,Tech
B.Tech,CSE,2,7.78,81,3.9,3.2,6.8,7.2,88,86,1,6,5,4,66,44,80,50,56,58,64,1,77,85,Freelancing,Data Analyst,66.0,Average,80.0,72.1,Tech
B.Tech,IT,1,7.22,66,4.3,1.4,6.5,6.5,84,81,0,3,2,1,51,39,62,43,47,31,62,0,50,64,Higher Studies,Software Engineer,61.8,Average,48.4,51.0,Tech
B.Tech,CSE,1,8.48,86,4.8,2.9,5.8,6.3,97,100,1,6,1,4,69,61,57,57,73,75,72,1,75,70,Placement,Full Stack Developer,78.4,Good,74.6,80.0,Tech
B.Tech,IT,2,7.24,76,4.5,2.4,7.8,5.7,93,90,1,6,2,5,71,58,74,62,58,65,58,0,71,88,Startup,Cloud Engineer,65.4,Average,71.6,52.1,Tech
BCA,General,4,8.87,84,5.9,4.3,5.8,4.7,100,97,0,8,5,4,60,48,100,99,82,49,64,3,97,69,Startup,Full Stack Developer,89.6,Good,95.8,56.2,Tech
Law,Criminal,4,7.29,80,5.4,1.8,7.7,5.2,91,90,2,4,1,5,81,52,58,69,54,49,56,1,58,73,Placement,Business Analyst,56.5,Average,49.9,26.8,Law
B.Com,Hons,4,7.62,87,3.0,2.3,7.8,5.2,87,88,1,6,3,5,78,57,55,53,34,60,64,1,60,79,Higher Studies,Product Manager,65.1,Average,67.5,49.1,Commerce
BCA,General,1,7.79,61,3.8,2.7,6.0,6.6,88,85,4,6,5,6,67,32,63,64,83,55,60,2,78,88,Placement,Software Engineer,43.2,At Risk,67.8,62.6,Tech
B.Tech,CSE,1,6.27,59,1.1,0.8,7.3,5.5,75,70,4,3,3,2,59,42,65,48,47,60,51,0,35,58,Placement,Cybersecurity Analyst,21.7,At Risk,29.0,36.2,Tech
B.Tech,IT,4,7.26,64,3.3,2.4,8.0,6.4,93,84,0,4,3,3,78,56,97,59,50,65,53,2,73,91,Freelancing,AI Engineer,61.7,Average,77.2,72.1,Tech
B.Tech,IT,3,6.91,80,4.3,2.6,6.6,5.1,89,81,0,3,1,3,53,62,59,46,57,64,67,1,53,66,Freelancing,Data Scientist,65.1,Average,51.7,62.7,Tech
BCA,General,2,7.38,60,3.7,3.0,5.5,7.2,85,82,1,5,4,5,70,23,81,63,55,63,55,2,81,76,Placement,Software Engineer,55.7,Average,78.5,60.4,Tech
B.Com,General,2,6.79,70,4.3,2.2,6.9,6.0,81,86,3,4,2,0,76,49,58,68,43,69,65,0,48,64,Placement,Product Manager,49.0,At Risk,45.0,56.0,Commerce
Law,Criminal,4,7.37,76,4.0,3.1,6.4,5.9,78,81,2,7,5,6,56,32,55,62,73,63,44,2,76,93,Freelancing,Business Analyst,52.9,At Risk,73.1,58.3,Law
B.Tech,CSE,4,7.82,86,5.5,2.9,7.3,5.7,99,95,0,4,3,3,71,49,65,79,56,75,68,1,71,80,Placement,Backend Developer,78.4,Good,68.2,51.4,Tech
B.Com,General,4,6.81,62,2.9,0.6,6.8,6.2,76,77,2,1,1,1,66,42,52,57,31,68,44,0,35,54,Research,Business Analyst,42.0,At Risk,24.1,41.9,Commerce
B.Com,General,2,7.38,76,5.9,1.7,6.6,4.5,92,94,0,6,4,3,54,68,75,62,65,79,82,2,80,73,Higher Studies,Product Manager,76.5,Good,81.2,74.4,Commerce
B.Tech,IT,1,7.52,73,4.8,4.3,7.5,4.9,100,85,0,5,3,8,62,49,72,64,66,64,59,1,68,62,Startup,Machine Learning Engineer,70.7,Average,65.8,67.3,Tech
B.Tech,ECE,2,8.71,80,5.7,3.1,5.8,7.5,91,89,1,4,3,4,50,58,75,66,77,65,74,1,75,81,Startup,Business Analyst,74.5,Average,60.2,49.4,Tech
BCA,General,1,8.41,65,4.4,1.9,7.1,4.9,97,86,0,3,2,1,67,59,86,81,54,46,45,0,56,72,Placement,QA Engineer,73.2,Average,63.3,67.2,Tech
B.Com,General,1,7.37,79,3.5,4.7,6.3,7.2,92,91,0,8,4,6,91,65,89,78,83,80,68,1,100,91,Freelancing,Data Analyst,71.5,Average,91.1,76.5,Commerce
BCA,General,1,8.71,78,5.1,4.4,6.3,7.1,90,90,1,6,7,5,68,46,85,88,64,76,61,2,93,86,Placement,Data Engineer,74.8,Average,86.2,67.3,Tech
Law,Corporate,2,8.37,80,5.8,2.9,6.8,5.3,100,97,0,5,3,6,75,55,94,77,45,77,98,2,86,94,Placement,Business Analyst,85.1,Good,83.9,68.9,Law
BCA,General,1,6.9,65,3.4,2.8,5.3,6.6,77,76,1,6,4,3,48,49,76,81,53,69,44,1,63,79,Freelancing,Cybersecurity Analyst,48.5,At Risk,63.1,61.5,Tech
B.Com,General,2,8.09,86,5.5,3.5,7.6,5.4,91,100,0,4,3,5,50,57,54,65,60,60,53,1,62,76,Research,Data Analyst,80.2,Good,64.9,55.5,Commerce
B.Com,General,3,7.77,82,4.7,2.8,7.0,5.0,98,91,0,4,3,2,58,47,58,49,51,54,57,1,68,82,Placement,Product Manager,80.1,Good,58.9,48.0,Commerce
B.Tech,CSE,3,7.93,78,4.5,2.4,7.6,9.0,89,90,1,6,3,3,77,51,64,63,50,74,69,1,64,73,Placement,Backend Developer,66.4,Average,57.9,74.8,Tech
BCA,General,1,8.2,87,5.8,2.7,6.9,4.3,100,93,0,7,5,6,68,56,87,66,78,48,66,0,85,84,Placement,Frontend Developer,81.1,Good,78.9,61.0,Tech
B.Tech,ECE,4,7.96,73,3.7,0.3,6.0,6.5,84,83,2,0,3,4,42,38,68,39,55,67,67,1,51,70,Higher Studies,Product Manager,54.0,At Risk,37.2,53.1,Tech
B.Tech,IT,4,7.31,54,3.7,2.3,5.8,7.8,93,77,1,5,3,5,73,41,73,74,74,43,74,1,70,75,Freelancing,Full Stack Developer,50.1,At Risk,63.3,58.2,Tech
B.Tech,CSE,4,7.31,84,3.8,2.4,7.0,2.6,85,87,0,4,2,1,53,39,54,54,50,37,48,0,38,65,Freelancing,AI Engineer,68.2,Average,46.9,47.1,Tech
B.Tech,ECE,1,8.79,67,3.5,2.6,5.8,3.6,92,87,1,7,4,4,71,76,66,65,60,81,62,1,98,78,Placement,Data Analyst,73.7,Average,85.0,54.5,Tech
B.Tech,IT,3,7.32,72,3.5,1.9,5.9,7.7,86,82,2,5,2,4,60,44,55,53,53,51,48,0,41,61,Higher Studies,Cloud Engineer,51.8,At Risk,31.5,63.0,Tech
B.Tech,IT,3,6.48,81,4.4,4.8,8.9,4.3,87,82,1,8,5,5,83,59,82,65,60,71,58,2,91,82,Placement,Cloud Engineer,53.3,At Risk,93.7,91.5,Tech
Law,Corporate,3,7.65,67,3.6,3.3,7.1,7.7,86,85,4,5,2,3,62,52,66,72,55,69,69,2,73,77,Freelancing,Business Analyst,44.6,At Risk,70.0,58.3,Law
B.Tech,IT,4,7.83,62,4.9,3.3,6.8,5.3,88,85,2,3,3,3,77,38,81,64,61,53,62,1,53,68,Research,Machine Learning Engineer,57.9,Average,49.5,63.6,Tech
BBA,HR,1,7.87,82,6.0,3.2,6.1,6.8,94,95,1,6,5,4,82,46,82,65,69,70,73,1,72,83,Placement,Data Analyst,74.4,Average,81.6,66.3,Management
BBA,HR,4,7.47,66,2.5,1.0,5.5,5.8,82,76,2,2,2,1,36,60,60,54,46,59,57,1,36,61,Placement,UI/UX Designer,51.6,At Risk,30.0,48.5,Management
BCA,General,4,6.5,50,2.5,2.7,6.5,8.4,73,70,1,5,4,5,70,32,68,58,55,68,44,2,68,81,Placement,Full Stack Developer,43.0,At Risk,70.0,63.9,Tech
B.Com,Hons,3,7.1,72,3.6,0.9,5.9,5.6,88,82,3,4,2,5,61,54,65,41,49,68,73,1,65,69,Freelancing,Business Analyst,46.4,At Risk,36.9,31.3,Commerce
B.Tech,ECE,2,6.55,55,2.9,2.3,6.0,8.9,76,70,2,1,0,0,32,35,64,38,49,46,47,1,35,47,Freelancing,Frontend Developer,35.2,At Risk,20.1,29.1,Tech
B.Tech,CSE,2,7.61,63,3.5,5.0,7.2,7.7,95,86,0,8,6,6,79,57,100,76,77,86,76,3,100,100,Placement,Machine Learning Engineer,73.2,Average,95.4,76.9,Tech
B.Tech,CSE,1,7.61,77,3.5,3.7,5.9,5.9,91,93,0,6,4,5,56,63,78,74,62,71,53,1,67,67,Placement,QA Engineer,73.0,Average,73.5,55.4,Tech
B.Tech,IT,3,7.35,100,6.0,3.5,8.6,2.4,100,100,0,7,5,7,73,53,75,56,57,79,68,2,86,75,Higher Studies,Data Analyst,83.1,Good,87.7,52.6,Tech
B.Tech,CSE,3,7.18,71,5.2,2.6,8.1,6.1,93,87,1,7,4,3,79,46,72,64,46,69,64,2,77,77,Freelancing,Data Engineer,65.0,Average,64.7,61.0,Tech
Law,Corporate,3,7.69,63,4.4,1.2,6.8,6.8,79,82,0,2,2,2,37,50,39,36,54,68,57,1,63,57,Government Job,Product Manager,63.6,Average,42.2,51.1,Law
B.Tech,ECE,3,6.76,59,3.5,3.3,7.0,8.1,82,76,3,4,4,5,73,76,64,83,60,56,66,1,61,88,Placement,Data Scientist,39.3,At Risk,58.2,62.7,Tech
B.Tech,IT,1,6.79,68,4.5,3.6,7.2,6.7,81,87,2,6,5,7,62,36,73,69,52,65,57,1,66,77,Placement,Machine Learning Engineer,48.4,At Risk,70.0,55.0,Tech
B.Tech,AI&DS,1,7.35,79,5.0,4.5,7.7,5.2,95,90,1,7,2,7,68,77,47,62,43,66,62,1,80,70,Placement,DevOps Engineer,62.1,Average,71.1,80.9,Tech
B.Tech,ECE,1,8.2,77,4.2,4.2,6.4,5.8,90,90,3,7,6,7,78,37,83,81,81,54,74,1,100,100,Startup,Software Engineer,58.2,Average,92.9,74.7,Tech
BBA,Marketing,1,8.37,89,6.2,3.5,6.2,5.1,87,100,0,5,5,5,57,24,63,70,80,43,64,0,72,93,Placement,Business Analyst,82.7,Good,70.0,63.8,Management
BBA,HR,4,8.2,71,4.7,2.1,6.7,7.3,89,93,0,5,3,4,64,70,87,69,42,58,61,2,80,66,Placement,UI/UX Designer,72.0,Average,75.7,60.8,Management
B.Tech,IT,1,7.75,65,5.2,2.7,6.9,5.9,89,89,0,4,1,1,72,57,85,76,39,69,66,1,52,48,Placement,QA Engineer,72.4,Average,50.9,40.2,Tech
BCA,General,2,7.94,83,6.3,5.0,5.7,5.0,100,97,0,8,5,6,81,78,82,76,65,77,79,2,88,90,Placement,Data Analyst,82.1,Good,92.8,77.9,Tech
B.Tech,IT,3,8.14,88,4.4,3.6,6.8,4.7,92,90,1,4,2,4,48,53,60,56,53,46,69,1,54,72,Government Job,Data Engineer,73.4,Average,49.8,41.7,Tech
B.Tech,AI&DS,2,7.18,76,4.4,3.7,7.4,5.2,99,93,2,6,5,4,74,66,68,79,57,68,83,1,78,91,Freelancing,Cloud Engineer,58.2,Average,77.7,56.1,Tech
B.Tech,IT,4,9.22,95,8.0,6.0,7.5,6.5,100,100,0,9,6,8,100,56,98,76,80,70,78,3,95,85,Research,Machine Learning Engineer,90.8,Excellent,96.6,61.1,Tech
B.Tech,IT,4,6.35,69,2.3,2.0,6.9,6.1,81,78,3,4,3,2,64,51,56,48,40,60,53,1,49,53,Startup,Cloud Engineer,39.0,At Risk,27.4,44.9,Tech
B.Com,Hons,2,7.48,57,4.2,1.9,6.8,5.2,86,82,1,2,3,0,63,50,54,53,58,71,78,0,59,72,Startup,Business Analyst,59.4,Average,47.9,53.4,Commerce
BBA,Finance,3,8.6,86,5.9,3.8,7.1,5.4,100,100,0,7,5,7,91,78,100,87,56,73,90,1,91,88,Government Job,Data Analyst,86.0,Good,85.6,70.3,Management
B.Tech,CSE,3,7.26,82,4.7,3.0,7.6,4.1,90,82,2,6,4,6,54,59,65,64,46,71,57,0,50,88,Placement,Cloud Engineer,56.0,Average,63.7,54.0,Tech
B.Tech,IT,4,7.26,82,4.6,4.4,7.7,6.7,85,83,1,3,1,6,67,37,63,68,71,51,66,1,55,85,Placement,DevOps Engineer,62.2,Average,66.1,55.9,Tech
B.Tech,AI&DS,3,7.24,62,2.4,0.0,5.6,6.0,80,78,0,0,1,3,22,44,43,35,54,47,66,0,52,79,Placement,Data Engineer,57.9,Average,27.9,51.6,Tech
Law,Criminal,2,7.35,75,5.5,1.6,7.8,6.3,98,94,0,4,2,3,67,42,60,53,46,54,63,0,40,58,Higher Studies,Cybersecurity Analyst,71.2,Average,32.2,31.5,Law
BBA,Finance,1,7.43,70,4.3,2.3,6.4,4.8,92,88,1,4,2,4,51,55,49,63,44,70,73,1,80,94,Placement,UI/UX Designer,57.9,Average,64.2,60.2,Management
B.Tech,CSE,3,8.04,89,4.2,1.4,7.1,7.3,99,88,1,1,2,2,40,50,53,57,40,62,50,1,51,55,Freelancing,Cybersecurity Analyst,73.4,Average,31.4,48.0,Tech
BCA,General,3,7.36,80,4.3,3.4,7.8,3.9,80,76,3,5,4,5,74,33,79,70,55,59,48,1,62,67,Placement,QA Engineer,43.9,At Risk,61.0,56.3,Tech
Law,Corporate,3,8.13,75,4.7,0.8,6.6,5.6,96,91,2,3,2,4,33,46,51,48,50,67,52,1,69,71,Government Job,Data Analyst,62.5,Average,57.1,55.7,Law
BBA,HR,2,6.16,71,4.2,0.9,5.2,6.0,80,69,4,0,2,2,51,36,48,42,20,69,70,0,46,51,Placement,Business Analyst,28.0,At Risk,21.5,43.7,Management
B.Tech,ECE,4,7.39,81,3.3,2.6,7.4,7.5,85,88,0,6,2,3,58,58,77,65,54,35,65,1,63,74,Research,Machine Learning Engineer,69.1,Average,58.9,51.6,Tech
BCA,General,3,7.49,73,3.0,2.1,6.3,6.4,77,89,1,6,3,6,78,66,65,63,48,63,59,0,66,69,Higher Studies,DevOps Engineer,55.3,Average,59.6,76.2,Tech
B.Tech,CSE,2,7.71,72,3.3,2.0,6.9,6.5,80,89,2,3,2,1,62,53,54,52,49,65,44,0,39,86,Freelancing,UI/UX Designer,58.6,Average,45.0,40.6,Tech
BCA,General,2,7.5,79,4.9,3.8,6.5,3.9,92,91,0,7,5,5,76,70,100,73,87,85,69,2,96,96,Placement,UI/UX Designer,74.8,Average,97.3,79.6,Tech
BBA,Marketing,1,6.06,61,2.0,1.0,7.2,7.2,78,75,1,3,0,3,46,31,51,54,25,73,56,1,60,75,Placement,Product Manager,45.4,At Risk,48.8,53.1,Management
B.Com,General,3,7.87,72,5.2,1.7,6.7,6.2,100,87,1,3,2,4,79,72,63,51,42,76,69,1,54,61,Government Job,Business Analyst,71.4,Average,47.2,47.7,Commerce
B.Tech,IT,2,7.22,54,2.1,1.6,7.3,3.7,85,75,3,4,4,3,50,48,75,47,80,52,48,1,60,66,Freelancing,Backend Developer,38.1,At Risk,56.4,43.0,Tech
BCA,General,4,7.79,83,5.0,1.7,7.4,7.4,91,91,1,4,1,4,61,48,69,62,66,68,63,0,54,77,Research,Cybersecurity Analyst,60.4,Average,66.1,55.9,Tech
B.Com,Hons,2,6.62,57,3.5,0.3,6.6,6.2,79,77,3,1,2,4,39,51,62,49,57,42,56,0,38,81,Freelancing,Business Analyst,36.6,At Risk,25.2,28.0,Commerce
B.Com,General,2,6.87,73,4.7,1.2,7.2,4.6,94,89,2,3,2,4,76,68,75,57,54,76,70,1,61,89,Higher Studies,Data Analyst,57.3,Average,62.3,54.6,Commerce
B.Tech,CSE,3,7.4,63,3.8,1.3,6.7,5.5,86,88,2,5,1,1,63,36,78,64,58,55,46,2,67,87,Startup,Frontend Developer,55.9,Average,71.5,67.3,Tech
B.Tech,IT,2,6.91,64,3.5,1.5,7.6,6.9,79,80,0,4,2,3,58,33,72,61,27,70,74,1,79,87,Higher Studies,UI/UX Designer,57.1,Average,66.8,70.3,Tech
BCA,General,4,7.05,69,3.8,2.3,7.5,5.8,82,83,4,3,2,2,52,66,50,66,46,67,81,1,56,70,Higher Studies,Business Analyst,38.2,At Risk,39.9,49.0,Tech
BCA,General,3,8.29,92,6.4,3.7,7.7,5.0,99,94,0,7,6,7,87,54,70,53,82,62,59,1,92,95,Placement,Full Stack Developer,84.9,Good,82.0,67.7,Tech
B.Tech,IT,4,8.72,85,6.9,3.3,6.5,7.3,99,100,0,4,4,5,67,46,77,62,67,62,59,1,76,84,Research,Data Engineer,82.6,Good,79.5,89.1,Tech
BBA,Marketing,1,6.46,72,2.8,2.6,6.1,4.8,78,74,4,1,0,1,50,51,56,34,23,55,65,0,47,60,Freelancing,UI/UX Designer,30.0,At Risk,20.0,34.0,Management
BCA,General,1,8.23,82,4.8,5.1,7.5,5.8,99,91,0,7,4,8,67,61,66,72,67,76,71,2,85,93,Placement,Frontend Developer,79.5,Good,86.9,93.7,Tech
BBA,Marketing,1,6.23,62,2.9,1.4,7.0,7.4,76,81,2,1,0,0,52,46,42,53,51,58,65,0,36,50,Placement,Business Analyst,44.5,At Risk,25.1,25.8,Management
B.Tech,AI&DS,4,8.14,93,5.4,3.5,6.5,2.9,94,93,0,6,5,5,69,59,72,57,44,66,72,1,90,91,Placement,UI/UX Designer,79.4,Good,80.5,72.9,Tech
B.Tech,ECE,2,7.51,82,4.5,5.6,7.6,4.0,99,91,1,7,4,6,76,64,96,74,69,61,64,1,77,96,Startup,Software Engineer,74.3,Average,89.1,87.7,Tech
Law,Corporate,3,8.32,73,2.6,2.5,7.1,8.0,100,99,2,4,2,4,65,65,75,92,51,63,79,1,60,69,Higher Studies,Product Manager,66.5,Average,58.9,42.0,Law
B.Tech,CSE,2,8.25,68,5.6,5.6,6.6,6.3,90,89,1,10,8,8,97,66,100,99,99,36,61,1,81,100,Freelancing,Machine Learning Engineer,66.9,Average,98.0,63.9,Tech
BBA,Finance,4,7.04,70,3.3,1.5,7.1,5.9,89,81,1,3,1,4,66,34,51,44,34,61,39,1,62,76,Government Job,Data Analyst,62.4,Average,46.1,60.4,Management
BCA,General,4,8.07,70,4.7,3.6,7.3,8.4,90,92,3,4,3,5,75,61,70,65,56,52,54,2,63,82,Startup,Full Stack Developer,54.4,At Risk,71.7,79.8,Tech
BCA,General,2,8.78,87,6.5,4.8,7.4,6.0,100,99,0,8,5,6,88,57,91,57,65,83,75,1,91,100,Government Job,Frontend Developer,90.2,Excellent,92.8,85.0,Tech
B.Tech,ECE,1,7.5,81,5.1,1.6,6.7,5.0,94,91,0,6,2,3,70,79,72,59,53,76,85,1,65,67,Placement,QA Engineer,77.0,Good,71.4,64.8,Tech
BCA,General,2,7.92,77,5.6,4.2,6.6,5.0,99,100,0,6,4,9,95,52,70,81,65,42,59,1,74,87,Freelancing,DevOps Engineer,78.7,Good,80.1,62.0,Tech
B.Tech,IT,2,7.38,61,3.6,2.9,6.9,5.2,93,81,1,5,5,3,69,54,70,44,68,63,79,0,70,87,Higher Studies,DevOps Engineer,56.6,Average,70.0,65.3,Tech
B.Tech,IT,2,6.98,72,2.7,1.7,5.4,5.2,81,83,3,0,3,2,27,46,64,65,45,54,75,1,35,61,Placement,Frontend Developer,45.6,At Risk,21.3,49.1,Tech
B.Tech,CSE,3,7.5,69,5.3,2.3,7.9,6.5,91,89,2,6,4,6,81,67,61,59,57,68,62,1,80,93,Startup,UI/UX Designer,58.2,Average,72.8,63.2,Tech
B.Com,Hons,4,8.41,58,4.8,1.2,5.7,6.3,94,95,1,3,2,1,38,47,52,75,64,74,72,1,47,56,Freelancing,Business Analyst,65.8,Average,48.8,29.0,Commerce
B.Tech,ECE,4,8.05,64,4.6,2.3,6.6,6.0,100,100,1,4,1,2,53,40,70,69,36,66,81,0,57,72,Research,Frontend Developer,68.0,Average,46.7,60.7,Tech
BBA,HR,1,7.2,55,1.3,2.0,6.7,8.3,74,78,1,3,2,0,54,44,63,58,51,56,57,0,48,69,Research,UI/UX Designer,48.8,At Risk,43.9,31.8,Management
BCA,General,1,7.22,76,4.8,0.4,7.7,3.1,90,90,0,2,0,3,53,65,44,43,49,70,71,0,52,66,Freelancing,UI/UX Designer,70.1,Average,46.0,33.7,Tech
BCA,General,3,7.89,72,4.4,3.2,6.8,8.0,87,88,1,4,4,5,77,40,68,71,54,48,58,1,53,83,Higher Studies,QA Engineer,65.2,Average,73.5,56.1,Tech
BBA,Marketing,3,6.47,58,1.0,0.5,6.3,5.7,82,76,0,2,3,2,53,44,77,40,42,75,64,0,63,78,Higher Studies,UI/UX Designer,53.4,At Risk,52.1,63.0,Management
BCA,General,3,7.07,58,2.7,2.4,6.5,8.4,87,75,2,2,2,0,60,35,85,57,55,56,55,1,52,81,Startup,Data Analyst,51.4,At Risk,47.2,37.1,Tech
B.Tech,IT,4,7.54,62,3.4,1.2,9.0,4.9,83,83,1,3,0,0,49,68,47,53,20,63,64,1,47,54,Placement,UI/UX Designer,60.8,Average,20.0,39.0,Tech
BBA,Marketing,2,6.99,66,1.7,3.3,8.0,6.8,70,71,3,3,3,2,75,85,41,57,45,92,61,2,71,78,Placement,Business Analyst,40.8,At Risk,55.0,77.6,Management
B.Tech,AI&DS,1,8.43,79,6.7,2.6,6.5,4.1,96,100,0,4,3,6,52,48,77,72,70,68,66,1,70,78,Government Job,Full Stack Developer,85.9,Good,76.9,69.0,Tech
B.Com,Hons,2,8.15,82,5.8,2.8,7.3,6.5,95,95,1,5,3,5,58,87,65,49,69,72,63,1,67,78,Higher Studies,Product Manager,69.6,Average,72.6,57.4,Commerce
B.Tech,CSE,2,7.96,67,6.0,1.9,6.9,3.4,90,94,0,4,3,5,31,52,58,62,35,50,61,0,69,66,Higher Studies,Cloud Engineer,76.9,Good,52.4,44.7,Tech
BCA,General,1,6.83,72,3.3,3.5,6.8,6.8,92,80,2,7,4,5,69,37,75,48,63,43,51,1,75,94,Placement,Cloud Engineer,52.5,At Risk,70.0,47.7,Tech
BCA,General,3,6.64,68,3.5,0.0,7.0,5.9,92,77,2,2,0,0,42,42,52,36,53,53,51,0,50,62,Higher Studies,Business Analyst,46.6,At Risk,25.9,53.4,Tech
B.Tech,AI&DS,2,6.95,71,6.1,5.1,8.4,7.3,94,90,0,9,5,8,82,73,95,71,62,74,61,2,77,82,Freelancing,AI Engineer,67.5,Average,85.1,58.7,Tech
B.Tech,CSE,3,7.42,71,4.0,3.0,6.6,4.8,88,79,1,7,3,5,81,55,71,94,31,77,55,2,76,87,Startup,Cybersecurity Analyst,56.5,Average,81.6,71.2,Tech
BCA,General,4,6.44,74,3.6,3.1,6.7,5.8,86,85,3,6,5,4,81,67,74,92,46,62,45,2,74,70,Freelancing,Data Engineer,40.3,At Risk,72.4,75.1,Tech
BCA,General,3,7.64,81,6.1,2.5,7.8,4.9,95,100,1,4,2,3,74,44,64,56,58,57,61,0,76,77,Higher Studies,Cybersecurity Analyst,71.1,Average,64.2,51.5,Tech
B.Com,Hons,4,6.48,79,5.1,2.3,8.2,5.2,90,80,1,3,2,3,74,47,59,51,36,48,53,0,45,56,Higher Studies,Business Analyst,53.8,At Risk,47.5,40.5,Commerce
B.Com,General,4,6.99,70,3.4,1.6,6.8,4.0,86,82,1,5,3,2,45,49,59,42,64,80,65,2,75,67,Research,Data Analyst,54.1,At Risk,64.4,69.0,Commerce
Law,Criminal,2,7.31,72,4.9,0.9,8.2,4.5,88,89,0,3,1,2,51,56,71,50,20,63,81,0,38,66,Higher Studies,Business Analyst,65.8,Average,40.7,40.7,Law
B.Tech,IT,3,7.88,57,6.3,4.0,7.1,5.9,95,86,1,5,7,5,81,51,90,85,69,62,75,1,78,88,Research,AI Engineer,68.3,Average,82.4,82.5,Tech
B.Tech,AI&DS,2,8.19,80,5.1,4.2,6.4,6.6,96,92,0,3,4,6,66,60,65,69,50,61,65,1,55,71,Placement,AI Engineer,78.8,Good,63.8,70.1,Tech
BBA,Finance,2,6.65,76,3.3,3.3,6.4,5.9,84,87,0,3,1,4,95,47,67,60,41,56,46,0,66,76,Placement,Data Analyst,62.3,Average,49.3,65.1,Management
BBA,HR,3,7.44,70,3.8,0.0,6.9,7.1,81,76,2,0,0,2,44,16,79,44,37,70,45,1,35,48,Placement,Business Analyst,53.3,At Risk,20.8,20.9,Management
Law,Corporate,3,7.87,68,5.2,2.7,7.6,4.5,92,88,0,5,4,4,66,42,70,78,55,50,64,1,71,91,Higher Studies,Cybersecurity Analyst,71.7,Average,70.0,61.7,Law
B.Tech,CSE,2,7.47,81,5.4,2.9,6.0,5.6,92,86,3,7,1,2,53,52,54,43,63,76,67,1,71,74,Placement,Frontend Developer,55.6,Average,59.1,58.0,Tech
BCA,General,3,8.47,83,6.4,4.8,7.2,2.8,100,100,0,8,6,5,81,62,99,54,77,63,61,1,79,74,Placement,Data Engineer,83.4,Good,87.3,67.6,Tech
B.Tech,AI&DS,2,8.7,72,5.8,3.2,6.9,6.2,100,95,1,6,5,3,72,41,87,100,68,68,61,2,86,84,Freelancing,Software Engineer,77.8,Good,87.7,54.8,Tech
B.Tech,ECE,1,7.38,75,3.3,5.3,6.7,5.3,90,77,3,6,7,8,71,47,92,64,64,60,50,2,90,96,Government Job,Backend Developer,50.3,At Risk,86.6,74.9,Tech
B.Tech,CSE,3,8.63,69,5.2,2.6,7.0,6.9,92,91,1,4,4,4,93,38,72,73,68,78,70,2,70,82,Placement,Business Analyst,72.8,Average,83.3,82.3,Tech
B.Tech,IT,2,7.97,70,3.9,2.7,6.5,5.8,95,90,0,5,4,8,79,66,91,79,77,67,74,1,80,94,Placement,Backend Developer,72.5,Average,82.8,80.7,Tech
BCA,General,4,7.19,74,4.0,2.9,5.5,5.9,80,89,2,5,2,4,76,49,58,81,63,66,69,1,77,70,Placement,UI/UX Designer,51.1,At Risk,75.7,55.8,Tech
B.Tech,CSE,4,7.91,78,6.2,4.3,8.1,5.9,90,80,0,8,5,6,73,57,77,90,73,58,57,2,77,97,Government Job,Data Engineer,73.5,Average,97.8,74.9,Tech
B.Tech,CSE,1,7.52,78,4.3,4.0,7.6,3.9,97,95,0,6,3,4,70,32,62,58,70,54,59,1,69,81,Placement,Backend Developer,73.7,Average,74.4,61.4,Tech
BBA,Marketing,2,7.68,74,3.9,3.8,6.5,7.4,89,89,2,7,5,4,60,41,78,76,39,81,80,2,91,96,Higher Studies,Product Manager,62.2,Average,80.7,79.8,Management
Law,Criminal,3,6.86,63,4.3,0.0,6.8,5.0,80,80,1,2,2,1,47,66,42,55,41,54,75,1,43,47,Freelancing,Business Analyst,54.1,At Risk,28.5,29.0,Law
B.Tech,IT,1,7.87,80,5.2,3.2,6.7,6.0,89,91,1,5,1,3,66,66,63,69,48,78,61,1,63,76,Startup,UI/UX Designer,65.9,Average,57.2,49.5,Tech
B.Tech,IT,4,7.83,67,3.9,2.7,7.1,6.7,83,86,1,4,4,4,59,58,61,65,69,66,62,2,70,78,Placement,Frontend Developer,64.1,Average,70.0,49.5,Tech
B.Tech,AI&DS,3,7.33,58,2.4,2.2,6.2,8.4,83,79,3,4,2,2,53,27,73,42,51,61,59,1,63,68,Placement,Cybersecurity Analyst,41.4,At Risk,45.8,59.5,Tech
B.Tech,ECE,4,7.62,91,4.0,4.4,7.2,5.7,93,87,0,8,4,7,93,52,78,66,69,55,51,1,82,100,Placement,DevOps Engineer,76.4,Good,87.2,91.3,Tech
BCA,General,2,8.27,67,5.4,2.7,8.0,5.8,98,89,3,5,4,5,48,32,78,65,67,57,60,1,83,86,Freelancing,Full Stack Developer,57.6,Average,70.0,69.0,Tech
B.Tech,AI&DS,3,8.28,80,7.5,2.8,7.0,4.3,100,99,0,4,3,6,80,63,74,75,48,63,80,1,83,69,Research,DevOps Engineer,79.8,Good,83.5,73.5,Tech
B.Tech,IT,3,8.51,89,5.2,2.9,6.8,5.9,97,92,0,6,4,6,74,55,68,72,39,53,68,2,75,66,Higher Studies,Full Stack Developer,85.3,Good,70.0,72.1,Tech
Law,Corporate,3,6.99,59,4.7,2.1,7.3,6.4,92,82,1,4,3,4,53,63,53,85,43,63,66,2,73,79,Higher Studies,Product Manager,58.1,Average,63.3,45.9,Law
B.Tech,IT,4,7.63,65,4.4,2.3,5.9,7.4,87,82,2,6,4,4,70,57,97,77,62,69,62,2,77,89,Placement,Cloud Engineer,52.0,At Risk,79.3,75.6,Tech
B.Tech,AI&DS,2,9.61,81,7.5,3.4,6.9,6.0,100,100,0,7,4,5,75,49,80,64,66,72,74,1,71,88,Research,Software Engineer,88.4,Good,87.6,85.1,Tech
B.Tech,ECE,1,8.51,73,6.1,3.9,5.7,5.7,100,97,0,6,4,9,79,67,59,81,59,80,82,1,81,90,Placement,Machine Learning Engineer,81.7,Good,83.2,82.5,Tech
BCA,General,4,7.9,72,5.5,2.4,8.6,3.9,100,94,0,7,3,5,52,77,91,75,73,70,75,1,80,75,Higher Studies,Cloud Engineer,73.7,Average,74.2,62.8,Tech
BCA,General,1,8.25,97,5.4,4.3,7.1,4.2,100,98,0,9,4,4,82,66,96,79,56,65,78,0,86,68,Government Job,Data Engineer,84.7,Good,80.1,56.8,Tech
BBA,HR,3,7.93,71,3.6,2.5,7.4,5.8,95,91,2,2,2,1,73,54,77,49,53,53,59,1,44,69,Government Job,UI/UX Designer,63.0,Average,51.5,40.6,Management
BCA,General,4,8.27,61,3.6,1.4,7.1,5.7,94,88,0,2,3,5,81,49,59,51,55,69,70,1,63,76,Government Job,UI/UX Designer,75.9,Good,58.2,70.2,Tech
B.Tech,AI&DS,4,7.85,63,4.8,2.0,7.6,8.7,91,85,0,4,3,3,90,44,50,64,69,62,68,1,65,65,Placement,UI/UX Designer,68.9,Average,65.9,51.8,Tech
Law,Corporate,3,9.65,94,8.0,4.8,8.8,3.9,100,100,0,7,4,6,80,67,99,67,66,63,78,2,96,90,Higher Studies,Product Manager,100.0,Excellent,93.4,73.2,Law
Law,Corporate,1,8.81,81,5.4,3.8,6.3,7.5,98,96,1,8,4,4,87,61,72,85,72,73,81,1,82,82,Startup,Business Analyst,82.1,Good,79.1,65.5,Law
BBA,Marketing,4,7.82,62,4.6,1.7,6.9,7.5,84,90,0,3,4,2,52,51,61,65,56,69,78,1,51,63,Research,Business Analyst,67.4,Average,51.8,47.5,Management
BBA,Finance,2,7.28,68,4.8,1.2,7.3,7.3,79,88,2,5,2,2,49,62,58,62,48,67,61,0,75,81,Placement,Product Manager,48.0,At Risk,60.6,45.6,Management
BCA,General,2,8.02,81,5.6,2.3,6.1,4.3,92,88,0,2,3,5,62,66,65,53,63,62,79,0,45,80,Government Job,DevOps Engineer,78.0,Good,54.0,57.0,Tech
B.Tech,IT,1,7.94,67,5.4,0.8,6.4,7.4,95,93,2,2,3,3,60,32,47,52,51,30,40,0,35,58,Research,QA Engineer,63.0,Average,26.9,30.6,Tech
B.Tech,CSE,1,7.37,86,5.9,3.0,7.4,4.6,96,94,1,3,5,4,72,42,87,70,47,67,55,1,64,95,Placement,Backend Developer,75.3,Good,73.4,60.6,Tech
BCA,General,1,7.47,77,4.2,3.1,7.1,5.4,93,95,1,4,2,4,42,38,77,55,50,55,72,1,61,100,Research,QA Engineer,70.3,Average,60.9,71.1,Tech
BBA,Finance,3,7.54,64,5.7,1.7,8.0,5.0,91,89,0,4,2,3,60,22,47,59,48,58,58,1,57,56,Research,Product Manager,71.2,Average,54.4,57.5,Management
Law,Criminal,2,8.31,85,4.3,2.1,7.4,5.3,97,88,0,7,4,5,58,67,59,60,44,86,56,0,69,78,Freelancing,Data Analyst,82.8,Good,64.5,33.5,Law
BBA,HR,2,7.61,71,5.2,1.3,6.8,5.3,94,94,1,4,0,5,48,62,73,55,63,69,75,1,68,64,Placement,Business Analyst,63.5,Average,59.0,42.4,Management
B.Tech,ECE,4,6.81,64,2.4,1.6,6.7,6.1,88,83,1,3,2,1,66,62,75,67,50,63,53,0,54,64,Freelancing,Full Stack Developer,54.3,At Risk,47.1,55.9,Tech
B.Tech,IT,1,7.23,79,4.2,3.3,8.3,5.7,88,85,1,5,2,4,56,55,61,68,61,56,50,0,45,75,Placement,Backend Developer,61.6,Average,54.6,41.3,Tech
BCA,General,2,8.27,57,4.0,5.6,5.5,5.9,90,91,1,8,6,7,78,44,95,66,72,42,46,1,82,100,Research,Software Engineer,72.7,Average,88.4,80.9,Tech
B.Tech,IT,4,6.96,57,2.3,1.7,6.1,8.1,82,80,2,2,3,3,56,47,63,47,69,39,46,1,60,70,Placement,QA Engineer,46.9,At Risk,53.0,63.9,Tech
Law,Corporate,4,8.82,84,6.9,3.9,7.6,6.1,99,100,0,5,3,5,68,80,72,52,55,83,80,0,71,88,Government Job,Product Manager,80.4,Good,77.5,71.1,Law
BBA,Finance,3,8.08,73,5.8,1.8,6.3,6.7,95,100,0,5,2,5,67,83,66,40,59,70,74,1,86,80,Startup,Data Analyst,81.4,Good,80.0,83.5,Management
B.Tech,ECE,2,7.66,63,4.7,4.7,4.6,5.0,92,89,1,7,4,3,80,32,87,76,88,39,46,1,77,87,Startup,Backend Developer,63.1,Average,81.7,52.5,Tech
BCA,General,1,6.42,63,3.1,0.8,6.2,7.5,73,79,4,2,1,2,57,57,54,75,50,64,45,0,42,49,Government Job,Frontend Developer,30.6,At Risk,27.2,29.9,Tech
B.Tech,CSE,2,8.5,72,5.3,2.0,7.3,7.9,90,88,3,5,4,4,61,46,84,82,65,48,66,0,47,84,Placement,Data Scientist,57.4,Average,66.2,51.0,Tech
B.Tech,ECE,3,6.15,41,1.0,1.4,7.2,8.2,66,68,4,5,2,2,58,42,64,52,54,51,50,1,50,75,Research,Software Engineer,18.3,At Risk,45.5,44.9,Tech
BCA,General,3,8.37,66,5.2,3.0,7.9,7.3,92,91,0,5,5,6,53,11,84,74,60,33,64,1,68,87,Placement,Cybersecurity Analyst,77.9,Good,79.8,75.4,Tech
Law,Criminal,3,7.54,67,5.3,4.3,8.1,9.1,89,95,3,7,6,5,69,68,70,56,77,84,70,2,82,89,Government Job,Business Analyst,54.6,At Risk,80.2,73.2,Law
BCA,General,4,7.07,73,4.4,3.4,6.4,7.1,89,91,2,7,6,7,65,63,66,65,82,72,67,2,84,73,Freelancing,Cybersecurity Analyst,53.5,At Risk,82.7,63.7,Tech
B.Tech,CSE,3,8.12,79,6.2,3.5,6.7,6.3,96,99,0,5,4,5,82,56,70,58,60,82,65,0,61,90,Freelancing,Software Engineer,84.3,Good,63.6,55.7,Tech
BCA,General,4,7.45,87,5.2,4.1,8.6,4.2,92,86,0,6,5,5,74,63,93,95,65,80,58,3,77,93,Placement,Full Stack Developer,74.7,Average,87.1,63.0,Tech
B.Com,General,4,7.11,85,5.7,2.9,7.7,7.3,88,100,0,5,1,8,59,37,58,82,43,56,71,1,55,83,Research,Product Manager,72.7,Average,65.1,52.1,Commerce
B.Tech,CSE,1,7.77,80,5.4,2.0,7.8,4.7,92,88,1,4,3,4,43,56,52,50,44,73,73,0,60,74,Placement,Data Engineer,69.5,Average,53.7,40.4,Tech
B.Com,Hons,1,8.09,65,5.0,0.1,6.3,5.6,87,85,1,4,1,3,34,38,57,39,50,66,52,0,51,89,Startup,Business Analyst,62.4,Average,51.9,68.5,Commerce
B.Tech,AI&DS,4,7.39,70,3.1,3.4,6.8,9.1,83,81,1,6,6,3,63,64,94,65,86,67,60,2,88,70,Research,AI Engineer,63.7,Average,82.3,79.1,Tech
B.Tech,ECE,2,7.06,52,4.7,2.6,6.9,9.4,82,84,2,5,4,2,47,27,70,57,59,48,77,1,65,98,Startup,Machine Learning Engineer,49.2,At Risk,59.2,55.7,Tech
BCA,General,2,6.56,63,3.1,0.4,7.0,8.2,83,76,4,2,1,4,69,32,62,51,34,55,59,0,57,80,Freelancing,Data Analyst,32.0,At Risk,42.8,47.8,Tech
B.Com,General,2,6.98,70,3.3,2.1,7.1,6.0,82,80,3,5,3,3,60,71,60,56,52,64,59,0,75,69,Freelancing,Product Manager,43.9,At Risk,59.5,61.7,Commerce
B.Tech,IT,4,5.78,62,2.1,2.6,8.0,5.9,75,69,2,2,2,0,78,48,68,61,44,74,54,1,58,82,Placement,Frontend Developer,32.8,At Risk,52.9,54.4,Tech
BCA,General,1,6.87,72,4.3,3.1,8.0,4.6,80,73,0,7,6,5,81,33,71,57,55,37,43,1,65,96,Placement,Backend Developer,57.3,Average,72.9,77.8,Tech
Law,Criminal,2,5.95,66,3.2,0.9,7.9,6.3,74,77,1,2,0,1,64,25,52,64,34,59,52,0,35,60,Higher Studies,Cybersecurity Analyst,44.6,At Risk,23.6,34.6,Law
B.Tech,ECE,2,5.78,42,2.2,1.5,6.1,7.1,60,64,3,2,2,0,56,23,49,53,43,40,40,0,38,57,Placement,Backend Developer,21.0,At Risk,22.1,60.6,Tech
B.Com,General,1,7.13,59,3.1,2.6,5.4,7.2,78,82,2,4,4,4,68,42,65,83,58,82,55,1,71,72,Placement,Business Analyst,51.1,At Risk,60.4,64.3,Commerce
Law,Criminal,2,8.55,86,6.1,2.2,6.7,5.3,97,100,1,3,3,3,73,46,49,55,47,76,71,0,59,78,Higher Studies,Data Analyst,79.6,Good,60.1,40.5,Law
B.Tech,IT,4,7.64,69,4.2,2.1,8.9,4.3,91,91,0,0,1,5,37,58,52,70,42,67,64,0,49,71,Research,Business Analyst,67.7,Average,45.2,38.6,Tech
B.Com,General,1,8.7,91,5.7,3.2,6.5,4.9,100,99,0,6,2,6,73,69,65,52,50,81,86,1,78,89,Placement,Business Analyst,88.5,Good,83.8,60.9,Commerce
B.Tech,ECE,2,7.68,77,4.7,3.4,8.2,2.9,96,94,0,8,2,6,99,47,69,53,52,54,62,1,94,69,Government Job,DevOps Engineer,77.3,Good,82.1,86.1,Tech
B.Tech,CSE,3,7.59,82,5.7,2.9,8.7,5.0,94,99,0,5,2,5,64,10,67,62,57,32,58,1,60,56,Government Job,AI Engineer,79.1,Good,63.4,51.4,Tech
B.Tech,IT,3,8.6,61,5.0,4.1,5.7,8.3,100,96,1,5,7,5,76,50,78,50,81,60,66,2,85,98,Placement,Machine Learning Engineer,75.4,Good,79.7,83.1,Tech
B.Tech,CSE,3,7.81,81,5.3,3.7,7.3,8.4,92,88,1,6,4,6,63,65,84,72,43,60,52,2,84,71,Freelancing,Cloud Engineer,66.2,Average,74.6,52.9,Tech
B.Tech,AI&DS,2,8.89,71,4.4,2.5,8.8,7.5,92,85,3,4,3,4,83,77,67,74,55,68,69,1,57,67,Government Job,UI/UX Designer,63.4,Average,60.6,62.4,Tech
BBA,Marketing,1,7.28,60,2.8,3.8,6.4,6.8,84,77,2,5,4,5,76,59,88,67,86,75,65,1,83,94,Startup,Business Analyst,48.0,At Risk,79.4,56.7,Management
BCA,General,2,8.37,74,6.3,2.7,6.5,6.8,94,93,1,4,4,1,56,65,76,51,88,80,72,1,84,78,Placement,UI/UX Designer,74.8,Average,69.3,59.4,Tech
B.Tech,IT,4,8.11,66,5.1,1.0,6.2,5.9,84,83,2,0,3,1,40,31,40,54,38,39,60,0,37,56,Higher Studies,Data Engineer,53.7,At Risk,21.6,37.1,Tech
Law,Corporate,2,7.15,56,2.1,1.8,6.8,8.5,81,70,3,4,4,3,51,35,76,52,52,61,46,0,50,57,Placement,Cybersecurity Analyst,40.1,At Risk,49.9,30.7,Law
BCA,General,2,7.63,83,7.0,3.5,6.4,6.0,98,95,0,6,3,7,73,65,77,67,74,69,91,1,64,79,Freelancing,Business Analyst,76.6,Good,78.0,89.7,Tech
B.Tech,AI&DS,3,8.35,74,5.1,2.0,6.6,4.5,98,99,1,5,4,5,69,57,66,58,68,71,85,1,80,88,Higher Studies,Backend Developer,76.7,Good,71.1,54.6,Tech
B.Com,Hons,3,6.61,78,3.9,1.5,6.3,6.7,88,84,2,2,3,0,40,33,63,47,57,66,61,0,45,80,Government Job,Data Analyst,54.8,At Risk,39.2,38.4,Commerce
B.Tech,CSE,1,7.46,70,3.0,1.7,7.5,4.3,96,81,2,5,1,3,61,83,62,37,38,70,67,0,46,60,Higher Studies,Data Analyst,58.2,Average,46.8,65.1,Tech
B.Tech,AI&DS,2,7.22,64,4.7,3.1,5.8,7.1,86,87,0,6,3,3,69,31,91,71,64,41,60,1,73,80,Placement,Machine Learning Engineer,62.8,Average,69.6,70.8,Tech
Law,Corporate,4,6.84,64,4.0,1.7,6.5,5.8,86,84,2,4,4,2,49,15,67,57,70,48,41,1,63,77,Placement,Business Analyst,46.7,At Risk,67.6,29.5,Law
B.Tech,ECE,1,7.56,70,4.9,2.3,8.6,4.7,93,92,0,4,3,3,45,35,70,57,64,51,59,0,75,66,Freelancing,Full Stack Developer,69.3,Average,56.5,59.2,Tech
B.Com,General,3,7.96,75,4.0,2.8,8.4,2.1,87,86,0,5,3,3,64,43,85,64,45,57,65,1,54,74,Placement,Product Manager,73.6,Average,68.8,66.4,Commerce
BCA,General,2,8.26,82,6.5,1.9,7.6,4.6,96,91,0,4,1,6,47,60,70,56,52,71,80,0,61,81,Government Job,Business Analyst,80.6,Good,61.7,46.6,Tech
BBA,Marketing,3,7.74,84,5.1,2.0,6.7,3.6,96,91,2,1,1,3,40,73,55,59,36,85,82,1,56,70,Government Job,Product Manager,64.0,Average,40.1,48.7,Management
B.Tech,CSE,1,7.96,79,5.3,2.3,7.8,6.1,100,98,0,4,1,4,69,53,70,54,70,46,59,0,51,77,Government Job,QA Engineer,79.8,Good,55.8,43.8,Tech
B.Tech,IT,3,8.92,82,5.8,3.3,7.4,5.3,100,100,0,6,4,6,81,44,91,79,57,46,50,1,88,89,Higher Studies,Backend Developer,88.8,Good,85.0,62.6,Tech
B.Com,Hons,4,6.98,71,5.0,0.3,7.8,5.5,93,85,1,2,0,1,26,48,39,54,58,56,68,0,52,55,Research,Business Analyst,60.6,Average,27.0,54.7,Commerce
B.Com,Hons,1,8.12,78,6.4,3.3,6.7,6.9,97,92,1,6,3,6,63,43,79,61,53,64,54,1,84,83,Placement,Business Analyst,77.6,Good,79.6,75.3,Commerce
BBA,Finance,4,8.18,70,5.9,2.5,9.0,4.6,88,96,0,2,3,4,41,49,58,44,60,74,67,2,63,60,Startup,Business Analyst,76.0,Good,55.7,47.2,Management
BBA,Marketing,1,7.48,72,4.6,1.8,7.1,5.6,90,84,1,3,1,3,62,58,49,47,36,49,69,0,52,60,Placement,Product Manager,62.8,Average,24.9,26.0,Management
B.Com,Hons,1,7.91,71,4.9,2.2,7.6,5.8,97,92,2,5,3,6,79,39,57,62,62,61,60,1,62,80,Placement,Product Manager,58.2,Average,64.2,65.1,Commerce
B.Tech,ECE,4,7.13,83,4.6,2.7,7.6,5.8,90,95,1,5,4,5,79,57,69,59,48,44,57,1,57,85,Startup,DevOps Engineer,61.6,Average,59.8,60.7,Tech
BBA,HR,2,6.93,59,2.1,1.2,6.6,8.8,73,74,3,3,2,3,32,54,58,65,63,60,61,1,55,78,Government Job,UI/UX Designer,34.0,At Risk,45.0,46.6,Management
BCA,General,1,6.62,69,3.9,1.8,7.9,6.2,88,79,1,5,5,5,82,51,66,75,74,82,65,1,75,79,Placement,Frontend Developer,51.0,At Risk,74.7,69.7,Tech
B.Com,General,3,6.58,70,3.7,2.8,5.7,5.7,95,87,1,4,3,7,68,52,65,55,43,51,42,1,56,75,Placement,Data Analyst,58.3,Average,54.9,39.4,Commerce
BCA,General,2,7.65,61,4.6,4.0,7.3,6.3,84,93,1,5,5,6,66,43,100,80,75,81,58,1,61,73,Freelancing,Frontend Developer,66.0,Average,79.5,58.5,Tech
B.Tech,ECE,4,8.36,70,4.9,3.2,6.4,6.5,95,89,0,6,5,7,79,64,86,85,78,73,64,1,76,99,Freelancing,AI Engineer,76.1,Good,85.0,64.8,Tech
B.Tech,ECE,4,9.22,91,7.5,4.0,6.5,4.8,100,100,0,8,3,8,91,86,86,72,72,67,68,2,98,99,Research,Product Manager,91.6,Excellent,93.9,91.9,Tech
B.Tech,CSE,4,7.71,59,3.9,3.3,8.8,7.6,78,80,1,5,6,5,67,56,74,64,45,50,54,0,59,100,Placement,AI Engineer,56.9,Average,71.5,62.9,Tech
B.Tech,AI&DS,2,7.87,68,4.4,2.2,6.5,6.3,89,91,3,4,5,3,62,31,80,64,49,45,58,0,57,91,Higher Studies,QA Engineer,53.8,At Risk,57.8,45.8,Tech
B.Tech,CSE,4,7.1,62,5.2,0.2,6.7,6.1,78,84,1,2,0,1,32,58,48,56,53,72,64,0,46,63,Placement,UI/UX Designer,53.1,At Risk,29.7,34.1,Tech
B.Com,Hons,3,6.42,68,4.6,2.3,6.3,4.7,87,84,2,5,2,3,72,68,60,51,70,73,47,1,62,64,Research,Data Analyst,49.2,At Risk,56.4,63.7,Commerce
BCA,General,2,9.07,78,6.3,2.9,7.7,7.5,100,100,0,6,3,3,82,45,99,67,48,65,51,1,73,76,Government Job,Software Engineer,88.5,Good,76.1,67.9,Tech
BCA,General,3,8.48,52,3.9,3.9,6.3,7.9,87,92,2,6,5,2,54,67,91,80,55,59,57,2,73,74,Startup,Data Engineer,62.0,Average,74.9,60.3,Tech
B.Tech,IT,2,7.68,92,5.5,2.5,7.4,4.9,94,91,1,3,3,4,57,64,64,41,59,75,79,1,45,91,Higher Studies,Cloud Engineer,72.7,Average,53.9,52.8,Tech
B.Tech,AI&DS,2,7.6,73,4.7,1.7,7.3,7.0,78,82,2,4,3,6,86,55,71,53,53,61,59,2,69,75,Government Job,Frontend Developer,54.0,At Risk,74.8,73.7,Tech
B.Tech,CSE,1,8.49,95,4.9,3.8,6.9,6.7,100,89,0,5,4,7,61,74,89,57,71,76,57,1,82,96,Higher Studies,Business Analyst,84.5,Good,87.6,70.4,Tech
BCA,General,1,8.11,84,5.5,2.9,9.0,6.2,97,100,0,5,3,3,50,51,49,52,52,43,66,1,58,61,Government Job,DevOps Engineer,85.5,Good,46.0,48.1,Tech
B.Tech,IT,2,8.11,71,3.0,4.6,7.4,5.3,94,80,1,8,6,6,87,26,79,69,58,62,52,1,73,73,Freelancing,AI Engineer,66.9,Average,74.3,58.9,Tech
BBA,Marketing,4,7.19,81,5.1,1.5,7.3,4.5,86,84,0,1,1,2,69,28,51,64,45,54,68,0,35,74,Government Job,Business Analyst,69.2,Average,38.8,16.6,Management
Law,Corporate,3,7.23,64,3.5,1.3,6.2,6.5,82,78,2,2,2,3,54,41,68,68,35,63,74,1,60,64,Higher Studies,Business Analyst,48.9,At Risk,45.0,53.3,Law
BBA,Finance,1,8.15,71,4.7,2.1,6.3,4.5,86,89,1,3,3,3,35,56,72,72,64,77,74,1,71,76,Higher Studies,Data Analyst,65.8,Average,55.1,54.8,Management
B.Tech,IT,2,6.65,59,3.7,0.5,6.4,5.3,77,80,3,1,2,2,52,27,50,39,28,50,41,0,46,71,Freelancing,QA Engineer,35.7,At Risk,26.9,50.9,Tech
BCA,General,2,7.89,66,3.1,3.7,8.0,6.2,89,88,0,8,5,4,73,41,90,87,63,47,47,1,82,99,Higher Studies,Cybersecurity Analyst,68.6,Average,83.0,98.0,Tech
Law,Criminal,1,6.77,69,2.6,1.3,7.0,6.1,83,81,2,2,4,2,58,46,52,61,50,59,63,0,54,60,Placement,Business Analyst,46.8,At Risk,46.1,41.2,Law
B.Com,Hons,2,6.77,69,3.4,0.8,6.9,6.4,79,73,3,2,1,2,57,52,47,35,59,82,58,1,62,61,Higher Studies,Product Manager,36.9,At Risk,45.0,54.6,Commerce
B.Tech,CSE,3,6.25,59,1.9,0.3,6.8,6.8,77,76,1,1,1,0,57,52,56,42,20,58,41,1,49,52,Placement,Business Analyst,42.8,At Risk,36.4,40.6,Tech
BBA,Marketing,4,7.58,57,3.0,0.9,8.3,8.8,80,84,0,1,1,0,39,37,51,73,38,44,61,0,40,55,Higher Studies,Data Analyst,65.0,Average,24.2,27.5,Management
B.Tech,CSE,1,8.01,94,4.4,2.8,6.6,5.8,95,90,1,6,2,5,52,57,76,59,73,74,59,1,75,96,Government Job,Data Engineer,72.4,Average,80.9,60.2,Tech
Law,Corporate,2,6.17,72,2.3,1.9,6.9,6.2,79,86,2,4,0,3,58,47,60,45,37,47,35,0,35,58,Placement,Cybersecurity Analyst,46.5,At Risk,25.9,29.8,Law
BCA,General,3,6.06,43,1.7,2.4,6.2,6.3,72,69,3,2,3,2,64,38,55,62,27,46,59,1,51,75,Freelancing,Full Stack Developer,26.9,At Risk,45.0,51.1,Tech
BCA,General,2,6.66,71,4.4,2.6,6.1,4.7,85,82,3,4,4,5,66,59,73,55,81,56,55,1,67,93,Placement,Backend Developer,45.5,At Risk,70.8,82.6,Tech
B.Tech,ECE,2,7.97,48,5.2,2.9,5.6,9.8,90,83,4,4,3,4,67,19,77,74,54,42,51,0,42,79,Placement,Full Stack Developer,42.6,At Risk,48.0,53.2,Tech
B.Tech,CSE,4,7.61,75,5.6,3.5,7.2,7.2,85,84,2,5,3,6,73,43,77,53,59,50,67,2,69,86,Placement,Data Scientist,58.8,Average,64.0,57.4,Tech
B.Tech,ECE,1,6.69,69,4.6,2.9,7.8,5.0,89,89,0,6,4,8,82,57,72,60,63,67,66,1,68,90,Freelancing,Data Engineer,70.6,Average,79.4,78.8,Tech
BCA,General,4,7.2,75,3.5,2.8,7.6,2.4,83,85,2,5,3,6,79,63,76,45,50,62,55,1,69,76,Placement,Cloud Engineer,55.4,Average,70.0,53.3,Tech
B.Tech,ECE,2,8.15,75,3.3,3.9,7.4,8.3,89,87,2,9,7,8,97,62,100,67,50,71,77,2,95,100,Placement,Machine Learning Engineer,64.6,Average,88.4,86.9,Tech
Law,Criminal,4,6.77,55,2.6,1.0,6.3,6.3,79,78,4,3,1,4,38,35,47,40,35,65,51,1,49,63,Placement,Business Analyst,31.0,At Risk,25.5,42.2,Law
B.Com,General,4,8.31,68,5.2,2.4,6.9,6.1,99,92,2,3,4,4,44,50,47,47,32,44,61,0,57,68,Higher Studies,Business Analyst,67.9,Average,35.7,38.5,Commerce
BCA,General,4,9.42,77,5.1,0.5,7.7,6.5,91,100,0,5,1,3,73,19,64,80,44,37,68,1,51,71,Research,DevOps Engineer,82.3,Good,55.8,56.8,Tech
BBA,HR,3,8.06,67,3.8,2.3,8.4,7.7,92,93,2,5,1,3,74,62,76,67,55,81,78,2,83,72,Placement,Data Analyst,59.2,Average,75.3,76.2,Management
BBA,Marketing,3,6.86,61,2.4,1.9,7.8,7.4,85,79,2,5,2,2,56,32,52,60,40,71,62,1,76,68,Placement,Business Analyst,47.3,At Risk,55.7,61.9,Management
B.Tech,ECE,1,8.23,73,5.5,1.2,6.5,5.3,96,88,1,4,4,3,87,61,66,44,60,65,90,1,75,69,Placement,Data Engineer,72.0,Average,67.0,42.0,Tech
BCA,General,2,6.87,64,2.3,1.7,7.3,6.9,82,78,2,4,3,3,47,24,90,55,50,57,62,0,51,74,Startup,Frontend Developer,44.7,At Risk,52.4,33.3,Tech
B.Com,Hons,3,7.45,66,4.7,2.9,5.3,3.8,90,91,2,5,3,3,63,42,61,62,57,61,61,1,49,81,Higher Studies,Business Analyst,56.8,Average,60.5,52.1,Commerce
B.Tech,ECE,2,7.01,73,4.0,2.8,7.5,5.6,83,78,1,6,3,4,72,57,71,62,59,63,74,1,60,74,Startup,Data Engineer,55.7,Average,63.3,55.5,Tech
B.Tech,CSE,3,7.07,70,5.6,2.7,8.1,4.0,91,89,3,4,2,4,74,42,43,52,52,64,66,1,78,69,Research,Cybersecurity Analyst,49.4,At Risk,49.2,41.0,Tech
Law,Corporate,3,8.01,63,3.8,2.0,6.9,5.0,85,92,1,5,1,4,60,55,67,65,53,71,70,0,77,61,Placement,Business Analyst,61.1,Average,51.7,57.1,Law
B.Tech,CSE,3,7.51,87,6.8,2.5,6.8,4.3,91,95,0,4,2,5,69,70,62,54,50,67,77,1,69,80,Freelancing,Product Manager,72.3,Average,65.1,66.0,Tech
B.Com,General,4,8.6,71,5.1,1.0,8.2,8.7,97,95,2,0,0,3,51,34,72,69,47,59,84,0,37,65,Higher Studies,Business Analyst,67.1,Average,27.4,49.4,Commerce
B.Tech,IT,2,6.59,73,2.7,2.1,6.2,7.4,78,75,4,5,4,3,63,34,51,50,50,45,51,0,48,81,Startup,DevOps Engineer,28.1,At Risk,32.3,49.0,Tech
BCA,General,3,6.13,69,3.1,1.3,6.7,6.2,75,77,1,4,2,4,68,48,74,77,66,59,48,1,63,57,Higher Studies,Data Analyst,43.7,At Risk,55.4,72.2,Tech
B.Tech,CSE,1,7.07,79,2.9,2.7,6.9,6.4,91,91,1,4,3,5,70,51,67,47,60,64,62,0,63,70,Government Job,Product Manager,60.1,Average,55.1,47.9,Tech
BCA,General,3,8.28,85,4.9,2.9,7.7,2.0,94,98,0,3,3,2,54,57,63,65,53,75,66,0,60,64,Placement,UI/UX Designer,78.2,Good,58.6,50.1,Tech
B.Tech,CSE,4,7.46,76,4.3,1.5,7.1,4.6,87,86,0,2,3,2,47,50,46,48,35,79,67,1,35,55,Placement,Business Analyst,68.7,Average,22.9,48.6,Tech
B.Tech,ECE,3,8.29,88,5.2,2.6,8.0,4.2,92,91,0,5,1,2,67,59,68,60,62,51,65,0,49,71,Government Job,DevOps Engineer,78.3,Good,52.5,53.2,Tech
BCA,General,3,7.77,62,3.8,0.3,7.4,6.4,92,86,1,0,0,4,53,60,45,47,33,59,80,1,56,82,Higher Studies,Business Analyst,61.4,Average,45.0,35.7,Tech
BBA,HR,3,8.04,79,5.5,2.7,7.6,6.0,92,89,1,2,2,4,66,53,74,53,53,38,66,1,44,71,Research,Data Analyst,67.5,Average,53.3,40.8,Management
B.Com,General,2,7.06,57,3.9,2.3,5.1,5.4,88,82,4,4,3,5,68,40,75,37,45,60,58,0,59,74,Freelancing,Business Analyst,35.7,At Risk,53.5,56.8,Commerce
BCA,General,3,8.52,80,5.3,2.9,6.5,5.5,98,96,2,7,4,6,68,66,82,62,53,83,81,2,98,89,Placement,UI/UX Designer,71.6,Average,90.5,78.7,Tech
B.Tech,ECE,1,7.25,83,3.3,2.7,6.5,7.3,85,80,4,4,2,3,82,51,52,68,44,59,52,1,53,76,Placement,Data Scientist,43.1,At Risk,45.0,43.7,Tech
B.Tech,ECE,3,7.71,89,5.1,2.1,7.7,6.1,94,98,3,3,0,2,47,46,62,87,28,66,60,0,45,60,Higher Studies,UI/UX Designer,58.2,Average,29.3,38.1,Tech
BCA,General,1,7.81,94,5.1,2.9,8.5,7.5,92,95,0,7,2,5,67,57,60,59,58,70,75,0,73,83,Higher Studies,Business Analyst,79.2,Good,76.1,61.6,Tech
Law,Corporate,3,7.91,77,5.8,3.2,6.9,4.8,96,87,0,6,4,4,74,96,86,73,69,98,75,1,82,80,Startup,Product Manager,76.4,Good,90.3,65.7,Law
B.Tech,CSE,2,7.53,60,3.6,2.6,5.6,6.0,81,81,3,4,4,2,51,32,59,56,69,61,48,0,52,75,Higher Studies,Software Engineer,45.7,At Risk,51.0,56.6,Tech
B.Tech,ECE,3,8.77,76,5.0,4.5,5.9,5.0,96,96,0,10,3,7,95,37,93,77,79,74,76,2,80,100,Startup,QA Engineer,87.6,Good,97.6,84.2,Tech
BBA,HR,1,8.23,78,3.9,3.8,6.0,2.9,84,84,2,3,4,3,77,45,57,40,53,79,78,1,77,92,Government Job,Business Analyst,60.6,Average,59.7,52.5,Management
B.Tech,ECE,2,8.38,69,4.3,0.4,6.5,4.7,91,92,0,2,3,1,58,39,74,50,52,67,53,1,61,70,Placement,Data Analyst,75.4,Good,60.9,80.8,Tech
B.Tech,IT,3,8.35,79,5.7,5.8,7.4,4.1,95,91,0,7,6,8,85,61,91,95,90,86,67,3,100,86,Higher Studies,Frontend Developer,82.5,Good,98.0,86.6,Tech
BBA,HR,2,8.07,67,4.7,2.4,5.9,8.3,91,82,2,1,3,0,51,36,80,52,52,61,50,0,50,71,Research,Business Analyst,58.9,Average,36.7,42.3,Management
B.Com,General,3,7.71,79,4.2,2.5,6.5,3.7,86,88,1,3,4,5,68,45,70,54,46,56,72,1,71,95,Government Job,Business Analyst,62.1,Average,65.8,79.8,Commerce
B.Tech,CSE,1,7.03,61,3.4,1.7,6.8,7.6,83,81,2,5,2,4,51,30,82,57,66,44,39,0,56,70,Placement,Backend Developer,49.6,At Risk,51.2,50.7,Tech
B.Tech,CSE,2,7.42,80,5.1,4.7,6.8,5.0,88,88,1,6,6,5,97,34,71,73,71,73,79,1,88,73,Higher Studies,Cybersecurity Analyst,66.6,Average,84.0,58.5,Tech
B.Tech,IT,1,7.33,75,4.3,3.4,6.4,5.2,96,83,0,6,3,8,75,54,73,63,57,62,63,0,65,87,Freelancing,Frontend Developer,69.9,Average,75.4,49.9,Tech
B.Tech,ECE,3,6.44,72,3.9,3.5,6.8,5.7,79,80,1,4,4,2,78,65,91,65,47,57,56,1,74,74,Government Job,Cybersecurity Analyst,52.5,At Risk,76.1,57.3,Tech
BBA,Marketing,2,7.13,66,3.4,1.9,6.4,5.6,80,76,0,3,1,1,27,53,75,47,38,57,46,0,37,60,Startup,Business Analyst,59.9,Average,43.0,35.0,Management
BBA,HR,3,7.18,63,4.9,0.8,6.5,8.6,83,83,1,1,1,0,58,74,38,61,41,83,79,1,60,48,Placement,UI/UX Designer,54.0,At Risk,36.8,26.3,Management
Law,Criminal,3,7.07,60,4.5,2.2,7.5,7.8,87,77,3,5,3,4,59,39,67,72,39,64,64,2,84,90,Higher Studies,Business Analyst,44.0,At Risk,73.8,59.7,Law
BCA,General,1,6.89,70,2.4,3.5,8.1,6.3,84,81,4,4,3,6,65,35,78,70,60,62,59,0,61,88,Startup,Backend Developer,32.8,At Risk,63.7,50.0,Tech
BCA,General,3,7.95,76,5.1,1.0,7.3,4.7,100,98,2,3,0,3,46,56,60,56,47,61,75,0,48,66,Higher Studies,UI/UX Designer,65.1,Average,48.8,61.1,Tech
B.Tech,CSE,4,7.3,89,3.2,1.8,7.9,4.6,89,94,2,4,0,4,51,74,53,64,25,69,63,0,62,67,Placement,Full Stack Developer,55.1,Average,45.0,54.2,Tech
BBA,HR,4,7.88,80,5.2,1.9,8.6,7.1,95,94,0,3,1,4,63,59,61,83,50,70,75,1,54,64,Research,Business Analyst,75.2,Good,56.2,43.0,Management
Law,Corporate,1,8.89,72,6.1,2.3,7.6,5.9,100,99,0,3,2,3,52,55,59,53,67,68,63,1,65,64,Startup,Product Manager,86.4,Good,65.9,64.3,Law
B.Tech,IT,1,8.43,82,6.5,5.7,7.2,6.0,100,98,0,9,6,7,79,62,100,85,77,78,81,2,100,94,Placement,AI Engineer,85.1,Good,95.0,78.6,Tech
B.Tech,IT,2,6.63,86,2.3,4.8,6.6,5.6,81,77,0,8,2,5,89,77,70,63,60,77,55,1,81,92,Placement,Backend Developer,60.5,Average,82.8,48.5,Tech
BCA,General,3,7.08,64,3.1,1.8,6.8,8.0,82,87,4,2,4,3,30,45,58,65,46,63,70,1,52,73,Freelancing,Backend Developer,38.9,At Risk,44.4,51.7,Tech
B.Tech,ECE,1,7.98,75,4.8,1.2,6.0,5.2,95,97,0,3,1,3,57,68,59,59,53,62,53,0,53,79,Government Job,Cybersecurity Analyst,75.0,Average,65.2,70.1,Tech
B.Tech,CSE,4,7.67,72,5.4,5.6,7.0,2.4,96,86,4,9,3,5,99,58,84,73,60,79,71,2,98,83,Higher Studies,Cybersecurity Analyst,49.4,At Risk,84.4,74.5,Tech
BCA,General,3,8.07,65,3.4,3.5,6.2,6.4,90,84,1,4,3,3,57,38,63,53,44,68,55,2,53,67,Higher Studies,Data Analyst,64.0,Average,54.4,49.5,Tech
BBA,Finance,1,7.8,75,5.5,4.3,7.6,6.1,97,97,0,8,5,7,77,62,100,71,62,74,80,1,82,99,Startup,UI/UX Designer,81.4,Good,94.5,74.6,Management
B.Tech,AI&DS,3,8.06,84,6.4,2.6,6.8,8.0,100,95,0,4,5,6,75,69,82,45,60,61,65,2,71,76,Placement,Data Scientist,82.5,Good,72.7,60.3,Tech
B.Tech,IT,2,8.38,69,6.6,1.0,7.0,6.5,100,93,0,2,2,0,72,52,59,74,66,67,72,0,35,71,Government Job,Machine Learning Engineer,80.1,Good,39.2,50.2,Tech
BBA,Marketing,1,8.06,75,4.4,2.5,6.8,4.9,83,88,0,4,5,4,49,58,77,25,57,54,62,1,66,75,Government Job,Business Analyst,69.0,Average,53.8,58.1,Management
B.Tech,AI&DS,3,7.38,80,4.1,3.2,7.3,7.9,93,95,0,6,5,8,86,64,77,88,65,64,59,1,84,89,Government Job,Software Engineer,74.1,Average,85.0,68.9,Tech
B.Tech,ECE,3,7.06,76,2.6,3.6,7.2,8.6,78,77,1,5,7,4,57,47,75,61,74,68,59,1,75,85,Freelancing,Machine Learning Engineer,52.2,At Risk,72.8,75.5,Tech
BCA,General,3,8.15,77,3.4,2.8,6.5,8.4,89,91,3,5,3,2,63,44,55,62,39,56,62,1,72,66,Startup,Data Engineer,57.7,Average,59.2,74.7,Tech
BCA,General,2,7.46,64,5.8,2.7,8.0,8.3,88,94,0,5,2,5,77,38,75,40,46,42,68,0,65,91,Placement,Cybersecurity Analyst,66.9,Average,59.2,60.0,Tech
B.Tech,ECE,1,7.61,68,5.3,3.1,8.4,8.1,100,95,1,5,5,3,67,34,75,65,70,52,74,0,48,78,Freelancing,Software Engineer,73.3,Average,52.9,66.1,Tech
B.Com,Hons,1,8.16,69,4.6,3.0,6.4,8.0,90,87,2,6,4,4,60,64,86,58,73,80,74,2,94,96,Freelancing,Data Analyst,57.3,Average,82.0,79.7,Commerce
BBA,Finance,1,7.45,59,3.5,1.3,6.1,7.6,83,79,2,7,4,2,84,49,55,79,31,50,54,1,88,70,Freelancing,Business Analyst,52.7,At Risk,59.7,56.1,Management
B.Tech,ECE,2,8.18,71,6.7,1.5,7.3,7.7,95,93,0,4,3,4,55,68,72,64,59,76,69,1,66,97,Research,Cloud Engineer,79.1,Good,76.3,66.8,Tech
Law,Criminal,2,6.61,48,2.2,3.3,7.0,9.3,80,80,3,5,2,4,52,47,93,59,59,70,48,0,60,73,Placement,Cybersecurity Analyst,31.5,At Risk,51.0,64.0,Law
B.Tech,IT,1,7.95,83,6.1,4.2,7.3,5.8,98,97,0,7,2,5,77,86,71,75,52,66,74,0,65,83,Higher Studies,Cloud Engineer,80.1,Good,79.7,67.3,Tech
B.Tech,IT,4,7.71,62,3.7,2.6,5.4,6.2,93,90,2,9,7,6,91,32,81,82,69,63,56,1,78,85,Startup,Machine Learning Engineer,61.3,Average,85.6,81.8,Tech
Law,Corporate,1,7.8,65,5.7,2.7,6.0,6.6,91,87,4,3,3,4,88,45,52,74,57,63,63,2,74,100,Higher Studies,Data Analyst,50.1,At Risk,72.8,47.0,Law
B.Tech,CSE,1,7.92,73,4.5,2.1,7.1,7.4,97,93,0,4,4,4,63,69,70,60,66,66,65,0,71,68,Startup,Data Analyst,70.8,Average,65.2,67.0,Tech
Law,Criminal,1,6.64,70,2.7,0.5,7.8,6.2,81,82,1,0,0,0,62,46,56,43,27,56,58,0,38,63,Placement,Product Manager,49.9,At Risk,26.7,15.9,Law
BCA,General,2,7.26,74,3.6,3.8,8.0,7.0,83,82,1,7,4,6,70,35,87,61,49,42,42,2,70,85,Research,DevOps Engineer,56.6,Average,69.1,85.5,Tech
Law,Corporate,3,6.77,76,2.2,3.5,7.6,5.3,83,80,3,4,4,2,79,63,61,49,45,55,75,0,52,94,Placement,Cybersecurity Analyst,40.3,At Risk,52.9,53.0,Law
B.Tech,CSE,1,7.81,72,3.6,2.5,7.2,7.3,93,80,0,5,4,3,65,61,83,62,74,76,63,1,70,72,Placement,UI/UX Designer,68.2,Average,72.3,72.7,Tech
B.Tech,CSE,1,7.78,81,5.5,3.5,7.4,6.0,100,91,0,7,3,7,71,62,84,62,55,73,76,1,88,76,Government Job,Frontend Developer,82.0,Good,83.6,63.4,Tech
B.Tech,ECE,1,8.05,83,4.8,4.4,8.1,4.9,95,90,2,5,2,4,92,61,63,66,53,63,72,1,81,69,Placement,Cybersecurity Analyst,66.6,Average,67.9,61.2,Tech
BCA,General,2,7.49,78,4.6,2.6,6.3,8.5,89,92,1,4,4,4,56,71,57,70,80,52,55,1,63,93,Placement,Data Analyst,64.7,Average,70.1,51.6,Tech
Law,Criminal,4,6.91,63,2.9,2.6,6.2,6.2,79,82,1,4,2,3,62,30,74,41,45,50,68,1,42,75,Research,Product Manager,52.0,At Risk,45.0,35.0,Law
B.Com,Hons,3,7.8,64,3.5,3.4,7.2,7.5,87,99,1,4,5,4,49,67,73,60,77,57,62,2,83,90,Freelancing,Product Manager,67.1,Average,70.9,67.3,Commerce
BCA,General,4,7.35,68,4.4,1.3,5.4,5.5,94,86,0,2,3,2,46,55,77,51,46,30,51,1,43,66,Higher Studies,Backend Developer,69.1,Average,45.1,44.1,Tech
BBA,HR,4,7.62,77,3.8,3.1,7.6,5.7,94,87,0,5,4,6,69,48,58,64,64,58,61,1,79,84,Government Job,Data Analyst,69.5,Average,77.6,62.4,Management
B.Tech,CSE,1,9.63,80,6.5,2.8,7.8,5.9,100,100,0,4,1,3,76,50,74,66,32,83,81,1,75,76,Placement,Frontend Developer,95.4,Excellent,67.6,60.1,Tech
B.Tech,CSE,3,7.37,73,4.0,2.0,6.3,4.7,89,88,2,5,2,2,80,73,72,73,50,53,62,1,67,78,Freelancing,Cybersecurity Analyst,53.1,At Risk,72.8,75.2,Tech
B.Tech,ECE,2,7.51,69,5.0,1.7,6.4,8.0,96,86,0,5,4,6,79,74,69,76,49,72,62,0,43,83,Placement,Full Stack Developer,69.1,Average,60.8,67.2,Tech
B.Tech,ECE,2,6.48,63,3.6,1.1,6.9,8.1,84,87,4,1,0,4,62,49,36,67,52,59,60,0,51,48,Higher Studies,Product Manager,34.9,At Risk,24.2,59.8,Tech
B.Tech,ECE,3,7.6,81,4.5,3.3,7.5,8.6,94,93,0,5,3,7,65,51,77,56,88,56,55,1,78,89,Placement,DevOps Engineer,78.6,Good,77.2,65.1,Tech
B.Tech,IT,3,9.03,90,6.3,2.9,8.6,2.0,100,100,0,5,1,6,53,67,53,56,56,59,74,1,71,87,Placement,DevOps Engineer,88.6,Good,67.4,56.2,Tech
B.Tech,CSE,3,7.64,59,4.4,4.4,6.1,6.9,93,85,1,7,6,5,98,65,78,93,65,78,74,1,80,85,Placement,Full Stack Developer,64.0,Average,81.9,73.5,Tech
BBA,Marketing,2,6.51,70,4.2,1.9,8.4,6.1,82,89,1,1,1,3,31,75,53,46,34,71,73,0,56,59,Placement,UI/UX Designer,57.4,Average,28.5,49.9,Management
B.Tech,ECE,4,6.97,73,2.6,4.5,7.2,7.0,77,76,0,4,3,4,79,67,94,60,45,72,55,2,72,79,Placement,Backend Developer,61.9,Average,72.2,51.3,Tech
Law,Criminal,3,6.65,61,1.9,3.1,6.8,5.7,82,75,3,6,3,1,82,37,81,69,42,73,56,2,86,70,Freelancing,Product Manager,40.4,At Risk,67.4,66.8,Law
BBA,HR,3,7.56,59,4.0,0.7,6.4,7.4,84,85,4,2,3,0,43,42,45,57,56,51,68,0,49,48,Higher Studies,Business Analyst,42.4,At Risk,30.5,36.1,Management
B.Tech,IT,3,7.17,75,5.1,1.8,7.5,9.6,86,86,2,3,4,1,53,62,85,73,33,38,47,1,55,56,Startup,QA Engineer,55.1,Average,49.4,55.4,Tech
BBA,Marketing,4,7.57,88,5.3,1.7,8.0,4.4,100,97,0,4,1,3,60,47,80,60,27,75,74,1,62,62,Government Job,Business Analyst,78.8,Good,56.2,56.4,Management
BBA,Marketing,1,8.21,78,5.4,0.4,7.0,5.8,94,87,0,4,2,6,86,65,74,59,60,61,66,0,59,91,Government Job,Data Analyst,77.6,Good,69.0,55.5,Management
BBA,Marketing,2,7.97,92,5.1,3.8,7.3,5.7,100,96,0,3,2,4,63,70,69,79,47,62,70,0,54,76,Government Job,Data Analyst,81.6,Good,51.1,42.2,Management
BCA,General,4,7.98,80,4.7,2.1,7.4,8.2,98,89,1,4,3,5,57,50,80,64,60,82,71,2,81,76,Placement,UI/UX Designer,74.1,Average,79.1,67.2,Tech
B.Tech,ECE,3,8.36,59,5.3,3.0,5.6,7.9,94,89,1,5,6,6,56,55,81,69,70,72,55,2,74,92,Startup,Frontend Developer,64.0,Average,78.1,83.3,Tech
B.Tech,CSE,4,8.34,61,4.8,2.6,7.3,5.2,95,87,1,8,6,4,88,41,85,100,76,56,78,1,78,79,Government Job,Machine Learning Engineer,66.0,Average,89.9,52.8,Tech
B.Tech,CSE,2,9.12,90,7.3,4.1,7.1,4.8,100,100,0,8,5,6,76,73,93,100,76,65,88,2,100,97,Placement,Software Engineer,95.3,Excellent,89.3,79.9,Tech
BCA,General,4,7.38,81,4.6,2.8,6.8,6.5,95,92,2,6,5,4,71,56,80,74,50,71,50,2,81,86,Freelancing,Software Engineer,61.7,Average,80.1,69.7,Tech
B.Com,General,2,7.89,68,4.8,2.0,7.9,5.2,90,91,3,3,5,5,95,43,83,75,70,49,58,1,65,77,Research,Data Analyst,52.2,At Risk,74.7,58.6,Commerce
BBA,Marketing,4,7.96,78,4.7,2.5,6.5,6.0,90,85,0,4,3,3,53,67,74,65,71,39,58,0,54,78,Higher Studies,Business Analyst,74.1,Average,54.6,52.4,Management
BCA,General,4,8.54,77,5.3,3.1,6.3,8.4,100,99,1,4,5,6,63,51,79,69,62,47,78,1,62,84,Higher Studies,Full Stack Developer,79.7,Good,78.7,70.1,Tech
BCA,General,2,8.05,93,5.0,3.2,8.5,5.7,92,90,0,5,3,5,71,84,82,77,74,97,89,2,73,76,Placement,UI/UX Designer,77.3,Good,84.8,71.2,Tech
B.Tech,AI&DS,2,6.18,67,3.7,0.1,8.1,5.4,81,80,2,4,1,1,55,43,48,55,55,65,66,0,55,65,Placement,Cloud Engineer,43.6,At Risk,49.2,63.0,Tech
B.Tech,AI&DS,2,8.2,80,6.8,1.7,5.8,8.0,100,98,0,4,2,2,54,67,60,73,63,55,47,0,50,73,Government Job,QA Engineer,81.0,Good,51.5,47.3,Tech
Law,Criminal,1,7.6,93,6.2,3.5,7.8,4.2,97,97,0,4,2,4,82,80,61,60,66,78,77,0,50,70,Research,Product Manager,79.2,Good,65.1,74.4,Law
B.Tech,AI&DS,1,7.27,71,5.9,2.1,7.9,7.1,89,96,0,4,3,4,71,64,66,53,67,53,56,1,67,75,Startup,UI/UX Designer,69.9,Average,70.0,41.4,Tech
BBA,Finance,4,7.86,57,3.7,0.0,5.9,6.2,80,82,1,2,1,3,27,45,44,75,45,79,54,0,62,56,Higher Studies,Business Analyst,59.9,Average,44.3,64.3,Management
B.Tech,AI&DS,3,8.25,75,5.9,3.1,6.8,5.5,99,98,1,7,5,5,80,75,82,56,78,62,70,1,83,86,Startup,Cloud Engineer,71.9,Average,86.6,67.6,Tech
BCA,General,1,9.11,72,7.1,5.2,7.0,6.1,100,98,0,7,6,7,97,75,87,87,53,70,78,3,98,96,Startup,Data Engineer,87.6,Good,97.3,70.3,Tech
B.Tech,AI&DS,3,8.35,73,5.0,4.2,7.4,5.5,95,98,0,6,6,6,80,36,69,69,69,52,76,1,69,87,Government Job,Backend Developer,81.8,Good,70.0,55.6,Tech
Law,Corporate,2,7.08,75,4.9,3.4,6.0,5.8,96,87,2,5,3,5,79,44,46,76,91,57,66,1,81,92,Higher Studies,Business Analyst,54.3,At Risk,76.7,57.6,Law
BBA,Marketing,4,7.68,72,2.6,1.8,6.9,5.2,92,87,0,4,1,1,67,79,52,54,45,98,53,0,57,64,Higher Studies,UI/UX Designer,65.0,Average,57.4,53.1,Management
B.Tech,CSE,2,8.13,84,4.6,2.7,6.6,3.4,95,97,1,6,4,6,80,72,71,54,69,49,49,0,70,76,Research,Data Analyst,74.6,Average,67.4,59.3,Tech
BCA,General,1,7.75,69,2.8,3.0,7.5,10.5,78,77,3,4,4,2,52,63,68,74,67,58,64,1,63,79,Placement,Frontend Developer,46.4,At Risk,62.2,72.6,Tech
B.Com,General,3,6.72,57,2.2,1.5,6.7,3.8,72,74,3,2,2,1,44,43,48,28,32,52,57,1,54,59,Placement,Product Manager,33.5,At Risk,25.5,38.3,Commerce
Law,Criminal,4,8.94,69,7.7,2.5,7.0,7.2,100,100,0,5,3,4,49,56,86,87,59,69,79,2,89,77,Higher Studies,Data Analyst,86.3,Good,80.1,62.4,Law
B.Tech,CSE,3,8.91,98,6.9,4.7,7.3,3.4,100,100,0,8,6,9,97,79,100,80,76,92,86,3,100,100,Placement,Product Manager,89.4,Good,95.2,81.3,Tech
B.Tech,IT,4,6.63,52,2.9,2.6,6.5,5.1,68,74,0,4,3,4,67,41,84,55,49,46,52,1,70,86,Placement,Frontend Developer,58.0,Average,55.9,63.9,Tech
BCA,General,1,7.63,72,4.3,2.5,6.3,6.0,90,96,2,7,5,7,72,68,100,69,78,87,75,1,87,98,Higher Studies,Backend Developer,57.4,Average,87.2,76.0,Tech
BBA,Marketing,2,6.77,61,3.4,2.2,7.9,5.4,82,91,1,4,2,2,51,42,60,54,46,74,59,0,57,80,Placement,Business Analyst,53.2,At Risk,47.6,65.9,Management
B.Tech,AI&DS,3,8.01,63,4.0,2.2,6.1,6.2,93,89,4,4,2,4,77,39,57,53,48,75,61,1,67,74,Research,QA Engineer,44.0,At Risk,49.0,49.8,Tech
B.Tech,CSE,2,7.09,78,3.0,0.0,7.6,2.0,87,100,1,1,2,1,68,54,55,54,52,58,64,0,48,64,Placement,Cloud Engineer,59.8,Average,45.0,43.1,Tech
Law,Criminal,1,8.05,68,4.5,0.0,7.4,5.8,89,98,0,2,2,2,47,54,37,77,47,61,59,0,43,54,Higher Studies,Product Manager,76.4,Good,39.4,34.6,Law
BCA,General,2,8.35,84,5.2,1.2,7.7,3.5,94,86,1,6,2,5,77,83,73,45,58,59,75,0,65,75,Startup,DevOps Engineer,71.5,Average,62.1,48.5,Tech
BCA,General,2,6.89,63,2.8,0.8,6.2,4.1,82,79,2,2,1,4,66,69,72,59,63,64,72,1,67,78,Startup,UI/UX Designer,47.0,At Risk,50.7,50.8,Tech
B.Com,General,3,7.83,90,4.8,4.1,7.1,4.8,98,93,0,4,3,6,68,92,69,82,56,85,66,2,80,68,Placement,Product Manager,78.0,Good,80.8,56.8,Commerce
B.Com,General,3,7.73,59,3.3,1.2,6.6,7.5,91,82,1,4,3,2,53,49,79,62,60,52,58,0,58,92,Placement,Product Manager,64.3,Average,58.2,28.6,Commerce
Law,Corporate,3,7.73,72,4.9,0.7,8.2,3.6,100,99,1,2,1,6,70,67,75,39,68,70,67,0,50,86,Higher Studies,Cybersecurity Analyst,69.2,Average,58.9,32.2,Law
B.Tech,CSE,3,9.31,84,6.7,3.9,7.9,3.8,100,100,0,6,5,5,73,61,93,83,74,71,82,2,100,80,Research,AI Engineer,88.1,Good,98.0,65.8,Tech
B.Tech,IT,3,8.52,79,5.1,1.9,7.5,6.1,95,100,0,3,1,5,51,61,73,66,67,59,77,0,53,84,Higher Studies,Cloud Engineer,83.2,Good,60.8,26.8,Tech
BCA,General,4,7.31,67,4.0,2.7,7.6,5.1,90,88,2,6,5,3,74,46,62,66,65,60,53,1,69,72,Placement,Backend Developer,54.1,At Risk,63.3,50.3,Tech
B.Tech,IT,2,7.39,86,3.3,1.4,8.7,2.2,90,94,1,3,1,1,64,29,55,50,37,43,56,0,35,64,Research,Backend Developer,66.4,Average,40.3,47.5,Tech
BCA,General,2,7.09,86,3.4,3.6,6.4,6.4,88,88,0,1,1,5,77,70,66,53,48,85,77,2,59,83,Research,Business Analyst,69.0,Average,62.6,63.1,Tech
BCA,General,4,7.37,63,3.8,2.1,6.4,5.1,87,87,3,5,2,3,51,58,76,81,58,37,56,1,55,61,Research,Cloud Engineer,47.9,At Risk,45.0,30.3,Tech
B.Com,Hons,4,7.65,90,6.0,3.6,7.8,4.8,98,98,0,4,4,6,59,83,66,61,62,70,72,2,82,88,Startup,Data Analyst,80.0,Good,81.4,50.8,Commerce
B.Tech,IT,3,8.03,85,4.9,3.1,7.3,5.8,100,96,0,7,5,5,70,60,61,60,70,50,59,2,81,69,Placement,AI Engineer,77.9,Good,80.5,61.0,Tech
B.Tech,ECE,3,7.36,85,3.1,3.5,7.5,4.9,85,84,1,5,5,5,73,71,82,86,46,70,66,1,55,74,Placement,DevOps Engineer,58.7,Average,65.8,50.3,Tech
BCA,General,3,7.81,76,4.6,5.6,7.1,6.3,92,90,1,10,7,6,84,43,100,64,65,56,56,1,81,100,Placement,DevOps Engineer,71.8,Average,91.4,79.0,Tech
B.Tech,ECE,2,8.02,83,4.3,4.4,7.9,5.7,96,98,2,7,6,6,87,52,75,53,83,58,68,1,79,92,Placement,Cloud Engineer,67.3,Average,81.7,70.0,Tech
B.Tech,CSE,3,8.22,75,5.1,1.9,6.8,7.7,95,89,0,4,3,6,90,51,77,78,67,53,67,2,70,93,Placement,Machine Learning Engineer,77.0,Good,77.7,68.9,Tech
BCA,General,2,6.81,80,5.4,3.3,6.7,3.4,83,87,0,4,3,4,68,70,70,69,47,72,75,0,70,71,Placement,Cloud Engineer,64.5,Average,65.2,54.2,Tech
BCA,General,1,8.64,61,5.8,2.2,7.5,7.0,100,95,3,3,7,3,77,55,69,66,67,60,65,0,60,80,Freelancing,UI/UX Designer,56.7,Average,51.6,63.6,Tech
BCA,General,2,7.01,62,3.1,2.6,7.1,8.0,87,89,4,4,4,3,72,50,80,61,56,42,61,1,55,100,Placement,Backend Developer,35.7,At Risk,53.2,57.0,Tech
BCA,General,4,8.06,84,6.4,3.7,7.0,7.0,100,99,0,5,2,5,72,27,65,75,77,46,61,0,66,73,Research,Data Engineer,85.9,Good,67.1,83.5,Tech
Law,Corporate,1,7.3,80,5.1,4.8,7.6,5.6,90,91,0,7,6,6,79,59,80,65,55,61,60,1,72,91,Placement,Product Manager,70.3,Average,74.2,69.6,Law
Law,Criminal,1,8.25,85,4.8,2.2,8.9,4.8,93,99,0,4,3,4,69,55,76,61,55,61,56,0,54,85,Government Job,Data Analyst,78.9,Good,68.7,54.7,Law
B.Tech,IT,1,8.0,66,4.8,4.1,7.0,7.8,89,88,3,6,5,7,86,56,90,58,60,84,82,1,90,77,Startup,Software Engineer,51.1,At Risk,76.1,66.9,Tech
B.Tech,CSE,3,7.58,58,4.1,2.3,6.4,5.9,93,86,2,4,0,3,83,52,71,52,59,73,58,0,71,78,Research,Business Analyst,54.0,At Risk,49.1,46.1,Tech
B.Tech,IT,4,9.36,87,7.9,5.7,7.2,6.2,100,100,0,8,5,8,100,66,100,76,100,60,64,3,100,100,Research,AI Engineer,93.3,Excellent,93.9,70.1,Tech
B.Com,Hons,2,7.06,73,4.0,3.1,6.3,6.9,86,83,0,6,5,4,75,64,67,60,59,69,61,1,72,67,Government Job,Product Manager,64.2,Average,59.5,57.7,Commerce
B.Tech,CSE,4,7.01,81,3.3,0.9,6.7,6.5,86,82,1,4,1,2,58,46,44,64,54,38,61,1,45,74,Research,Cybersecurity Analyst,57.4,Average,49.6,54.0,Tech
B.Com,Hons,2,7.21,56,1.4,0.9,7.1,6.4,76,76,2,2,3,3,37,60,51,70,29,58,55,0,44,59,Research,Product Manager,41.7,At Risk,30.9,55.4,Commerce
B.Tech,CSE,3,7.59,66,5.6,2.1,7.2,5.3,85,80,2,4,4,6,61,30,81,66,83,67,57,0,74,97,Research,DevOps Engineer,53.2,At Risk,77.9,69.4,Tech
BCA,General,3,7.23,74,6.2,3.6,7.3,5.1,93,87,1,9,5,7,99,66,81,70,83,58,69,2,82,90,Freelancing,Backend Developer,64.6,Average,90.2,84.0,Tech
BBA,Finance,2,7.33,62,4.5,2.5,7.0,6.1,87,80,2,3,3,1,62,43,59,54,42,65,57,1,58,78,Placement,Data Analyst,52.9,At Risk,50.7,54.9,Management
B.Tech,CSE,4,7.51,65,3.4,3.1,7.3,7.4,80,81,1,7,5,4,60,39,71,59,59,64,62,2,70,94,Freelancing,Data Engineer,57.6,Average,71.4,64.7,Tech
B.Com,General,4,7.73,55,4.8,3.0,6.8,8.4,91,84,0,5,3,4,83,44,97,79,77,63,61,2,75,86,Startup,Business Analyst,72.2,Average,85.0,72.0,Commerce
B.Tech,CSE,2,8.52,81,5.8,3.4,6.6,7.6,92,94,0,8,6,8,90,72,92,69,71,70,78,2,87,99,Placement,Full Stack Developer,81.7,Good,90.0,83.9,Tech
B.Com,General,2,8.96,79,6.3,3.0,8.1,4.3,100,100,0,7,4,4,72,48,91,53,67,63,67,1,67,77,Higher Studies,Business Analyst,87.5,Good,76.0,57.9,Commerce
B.Tech,AI&DS,4,8.1,71,4.2,2.4,6.3,7.8,85,87,2,6,2,2,74,70,69,70,53,87,60,1,78,74,Higher Studies,QA Engineer,57.9,Average,60.4,57.3,Tech
B.Tech,CSE,3,7.81,87,6.7,3.2,8.1,4.3,100,100,0,5,3,6,63,55,78,71,66,49,65,1,77,88,Placement,Cybersecurity Analyst,83.9,Good,80.9,65.7,Tech
Law,Criminal,2,7.16,65,4.1,2.3,8.2,5.6,85,83,3,5,6,3,64,51,63,59,37,74,66,1,75,84,Placement,Business Analyst,42.7,At Risk,62.9,37.0,Law
B.Tech,ECE,1,8.49,83,6.2,3.5,7.2,6.6,100,100,0,5,4,3,67,58,70,67,72,63,81,1,81,91,Government Job,Cybersecurity Analyst,80.9,Good,78.0,70.5,Tech
B.Com,Hons,2,8.03,86,5.3,3.5,6.7,7.3,93,96,0,6,5,5,65,40,95,71,67,71,83,1,81,98,Freelancing,Product Manager,76.8,Good,83.0,52.9,Commerce
Law,Criminal,2,7.2,74,5.2,0.5,5.2,5.4,92,85,1,4,1,1,60,33,61,51,38,64,58,0,59,58,Higher Studies,Data Analyst,62.4,Average,50.3,68.6,Law
Law,Criminal,4,7.37,82,5.0,1.7,7.1,5.9,94,90,0,5,3,4,54,72,73,70,44,65,71,1,74,85,Government Job,Product Manager,68.8,Average,70.8,57.6,Law
B.Tech,ECE,3,7.54,72,3.4,2.3,7.1,9.4,86,84,0,4,6,2,80,59,81,77,68,54,57,0,54,81,Placement,Backend Developer,70.2,Average,75.0,63.1,Tech
B.Com,Hons,2,7.04,70,4.1,2.5,6.9,6.0,82,88,1,5,4,4,61,62,66,55,60,87,70,1,73,70,Placement,Product Manager,57.8,Average,65.1,62.8,Commerce
B.Tech,IT,4,7.35,68,2.9,2.6,6.6,4.8,81,73,3,3,3,4,48,51,73,57,50,69,61,2,70,86,Higher Studies,Product Manager,39.4,At Risk,58.2,43.5,Tech
B.Tech,AI&DS,3,7.17,54,1.5,2.5,7.7,5.8,80,72,3,6,3,5,71,39,60,55,56,50,48,1,75,80,Startup,Backend Developer,37.3,At Risk,64.7,77.5,Tech
BCA,General,4,6.33,75,2.9,2.1,7.8,5.6,80,91,3,4,3,3,60,61,75,73,62,50,77,1,64,92,Placement,Frontend Developer,45.4,At Risk,57.1,51.6,Tech
B.Tech,ECE,1,7.53,84,3.3,3.1,7.3,6.9,95,91,2,5,5,3,64,67,62,54,64,35,65,0,57,79,Government Job,Data Scientist,59.0,Average,49.2,63.7,Tech
B.Tech,CSE,1,7.96,82,4.4,1.5,8.5,5.5,99,98,0,3,0,4,56,45,59,68,65,74,66,1,72,63,Placement,Cloud Engineer,74.5,Average,62.3,72.3,Tech
Law,Corporate,4,8.3,83,5.2,1.7,6.8,6.0,90,84,0,4,0,3,62,41,65,57,44,61,68,1,56,75,Government Job,Data Analyst,77.2,Good,59.0,60.4,Law
B.Tech,AI&DS,3,7.39,77,4.5,1.1,8.2,5.3,98,89,2,5,1,1,56,60,63,50,37,50,56,0,47,57,Research,Cloud Engineer,62.1,Average,47.2,15.3,Tech
B.Tech,IT,2,8.09,67,2.1,3.5,6.8,7.9,91,87,1,6,3,4,67,51,73,72,71,68,62,1,82,73,Placement,AI Engineer,67.8,Average,74.9,53.2,Tech
B.Tech,IT,1,7.95,80,3.4,2.2,8.0,7.9,85,85,0,4,1,3,60,61,70,57,52,52,51,1,52,74,Government Job,Data Engineer,70.2,Average,55.2,48.5,Tech
BCA,General,1,8.21,72,6.1,4.3,6.6,4.1,96,90,1,8,6,8,77,42,71,76,62,70,64,0,82,83,Placement,Data Analyst,73.0,Average,81.7,56.4,Tech
BCA,General,2,7.3,76,3.5,2.2,6.9,5.0,91,87,4,4,0,2,67,40,83,45,54,72,59,1,82,81,Placement,Data Analyst,44.7,At Risk,57.4,58.4,Tech
B.Tech,IT,4,6.51,65,4.0,3.7,7.7,3.3,85,75,3,6,3,5,74,25,71,52,63,56,37,1,64,88,Government Job,Business Analyst,43.0,At Risk,64.2,77.8,Tech
B.Tech,CSE,1,7.62,64,4.4,2.7,7.3,7.2,94,91,1,3,4,4,59,65,78,68,60,61,72,0,58,75,Higher Studies,Cloud Engineer,69.8,Average,59.0,69.3,Tech
B.Tech,AI&DS,2,7.69,79,4.1,2.9,6.8,5.1,88,90,0,3,4,5,68,27,98,45,51,37,45,1,65,79,Freelancing,AI Engineer,71.6,Average,60.9,54.4,Tech
Law,Corporate,4,7.18,69,3.5,1.9,7.0,5.4,82,78,2,5,1,3,59,66,66,84,30,72,66,1,62,83,Placement,Product Manager,52.8,At Risk,58.1,41.2,Law
B.Tech,CSE,1,7.37,78,5.3,3.0,6.3,5.6,97,91,0,9,4,6,74,53,77,53,60,61,75,1,75,75,Placement,Data Analyst,72.1,Average,83.6,76.3,Tech
B.Tech,IT,2,7.9,68,3.3,3.2,6.2,5.2,87,94,2,4,6,4,58,29,64,58,60,55,45,0,69,67,Government Job,Data Engineer,61.0,Average,60.9,66.0,Tech
BBA,HR,3,7.54,57,3.4,0.9,7.2,9.0,90,86,3,2,2,2,69,45,71,44,65,67,48,1,51,57,Placement,Product Manager,44.3,At Risk,38.9,42.8,Management
Law,Corporate,4,7.96,82,4.1,2.6,7.6,6.2,93,94,2,3,3,2,73,51,79,72,34,66,64,1,86,80,Startup,Business Analyst,62.1,Average,70.0,50.6,Law
B.Tech,ECE,4,7.73,59,4.1,2.7,7.1,7.4,78,86,2,2,2,3,63,19,61,51,44,46,60,1,60,74,Research,Frontend Developer,54.2,At Risk,48.7,69.5,Tech
B.Tech,IT,1,8.47,77,5.4,3.5,6.6,6.3,92,97,0,5,4,4,62,26,71,73,57,56,53,0,40,87,Government Job,Product Manager,78.3,Good,62.9,74.0,Tech
BBA,Finance,2,8.81,80,5.3,3.6,6.7,7.3,100,97,0,4,3,3,73,84,74,83,59,79,77,0,55,76,Placement,Product Manager,87.5,Good,58.4,67.4,Management
B.Tech,IT,3,7.27,88,3.2,2.8,8.3,5.4,86,82,0,4,3,6,57,64,65,59,74,87,78,1,62,83,Government Job,Business Analyst,66.4,Average,61.4,70.5,Tech
B.Com,General,2,8.97,76,5.9,2.6,7.6,8.1,99,100,1,4,2,3,59,41,82,77,55,51,77,1,46,80,Research,Data Analyst,80.0,Good,52.0,45.0,Commerce
BCA,General,3,9.39,84,7.0,3.5,7.8,3.3,100,100,0,6,2,6,93,54,94,74,65,79,70,1,77,84,Government Job,Software Engineer,91.5,Excellent,87.7,73.4,Tech
B.Com,General,1,7.98,71,4.1,4.2,5.5,5.3,85,84,2,5,5,6,74,77,90,64,46,79,48,2,90,97,Startup,Data Analyst,58.4,Average,86.6,61.6,Commerce
B.Com,Hons,3,8.02,93,6.0,4.5,7.4,7.0,98,95,0,8,5,8,84,76,91,79,88,77,84,1,85,94,Freelancing,Product Manager,82.9,Good,98.0,91.4,Commerce
BCA,General,1,9.21,87,6.9,5.0,6.4,6.1,100,100,0,8,5,6,89,67,100,79,95,68,78,2,91,96,Placement,Cybersecurity Analyst,94.7,Excellent,95.4,66.9,Tech
B.Tech,ECE,1,7.73,100,6.2,3.9,8.2,5.0,97,97,0,6,2,6,73,100,49,61,63,96,96,1,88,83,Startup,UI/UX Designer,89.7,Good,77.1,61.3,Tech
BBA,Marketing,3,7.2,61,2.8,2.2,6.3,7.4,81,81,2,5,4,5,62,49,70,66,40,79,80,1,80,82,Research,Product Manager,45.3,At Risk,66.0,59.9,Management
Law,Corporate,3,9.27,88,6.8,4.0,6.4,6.5,100,100,0,5,3,7,89,46,98,52,60,52,59,2,72,84,Higher Studies,Cybersecurity Analyst,92.6,Excellent,79.9,62.3,Law
BCA,General,3,7.15,64,4.0,1.8,7.0,7.9,82,75,3,6,3,4,86,56,72,77,53,75,81,1,78,89,Placement,Frontend Developer,41.7,At Risk,74.8,82.6,Tech
B.Tech,AI&DS,2,7.41,77,4.7,1.7,6.6,7.8,89,83,2,3,5,4,64,46,61,45,44,70,57,0,63,77,Higher Studies,Cybersecurity Analyst,53.8,At Risk,48.1,63.7,Tech
Law,Corporate,3,6.94,73,3.2,2.3,7.6,4.3,77,82,0,5,2,4,71,33,58,71,47,40,35,0,55,69,Government Job,Cybersecurity Analyst,61.1,Average,61.0,40.2,Law
Law,Criminal,4,6.5,72,2.9,0.8,7.3,4.4,84,79,1,1,1,3,58,52,63,37,29,63,57,0,37,59,Research,Product Manager,48.9,At Risk,29.5,40.1,Law
Law,Criminal,2,7.44,65,3.3,2.2,6.7,6.5,90,87,1,5,2,2,50,37,53,77,45,65,58,0,57,73,Placement,Product Manager,60.2,Average,53.7,51.1,Law
B.Com,General,1,6.95,72,2.3,3.0,7.0,5.7,79,80,3,2,0,3,28,50,47,64,40,50,64,0,54,65,Placement,Product Manager,45.2,At Risk,28.3,55.3,Commerce
BBA,HR,2,6.5,49,1.5,1.9,6.9,5.5,75,77,3,3,5,3,67,60,68,62,56,59,65,1,56,66,Freelancing,Product Manager,26.9,At Risk,47.1,33.6,Management
BCA,General,3,7.47,77,3.9,3.9,7.6,5.5,91,89,1,5,2,5,47,68,50,61,51,85,54,1,56,74,Placement,Frontend Developer,65.7,Average,55.4,51.1,Tech
B.Tech,AI&DS,2,8.05,84,6.6,4.2,7.2,4.3,100,98,0,7,6,8,100,70,84,65,90,61,66,1,73,97,Higher Studies,Machine Learning Engineer,83.7,Good,87.2,61.7,Tech
BCA,General,3,7.23,71,2.6,2.5,6.7,5.6,88,81,2,2,4,4,47,53,51,44,60,53,59,1,44,76,Government Job,Backend Developer,49.6,At Risk,37.1,51.4,Tech
B.Tech,CSE,1,6.59,63,2.7,1.0,7.7,6.2,76,76,1,2,2,2,57,47,54,53,31,58,62,0,42,58,Placement,Full Stack Developer,48.8,At Risk,29.6,51.3,Tech
B.Com,Hons,3,7.09,81,3.7,2.0,7.3,5.7,82,83,3,2,3,4,61,18,71,49,61,53,53,0,57,68,Government Job,Business Analyst,47.3,At Risk,40.9,43.5,Commerce
Law,Corporate,2,7.74,68,5.7,1.9,7.2,5.5,86,93,2,4,1,4,61,49,59,66,55,50,61,1,52,69,Placement,Data Analyst,58.1,Average,53.8,71.8,Law
BCA,General,2,8.0,69,4.6,3.1,7.7,5.4,97,93,0,2,3,4,66,50,86,70,78,53,58,1,79,74,Higher Studies,Cybersecurity Analyst,78.5,Good,64.8,51.0,Tech
Law,Corporate,2,8.04,80,5.7,2.1,7.1,5.7,94,94,3,4,1,2,83,73,62,67,79,68,85,1,68,74,Higher Studies,Data Analyst,56.1,Average,57.0,53.6,Law
B.Tech,AI&DS,3,7.92,88,4.9,1.6,7.6,2.3,96,96,0,3,2,2,53,64,81,38,65,52,71,1,60,65,Higher Studies,Business Analyst,79.6,Good,52.5,45.6,Tech
B.Tech,IT,3,7.04,60,3.4,1.9,6.6,9.5,89,78,0,3,3,4,78,36,58,66,61,47,54,0,56,70,Freelancing,Cloud Engineer,60.0,Average,53.5,37.1,Tech
B.Tech,AI&DS,3,8.0,91,6.4,4.0,7.2,5.7,93,96,0,7,4,6,79,79,69,50,61,76,72,1,83,83,Research,Product Manager,78.5,Good,77.4,64.3,Tech
BBA,Finance,2,7.77,73,3.8,3.8,7.0,7.9,84,82,0,6,2,3,71,67,80,44,36,74,61,1,70,80,Startup,UI/UX Designer,68.6,Average,71.7,61.3,Management
B.Tech,IT,1,8.15,100,6.0,4.4,8.2,4.7,100,94,0,7,5,7,78,53,100,78,44,69,69,2,82,90,Placement,Data Scientist,84.1,Good,90.5,68.2,Tech
Law,Corporate,4,7.83,76,6.5,3.5,7.8,5.4,100,93,0,4,5,6,57,45,71,94,65,58,63,1,78,74,Higher Studies,Data Analyst,80.1,Good,65.2,51.6,Law
BBA,HR,1,8.33,59,3.2,3.3,6.2,7.4,91,84,1,5,5,5,77,40,88,77,57,82,72,1,88,89,Placement,Business Analyst,61.8,Average,84.4,70.1,Management
BBA,HR,2,7.57,69,2.4,1.9,6.6,9.2,87,84,4,5,4,3,60,41,57,72,68,63,68,0,55,53,Placement,Product Manager,41.3,At Risk,49.2,40.7,Management
BCA,General,3,7.7,90,4.0,2.5,7.6,3.2,90,94,0,4,3,5,37,68,62,51,48,68,66,1,76,80,Government Job,Cybersecurity Analyst,73.8,Average,60.4,71.5,Tech
B.Com,General,4,8.18,79,4.5,3.2,5.6,9.3,89,88,0,7,3,5,68,34,57,64,70,53,62,2,79,81,Freelancing,Product Manager,79.4,Good,75.2,70.4,Commerce
BBA,HR,3,6.42,72,2.4,3.0,6.7,6.2,79,86,2,3,1,4,65,31,90,54,57,66,67,1,54,75,Government Job,Business Analyst,43.1,At Risk,57.3,54.0,Management
B.Tech,CSE,1,8.39,76,6.4,2.2,6.8,7.8,91,92,1,5,5,4,84,62,80,61,67,64,62,1,73,81,Government Job,Cybersecurity Analyst,75.1,Good,71.9,76.0,Tech
B.Com,Hons,4,7.48,74,4.3,2.6,7.6,4.4,90,88,1,5,2,5,63,71,79,76,52,72,75,1,64,93,Startup,Data Analyst,59.2,Average,73.7,37.2,Commerce
B.Tech,ECE,1,8.0,73,5.1,3.1,5.4,4.6,87,86,0,2,2,3,45,55,67,69,72,82,67,1,69,100,Placement,Product Manager,73.5,Average,70.0,54.3,Tech
BBA,Marketing,1,7.97,67,4.7,1.2,6.8,6.5,93,91,1,7,2,3,67,27,66,59,49,39,54,0,66,77,Higher Studies,Data Analyst,65.9,Average,56.9,65.7,Management
B.Tech,AI&DS,3,7.05,63,5.1,2.0,6.8,6.5,85,82,3,3,5,2,71,40,71,72,64,52,62,0,42,61,Startup,QA Engineer,45.4,At Risk,45.7,38.1,Tech
B.Tech,ECE,4,7.32,66,4.7,3.4,6.6,6.1,89,78,1,5,4,7,85,46,82,62,64,53,57,1,68,86,Placement,AI Engineer,57.8,Average,69.2,74.3,Tech
Law,Corporate,3,7.79,81,4.5,2.4,6.0,4.8,96,92,1,3,4,4,78,52,71,71,52,76,69,1,72,82,Startup,Product Manager,64.3,Average,74.2,65.9,Law
BBA,Marketing,4,6.82,71,3.9,0.7,7.3,5.4,91,85,2,1,0,3,66,32,69,65,33,43,46,0,35,59,Government Job,Data Analyst,46.8,At Risk,25.3,37.1,Management
BCA,General,3,7.46,73,2.7,0.9,6.4,5.9,88,96,0,4,3,1,79,46,64,51,55,62,54,1,67,73,Government Job,Cloud Engineer,71.4,Average,66.9,57.4,Tech
B.Tech,IT,1,7.28,59,2.7,3.3,6.5,4.6,73,78,3,4,5,2,67,64,60,71,61,68,61,1,73,75,Freelancing,Full Stack Developer,41.1,At Risk,70.1,50.4,Tech
B.Tech,IT,3,6.28,56,1.0,0.9,7.7,6.3,70,69,2,3,1,0,42,67,58,33,39,58,50,0,37,65,Higher Studies,QA Engineer,31.7,At Risk,33.2,24.9,Tech
BBA,HR,3,8.3,78,6.6,3.2,7.6,5.4,99,100,1,4,1,4,80,46,71,70,84,72,52,1,68,87,Freelancing,Data Analyst,78.9,Good,72.1,42.3,Management
BBA,Marketing,2,8.85,85,7.4,2.6,6.2,7.6,100,100,0,4,2,7,90,75,73,69,67,64,86,1,61,100,Higher Studies,Business Analyst,86.1,Good,80.3,69.7,Management
BBA,Finance,3,7.2,67,2.8,1.0,6.8,10.8,89,86,4,3,4,2,38,87,55,46,56,79,74,1,64,70,Placement,Business Analyst,37.7,At Risk,47.0,52.4,Management
B.Tech,CSE,2,8.0,64,6.1,3.8,7.2,4.0,98,96,0,2,5,6,67,44,86,59,68,66,65,1,76,94,Freelancing,Product Manager,74.0,Average,78.8,72.8,Tech
B.Tech,IT,1,7.79,75,4.6,1.6,6.3,6.5,100,91,1,1,1,2,62,88,64,44,54,66,86,1,46,73,Research,Business Analyst,71.3,Average,43.6,37.0,Tech
B.Tech,IT,4,7.24,82,3.8,2.9,7.1,7.3,89,91,1,4,6,6,89,50,87,87,61,76,67,2,89,78,Research,AI Engineer,68.5,Average,80.6,73.5,Tech
B.Tech,CSE,1,7.92,76,4.7,3.9,6.2,4.2,100,94,1,8,6,6,94,17,88,72,77,39,62,1,75,91,Placement,Backend Developer,69.3,Average,85.0,81.5,Tech
Law,Criminal,1,8.27,73,3.9,2.7,7.4,6.7,87,81,2,3,1,4,51,48,69,56,51,44,50,0,62,79,Higher Studies,Data Analyst,60.9,Average,49.2,38.5,Law
BCA,General,1,8.74,89,5.7,5.6,7.1,4.5,100,100,0,9,6,7,90,78,100,84,84,78,75,2,100,100,Higher Studies,Software Engineer,91.1,Excellent,97.4,76.7,Tech
BCA,General,2,8.59,89,5.9,3.2,6.9,5.5,100,96,0,6,4,5,67,45,78,59,64,51,57,1,62,78,Placement,Data Engineer,90.7,Excellent,73.6,58.4,Tech
B.Tech,CSE,2,6.54,66,3.2,2.9,7.4,5.0,76,79,4,4,4,4,82,37,64,65,31,30,30,0,48,55,Higher Studies,Cloud Engineer,26.0,At Risk,41.3,67.8,Tech
B.Tech,IT,1,7.74,58,4.7,2.2,7.1,4.4,99,92,0,2,0,2,51,47,45,49,50,37,60,0,49,57,Government Job,Product Manager,71.8,Average,29.8,52.2,Tech
BCA,General,1,8.19,67,5.1,3.9,6.2,5.4,95,88,1,6,5,3,78,36,75,62,82,55,64,2,73,91,Placement,Data Engineer,71.3,Average,80.2,90.2,Tech
BCA,General,2,6.2,71,3.7,2.7,6.8,6.4,84,76,3,4,2,2,65,41,61,47,43,47,64,0,52,69,Startup,Software Engineer,34.4,At Risk,45.0,76.3,Tech
B.Com,General,1,7.87,85,4.5,3.0,7.2,6.3,96,89,0,3,3,5,79,40,81,57,49,75,70,1,68,81,Government Job,Data Analyst,77.2,Good,70.0,57.5,Commerce
BCA,General,2,7.59,77,3.8,3.6,6.8,2.8,87,85,1,7,6,6,71,99,84,89,68,71,62,1,79,83,Government Job,Backend Developer,64.3,Average,83.8,74.3,Tech
Law,Corporate,1,6.41,73,2.7,2.8,8.0,3.4,81,82,1,5,4,6,82,79,83,44,48,89,62,1,84,77,Freelancing,Business Analyst,53.5,At Risk,84.2,40.7,Law
BBA,Finance,1,6.69,58,3.6,2.4,6.6,6.7,79,78,1,2,3,3,62,28,49,38,31,55,43,0,42,73,Higher Studies,Data Analyst,48.5,At Risk,32.9,43.7,Management
Law,Criminal,1,6.59,73,3.0,1.3,7.1,3.3,77,80,0,4,3,4,100,64,54,77,30,80,66,1,82,84,Placement,Product Manager,57.8,Average,70.1,55.4,Law
BCA,General,4,8.01,82,5.8,2.8,6.8,3.9,100,100,1,4,5,4,69,50,71,89,67,64,81,1,69,85,Placement,Data Engineer,73.2,Average,75.4,66.0,Tech
B.Tech,ECE,4,6.66,63,2.4,2.3,7.2,6.9,82,81,1,3,3,2,57,41,79,76,54,57,47,1,65,85,Placement,Cybersecurity Analyst,52.5,At Risk,68.7,62.0,Tech
B.Tech,IT,4,6.86,56,3.4,1.9,6.5,10.6,79,78,2,4,4,3,53,48,60,61,57,65,76,1,60,72,Placement,Business Analyst,44.6,At Risk,51.9,31.7,Tech
B.Tech,ECE,4,6.38,61,4.1,2.8,7.3,5.1,83,77,1,5,5,3,86,49,41,50,66,55,61,1,70,67,Placement,Backend Developer,48.9,At Risk,56.6,60.9,Tech
BCA,General,2,6.51,76,3.2,2.2,7.3,5.3,81,72,2,5,2,4,63,27,53,40,48,48,41,0,40,72,Placement,Cybersecurity Analyst,41.3,At Risk,48.6,43.0,Tech
B.Com,General,2,8.31,83,5.1,2.2,7.2,5.5,100,100,1,4,1,2,47,72,66,85,64,55,63,1,67,72,Research,Product Manager,80.1,Good,66.7,40.5,Commerce
B.Tech,CSE,3,6.98,70,3.2,1.0,8.0,6.1,84,76,2,2,1,1,43,54,43,53,47,49,47,0,36,60,Government Job,AI Engineer,50.3,At Risk,28.5,31.9,Tech
B.Tech,CSE,3,8.37,71,3.6,4.1,7.1,4.4,92,93,0,6,3,5,95,52,68,61,77,36,54,1,80,83,Freelancing,Data Engineer,79.1,Good,76.6,73.0,Tech
B.Tech,ECE,4,8.37,78,5.4,4.5,7.4,5.2,93,100,0,5,2,6,65,74,71,58,72,77,71,3,100,69,Freelancing,Product Manager,79.9,Good,81.2,65.6,Tech
B.Tech,CSE,2,7.4,81,5.7,3.6,7.8,6.5,92,93,1,4,3,5,66,53,50,65,51,57,56,1,65,87,Higher Studies,DevOps Engineer,66.7,Average,57.5,73.5,Tech
B.Tech,CSE,4,7.38,89,4.4,3.9,7.0,5.2,96,93,0,5,5,4,87,50,76,76,69,57,68,1,74,82,Government Job,Cybersecurity Analyst,79.2,Good,78.9,71.5,Tech
B.Com,General,4,7.68,90,4.1,1.5,7.9,4.1,89,86,0,2,2,4,55,53,59,85,38,59,62,0,47,65,Freelancing,Business Analyst,74.1,Average,41.8,42.8,Commerce
BCA,General,4,7.89,73,3.7,4.4,6.4,6.9,94,90,0,8,6,9,100,57,96,75,53,77,50,3,88,100,Placement,Data Engineer,72.1,Average,97.7,71.8,Tech
BCA,General,3,7.26,62,4.7,3.2,5.6,7.4,79,90,1,5,4,4,74,51,91,65,71,74,74,2,79,80,Research,UI/UX Designer,58.5,Average,82.4,59.9,Tech
Law,Corporate,3,7.78,81,5.5,3.8,7.3,7.3,91,99,1,7,4,5,82,52,68,80,71,61,74,1,63,75,Government Job,Data Analyst,71.5,Average,76.1,70.2,Law
BBA,Finance,4,8.57,81,5.3,2.4,6.3,4.4,94,92,0,3,2,2,47,56,50,72,59,78,58,0,53,63,Government Job,Business Analyst,80.0,Good,39.9,44.2,Management
BCA,General,2,7.04,62,2.3,3.4,7.4,8.7,77,78,3,3,4,3,87,41,53,63,43,69,52,1,64,76,Placement,Full Stack Developer,37.9,At Risk,57.5,59.6,Tech
B.Tech,AI&DS,3,7.59,87,6.0,3.2,7.0,3.3,97,87,0,7,3,5,69,78,63,53,69,77,71,2,76,64,Government Job,DevOps Engineer,78.9,Good,76.6,68.3,Tech
Law,Criminal,1,8.07,78,6.1,2.7,8.5,6.4,93,89,1,4,3,4,69,88,72,75,63,77,76,1,68,67,Freelancing,Product Manager,72.0,Average,63.5,63.3,Law
B.Tech,IT,1,7.92,68,4.7,2.0,6.7,5.1,88,94,2,3,1,1,57,60,88,50,77,74,69,0,40,86,Placement,Data Analyst,59.6,Average,50.7,56.9,Tech
B.Tech,CSE,2,8.48,82,5.8,3.4,6.8,8.2,96,95,0,4,3,4,76,12,54,53,49,54,68,0,46,81,Higher Studies,Full Stack Developer,78.3,Good,52.9,46.9,Tech
B.Tech,AI&DS,3,8.82,67,4.6,2.9,6.8,7.5,96,95,0,5,3,2,57,55,65,51,72,94,78,3,80,64,Placement,Business Analyst,79.1,Good,78.3,71.4,Tech
BCA,General,1,8.47,79,5.5,5.0,5.8,4.6,95,90,0,8,5,5,96,66,73,58,75,59,77,1,88,83,Startup,Full Stack Developer,81.2,Good,85.0,67.7,Tech
B.Tech,AI&DS,4,6.59,77,4.5,0.8,8.1,6.7,89,84,1,3,3,1,54,33,67,52,52,54,49,0,38,70,Government Job,Full Stack Developer,58.2,Average,30.5,46.8,Tech
BBA,HR,3,7.64,80,4.2,1.9,5.4,4.1,90,93,0,5,4,4,70,45,55,82,46,76,64,0,58,60,Research,Data Analyst,71.3,Average,56.5,34.7,Management
B.Tech,CSE,1,8.83,76,6.0,4.3,6.4,7.6,97,94,1,6,6,4,85,60,87,67,68,65,88,2,73,88,Startup,AI Engineer,81.1,Good,86.3,68.5,Tech
Law,Corporate,1,7.72,83,4.4,4.0,6.5,4.5,90,90,1,6,3,6,67,89,60,63,47,73,70,1,83,87,Placement,Cybersecurity Analyst,68.6,Average,80.1,77.7,Law
B.Tech,AI&DS,2,8.11,71,5.3,2.4,7.1,5.7,96,91,3,6,3,3,69,64,64,54,73,70,69,1,64,70,Startup,Cybersecurity Analyst,56.0,Average,64.5,44.0,Tech
B.Tech,IT,4,7.83,87,6.2,4.4,6.4,4.9,99,94,0,7,3,5,71,23,78,55,61,50,59,1,76,93,Placement,AI Engineer,73.4,Average,75.6,57.2,Tech
Law,Corporate,4,9.06,84,6.1,4.2,6.1,9.0,100,100,0,6,6,7,93,69,71,95,71,54,73,1,70,96,Placement,Cybersecurity Analyst,86.3,Good,85.0,67.2,Law
BBA,Marketing,3,8.19,73,4.7,2.4,6.4,7.3,92,87,0,4,2,3,59,41,95,66,66,61,70,1,67,62,Placement,Product Manager,70.8,Average,71.0,42.7,Management
B.Tech,ECE,1,6.91,59,1.5,2.7,6.4,7.8,72,68,0,2,5,2,62,45,59,70,58,52,34,0,41,81,Freelancing,Cybersecurity Analyst,52.1,At Risk,51.2,50.4,Tech
B.Tech,CSE,4,7.05,75,4.0,2.4,7.7,5.2,90,92,2,5,3,5,69,78,80,89,55,52,58,1,68,86,Higher Studies,Backend Developer,56.2,Average,75.4,66.0,Tech
B.Tech,CSE,1,6.99,89,4.3,2.6,6.4,4.4,95,89,1,6,4,5,70,30,93,49,60,34,43,2,71,81,Startup,AI Engineer,67.9,Average,78.2,73.1,Tech
B.Tech,AI&DS,2,8.1,77,4.1,4.1,7.7,7.6,93,90,2,7,3,5,85,51,87,74,74,58,66,1,71,80,Placement,AI Engineer,64.2,Average,82.0,66.6,Tech
BBA,Finance,3,8.72,90,7.0,2.1,7.3,5.2,100,100,0,3,2,5,52,63,79,65,43,76,78,1,71,79,Research,Data Analyst,84.5,Good,70.0,62.8,Management
B.Tech,CSE,2,8.02,66,3.2,1.8,7.4,8.0,87,86,2,5,2,2,65,57,51,40,61,70,66,1,75,61,Placement,Data Analyst,63.1,Average,59.5,51.1,Tech
BCA,General,2,8.17,67,4.5,3.1,6.8,8.5,98,93,2,5,3,4,93,35,81,62,57,54,56,1,55,88,Higher Studies,Full Stack Developer,65.1,Average,61.4,59.5,Tech
B.Com,Hons,2,7.55,61,3.5,0.4,7.0,7.2,89,82,1,3,1,2,52,51,60,38,49,76,59,0,53,59,Placement,Product Manager,57.4,Average,37.9,44.0,Commerce
B.Tech,ECE,4,5.85,61,2.2,1.0,8.1,6.5,74,72,0,0,0,1,35,56,47,25,37,55,48,0,37,54,Placement,UI/UX Designer,45.8,At Risk,23.7,40.6,Tech
BCA,General,2,7.82,71,4.6,3.7,6.5,6.9,95,92,0,4,4,4,58,58,63,84,44,53,55,0,62,72,Placement,QA Engineer,70.9,Average,66.4,64.3,Tech
BBA,Finance,1,6.35,54,2.3,0.8,6.6,9.2,87,74,3,3,2,1,73,21,68,69,45,51,56,0,43,60,Startup,Business Analyst,35.6,At Risk,37.6,47.9,Management
B.Tech,ECE,2,7.55,75,4.4,3.3,7.8,7.2,88,85,0,6,3,5,84,75,72,54,50,74,67,2,71,81,Placement,Product Manager,70.6,Average,80.3,74.7,Tech
BBA,Finance,3,6.52,74,2.6,1.3,7.1,5.8,82,76,0,3,1,3,35,41,55,55,31,55,56,1,42,61,Placement,Business Analyst,60.5,Average,35.4,44.3,Management
B.Tech,IT,2,6.83,85,3.6,1.3,7.3,7.0,86,88,1,3,0,3,72,63,54,52,37,90,84,0,59,76,Placement,Product Manager,61.6,Average,48.7,51.7,Tech
B.Com,Hons,4,7.19,63,4.9,0.0,6.1,4.5,86,82,1,0,0,1,18,38,40,38,49,63,63,0,44,36,Placement,Business Analyst,58.3,Average,21.5,25.8,Commerce
BBA,Marketing,2,6.95,70,3.3,1.7,8.0,4.3,86,75,3,3,3,3,80,73,72,52,57,91,71,1,76,64,Placement,Product Manager,45.4,At Risk,61.0,64.2,Management
B.Tech,ECE,3,7.25,80,4.8,3.8,7.7,6.4,94,92,1,4,5,5,100,59,76,76,52,70,67,1,76,86,Startup,Business Analyst,65.4,Average,70.0,78.0,Tech
Law,Criminal,3,7.32,82,4.2,2.7,6.9,3.7,84,83,3,5,5,5,82,54,77,64,49,44,54,1,73,100,Government Job,Data Analyst,48.4,At Risk,69.8,54.4,Law
BCA,General,2,7.82,55,3.5,2.7,7.6,9.4,79,74,2,6,3,2,60,46,93,75,76,53,48,1,74,89,Higher Studies,Data Analyst,50.2,At Risk,77.8,70.5,Tech
B.Tech,CSE,2,6.29,55,2.3,2.3,7.6,6.4,70,76,4,4,4,2,85,46,68,53,53,39,35,1,59,80,Freelancing,Frontend Developer,22.1,At Risk,51.5,51.6,Tech
B.Tech,ECE,2,6.85,77,3.9,1.0,5.8,5.8,88,89,0,3,2,2,81,61,57,68,30,62,59,1,53,75,Placement,Business Analyst,63.9,Average,57.4,51.6,Tech
B.Tech,CSE,1,7.24,78,4.4,3.2,7.6,5.4,89,80,0,6,1,4,82,59,58,62,64,61,56,0,72,58,Placement,DevOps Engineer,66.5,Average,57.1,41.6,Tech
B.Tech,CSE,1,8.76,80,6.3,3.1,8.0,3.8,100,97,0,5,4,5,78,31,67,68,60,48,52,0,62,76,Government Job,QA Engineer,87.1,Good,74.3,56.4,Tech
B.Tech,CSE,1,7.28,65,3.2,2.7,7.0,6.3,86,86,4,3,2,4,60,53,62,51,64,65,57,0,63,71,Placement,Frontend Developer,40.5,At Risk,46.6,57.2,Tech
B.Tech,IT,1,6.73,66,3.0,2.5,7.9,8.4,87,87,0,4,4,4,55,60,70,57,61,74,63,1,81,80,Higher Studies,DevOps Engineer,56.4,Average,73.0,70.2,Tech
BBA,Marketing,1,8.17,89,5.9,2.7,8.8,2.2,100,96,0,3,1,0,57,35,46,59,41,63,89,1,64,71,Higher Studies,Product Manager,82.4,Good,47.5,57.5,Management
Law,Criminal,2,7.53,62,3.9,0.6,5.3,8.3,92,86,2,3,1,1,55,35,48,49,34,60,63,0,42,68,Placement,Business Analyst,57.7,Average,35.7,30.3,Law
B.Tech,CSE,1,8.62,70,4.6,2.3,6.0,6.3,96,88,1,6,5,4,82,64,63,85,56,61,70,2,63,56,Startup,Machine Learning Engineer,67.3,Average,72.2,37.4,Tech
B.Tech,ECE,4,7.92,66,1.8,4.0,7.2,7.5,82,74,0,8,7,5,94,57,94,51,75,68,68,3,100,79,Startup,Backend Developer,63.3,Average,97.2,87.5,Tech
BCA,General,2,8.26,74,4.1,3.7,7.8,6.3,94,91,0,4,3,4,52,60,70,76,65,59,63,1,70,76,Placement,Software Engineer,77.0,Good,61.3,57.7,Tech
B.Tech,AI&DS,1,8.16,68,5.0,3.4,6.4,7.3,96,87,3,6,6,4,88,44,78,89,62,72,82,2,90,82,Higher Studies,Software Engineer,54.0,At Risk,76.8,77.6,Tech
B.Tech,AI&DS,3,6.25,71,2.9,2.8,6.0,9.7,78,78,2,5,3,6,46,45,89,78,37,75,70,2,73,80,Startup,Backend Developer,41.6,At Risk,74.2,86.3,Tech
BBA,Marketing,3,6.62,71,3.4,2.4,6.1,9.0,84,83,4,3,3,3,51,38,68,57,62,61,55,1,49,78,Higher Studies,Business Analyst,36.2,At Risk,52.6,62.3,Management
B.Tech,AI&DS,4,6.61,77,2.8,3.7,8.5,5.2,87,78,2,8,4,6,89,53,55,73,53,64,63,2,67,95,Startup,Cloud Engineer,45.9,At Risk,70.0,42.6,Tech
B.Tech,IT,2,7.92,69,6.2,2.6,7.1,4.4,94,92,1,5,4,3,73,45,70,44,80,39,59,1,58,68,Higher Studies,QA Engineer,69.7,Average,66.1,50.6,Tech
BBA,Finance,2,8.44,82,6.4,0.3,7.0,7.4,100,96,1,1,1,3,54,73,53,46,60,79,84,1,55,66,Government Job,Business Analyst,76.6,Good,54.0,46.9,Management
B.Tech,ECE,3,6.2,78,3.7,1.4,6.4,5.2,83,86,2,2,2,4,54,83,64,52,41,66,48,0,52,84,Placement,Cybersecurity Analyst,43.3,At Risk,51.7,69.1,Tech
BCA,General,3,7.34,81,4.1,1.9,6.2,3.9,98,94,0,5,1,1,60,75,56,44,44,72,74,1,67,51,Freelancing,Data Engineer,72.6,Average,54.3,43.3,Tech
Law,Criminal,3,7.0,59,3.7,3.3,7.9,4.4,80,81,2,4,3,3,60,66,56,72,62,59,51,1,76,77,Placement,Data Analyst,50.6,At Risk,53.7,48.2,Law
B.Tech,AI&DS,4,8.19,66,4.5,3.1,6.2,7.9,88,88,1,6,5,6,71,60,84,58,75,65,52,2,96,94,Higher Studies,UI/UX Designer,66.5,Average,78.4,84.3,Tech
B.Tech,IT,4,7.04,57,3.7,3.0,7.4,6.5,76,80,3,6,4,3,83,27,90,71,56,56,52,0,50,79,Placement,Machine Learning Engineer,41.5,At Risk,70.5,36.7,Tech
BCA,General,1,8.11,62,3.6,1.2,7.0,7.7,91,84,3,1,1,1,49,47,65,56,53,73,68,1,43,55,Placement,Frontend Developer,53.2,At Risk,34.9,36.9,Tech
B.Tech,IT,2,6.36,61,2.0,3.8,6.7,7.0,79,72,2,6,4,4,56,10,54,55,77,65,47,0,57,66,Placement,Backend Developer,40.3,At Risk,58.0,38.0,Tech
Law,Corporate,4,7.09,77,1.9,3.2,7.6,5.8,87,76,0,6,3,7,69,59,44,75,62,70,64,1,77,86,Higher Studies,Data Analyst,65.4,Average,74.1,48.9,Law
Law,Corporate,1,7.47,62,4.7,1.4,6.6,6.9,90,92,0,1,1,2,44,42,64,79,44,69,79,0,37,65,Government Job,Business Analyst,68.7,Average,37.4,42.7,Law
BBA,Finance,2,7.74,72,4.3,1.1,7.3,5.7,95,91,1,3,3,5,50,60,65,87,43,63,76,1,64,74,Freelancing,UI/UX Designer,63.4,Average,61.2,55.8,Management
BCA,General,3,7.62,79,4.4,0.8,8.8,6.9,97,93,3,0,0,3,47,61,35,72,37,61,60,0,47,53,Research,Cybersecurity Analyst,56.4,Average,20.5,35.3,Tech
B.Tech,CSE,1,7.37,63,4.4,3.0,7.4,5.0,83,87,0,5,6,3,71,65,54,100,63,67,62,1,81,79,Placement,UI/UX Designer,67.6,Average,75.6,64.8,Tech
BCA,General,3,7.96,65,6.6,2.8,5.7,7.4,93,91,0,3,3,5,58,33,84,74,57,48,50,2,69,94,Placement,Business Analyst,76.5,Good,68.9,58.6,Tech
B.Tech,IT,4,6.91,65,2.8,1.2,6.8,7.4,80,85,1,3,3,4,78,31,69,45,43,65,56,0,54,72,Placement,Frontend Developer,51.5,At Risk,45.6,48.5,Tech
B.Tech,IT,2,7.38,75,3.1,2.0,5.4,4.4,93,85,1,4,2,5,76,60,66,54,54,53,59,1,55,62,Government Job,Software Engineer,63.1,Average,59.2,58.8,Tech
BBA,Marketing,1,8.32,80,4.7,3.1,6.5,3.5,100,99,0,8,4,5,67,58,84,70,57,77,64,2,78,84,Research,Business Analyst,85.1,Good,83.5,59.4,Management
B.Tech,CSE,1,6.55,73,2.7,1.5,7.9,8.3,83,82,0,3,3,3,58,45,52,55,51,65,60,0,65,79,Placement,Software Engineer,59.0,Average,49.7,53.9,Tech
B.Tech,ECE,2,8.5,66,5.1,3.4,8.0,8.0,86,89,1,6,4,6,85,31,76,42,62,69,77,0,76,90,Higher Studies,Machine Learning Engineer,72.4,Average,80.0,60.6,Tech
BBA,Marketing,1,7.51,70,3.9,3.8,6.8,4.4,97,97,0,7,4,4,73,29,91,77,64,58,64,1,80,76,Research,Product Manager,76.5,Good,83.4,74.5,Management
B.Tech,CSE,3,7.95,71,4.4,3.6,6.5,3.4,92,90,1,6,4,4,67,47,72,60,63,48,55,1,57,76,Placement,Data Scientist,67.8,Average,63.3,70.2,Tech
B.Tech,AI&DS,2,6.89,63,4.6,0.7,7.9,9.1,85,88,3,3,3,4,53,40,59,56,47,68,48,0,55,75,Startup,Cybersecurity Analyst,45.2,At Risk,33.4,53.9,Tech
B.Tech,CSE,2,8.09,76,6.1,2.9,6.5,5.8,95,96,1,7,5,6,80,35,83,86,71,66,91,1,94,88,Government Job,AI Engineer,71.9,Average,86.7,83.6,Tech
B.Com,General,3,8.73,98,7.3,2.8,7.2,5.2,100,100,0,4,2,4,81,67,63,73,68,55,88,1,61,81,Government Job,Business Analyst,92.4,Excellent,75.1,52.3,Commerce
BCA,General,3,7.51,76,3.0,0.9,7.0,7.1,89,80,2,3,3,3,57,25,65,72,52,49,46,1,42,57,Research,Software Engineer,53.9,At Risk,38.7,41.6,Tech
B.Tech,AI&DS,4,7.45,94,3.9,4.0,7.3,5.4,91,93,1,7,6,5,75,63,69,69,51,59,43,1,71,94,Placement,QA Engineer,67.7,Average,79.7,70.0,Tech
BCA,General,1,8.16,71,4.0,3.4,6.6,2.6,88,91,1,4,4,5,69,49,73,66,70,52,63,0,63,99,Higher Studies,DevOps Engineer,68.1,Average,67.5,57.2,Tech
B.Tech,AI&DS,2,6.67,72,3.1,3.9,7.2,4.1,84,80,0,7,4,6,79,52,67,64,53,45,41,1,70,92,Placement,Machine Learning Engineer,60.6,Average,75.2,71.2,Tech
BBA,Finance,3,8.4,99,5.4,3.7,7.2,5.2,100,99,0,4,2,5,75,72,53,39,64,54,76,2,69,68,Government Job,Business Analyst,87.6,Good,64.1,55.9,Management
BCA,General,2,6.98,61,2.7,2.2,7.6,7.9,79,76,3,5,5,4,72,35,74,76,79,74,69,1,67,93,Placement,Frontend Developer,40.5,At Risk,73.0,51.4,Tech
BCA,General,4,7.84,70,4.3,3.0,7.1,5.3,89,81,1,5,3,3,78,76,70,100,69,70,58,2,68,78,Higher Studies,Cloud Engineer,61.0,Average,76.8,54.0,Tech
B.Tech,CSE,2,8.45,86,6.8,3.6,6.9,6.5,100,100,0,7,4,7,66,49,71,81,46,58,63,1,75,100,Higher Studies,Machine Learning Engineer,84.2,Good,83.0,72.5,Tech
B.Tech,ECE,4,7.64,67,4.5,3.7,6.4,6.1,87,87,0,6,4,4,65,36,59,68,45,67,58,2,84,84,Research,Backend Developer,70.4,Average,75.3,94.1,Tech
BCA,General,1,7.33,89,5.0,3.7,7.4,4.1,92,89,1,6,2,7,83,55,80,51,50,67,67,1,69,90,Startup,Backend Developer,68.6,Average,76.0,66.5,Tech
BBA,Marketing,3,6.99,81,4.9,2.1,7.0,3.9,95,97,1,5,2,5,57,41,59,47,48,79,68,2,83,81,Placement,Data Analyst,65.2,Average,70.0,47.3,Management
B.Tech,CSE,4,9.16,78,5.5,4.9,7.5,5.3,100,100,0,8,5,7,87,65,89,84,81,82,76,2,93,100,Placement,Data Scientist,95.6,Excellent,97.4,82.7,Tech
Law,Corporate,4,7.6,76,3.9,1.4,5.7,3.4,97,91,2,3,2,1,67,51,60,39,65,65,78,1,53,85,Placement,Product Manager,62.9,Average,48.8,40.2,Law
BBA,Marketing,2,7.85,87,7.1,1.7,7.0,3.9,97,95,0,3,0,6,73,68,66,63,60,87,67,1,64,76,Placement,Product Manager,79.1,Good,67.2,43.6,Management
B.Tech,CSE,4,8.17,90,6.0,3.7,8.3,3.3,94,98,0,6,4,5,81,49,73,63,57,48,66,0,50,72,Placement,Cybersecurity Analyst,84.2,Good,72.5,85.8,Tech
B.Tech,AI&DS,3,6.57,62,1.7,1.7,5.7,9.1,67,74,2,5,3,4,72,56,71,56,66,59,57,1,73,84,Placement,Full Stack Developer,41.8,At Risk,70.9,88.8,Tech
B.Tech,IT,3,7.79,75,4.4,2.3,7.1,5.5,94,88,2,4,2,3,53,52,55,75,59,61,65,1,72,76,Research,Cloud Engineer,61.7,Average,51.2,54.7,Tech
BCA,General,2,7.43,78,4.0,3.7,5.4,4.1,87,89,0,7,4,6,80,37,77,84,58,50,55,1,75,97,Placement,QA Engineer,65.8,Average,83.1,68.1,Tech
B.Tech,ECE,4,7.9,77,4.3,3.4,6.6,4.7,89,90,1,6,5,4,80,65,88,47,67,57,52,2,72,71,Placement,Backend Developer,68.0,Average,75.4,62.2,Tech
B.Tech,CSE,1,7.36,79,4.1,3.4,7.7,6.2,89,87,1,4,3,3,76,55,78,58,46,78,62,1,80,83,Placement,DevOps Engineer,63.9,Average,68.7,72.5,Tech
B.Tech,IT,4,8.37,84,6.3,4.6,8.4,4.4,100,100,0,7,4,8,86,41,86,79,42,59,65,1,90,100,Government Job,Data Engineer,90.6,Excellent,86.9,82.5,Tech
BCA,General,3,7.7,75,5.2,4.4,7.7,6.8,89,86,3,7,4,6,50,50,80,74,47,64,60,0,62,84,Startup,Full Stack Developer,50.1,At Risk,59.7,69.6,Tech
B.Tech,AI&DS,3,6.61,56,2.3,3.4,5.4,5.6,78,77,3,6,3,3,60,37,61,72,47,57,51,1,83,68,Higher Studies,AI Engineer,40.4,At Risk,67.3,49.0,Tech
B.Tech,ECE,1,7.24,70,3.2,1.7,6.6,6.8,85,75,0,2,2,3,56,46,46,64,56,52,63,1,44,53,Startup,Frontend Developer,61.6,Average,46.7,44.2,Tech
B.Tech,ECE,3,7.75,73,6.0,3.6,6.5,3.1,100,91,1,5,4,7,49,48,67,63,57,66,60,0,71,100,Placement,Machine Learning Engineer,72.7,Average,75.2,74.3,Tech
B.Tech,IT,1,8.66,89,4.7,5.7,5.9,9.8,93,97,0,9,6,7,88,65,84,77,88,71,78,2,100,100,Placement,Data Analyst,84.6,Good,97.6,82.7,Tech
B.Tech,AI&DS,4,7.04,75,3.0,3.3,6.6,4.4,84,85,1,5,4,3,82,76,84,55,40,59,57,1,73,85,Research,Machine Learning Engineer,58.9,Average,70.0,46.5,Tech
B.Tech,IT,3,8.29,75,6.1,2.2,7.3,5.0,97,93,0,2,1,3,77,48,53,57,39,81,72,2,64,46,Placement,QA Engineer,82.0,Good,49.2,53.0,Tech
B.Tech,AI&DS,1,8.11,73,4.9,3.6,5.8,6.4,95,95,0,5,4,3,90,50,92,58,65,51,63,0,85,82,Startup,AI Engineer,77.8,Good,76.8,74.7,Tech
B.Tech,CSE,3,7.36,76,3.2,2.4,6.5,7.3,79,77,1,6,3,4,55,61,71,71,42,53,66,0,64,92,Placement,QA Engineer,60.0,Average,74.2,37.7,Tech
B.Com,Hons,3,8.02,85,5.7,2.4,6.5,3.5,100,100,0,4,2,4,73,49,68,76,69,67,68,1,55,95,Placement,Product Manager,81.0,Good,59.2,71.6,Commerce
B.Tech,ECE,2,6.92,79,4.1,1.4,5.9,2.6,86,81,2,3,1,5,54,38,70,64,31,51,45,0,49,75,Placement,Frontend Developer,50.5,At Risk,47.4,47.1,Tech
BCA,General,3,7.9,83,6.2,5.1,7.1,6.6,100,90,0,8,7,8,73,56,96,89,57,72,78,3,100,100,Placement,Data Analyst,79.6,Good,95.0,98.0,Tech
BCA,General,3,8.26,82,5.6,3.1,6.6,6.9,100,96,0,4,3,6,56,28,82,77,58,48,71,1,70,83,Research,Data Engineer,80.6,Good,73.4,73.7,Tech
B.Tech,AI&DS,2,7.08,77,3.4,3.6,8.0,2.4,86,84,0,3,4,6,91,73,69,42,54,49,66,1,72,75,Placement,Backend Developer,65.6,Average,64.5,64.8,Tech
B.Tech,CSE,3,7.66,83,5.6,2.1,7.0,4.2,100,94,0,6,4,3,96,72,86,45,62,58,75,2,73,85,Startup,Full Stack Developer,80.3,Good,76.2,65.5,Tech
B.Com,Hons,3,7.77,75,3.5,3.5,6.8,6.3,96,85,1,5,5,6,51,61,77,70,57,75,75,1,58,78,Higher Studies,Product Manager,63.8,Average,69.0,57.3,Commerce
B.Tech,IT,4,7.48,57,2.8,3.3,8.1,5.8,90,90,2,6,5,4,81,39,67,84,43,43,56,1,59,100,Government Job,AI Engineer,50.3,At Risk,68.3,54.5,Tech
B.Tech,IT,4,6.22,65,2.8,1.5,7.4,4.1,82,81,1,5,0,4,50,49,41,51,37,54,64,1,67,76,Placement,Backend Developer,48.5,At Risk,50.5,55.0,Tech
B.Tech,ECE,1,7.34,71,3.3,1.1,5.3,8.6,82,76,3,4,1,4,34,58,52,74,34,58,45,0,50,71,Startup,Data Engineer,48.3,At Risk,38.3,49.7,Tech
BCA,General,4,8.57,69,6.5,3.5,5.9,6.3,97,94,0,3,3,2,51,46,82,61,65,53,65,0,57,69,Placement,UI/UX Designer,84.0,Good,55.4,35.1,Tech
Law,Corporate,4,7.73,75,5.1,4.9,6.5,3.4,89,88,1,7,6,5,76,23,81,53,50,41,45,2,65,92,Placement,Cybersecurity Analyst,70.9,Average,85.0,58.2,Law
Law,Criminal,2,7.39,79,5.0,1.3,7.4,7.1,88,91,0,4,3,2,58,53,63,61,43,65,62,1,61,84,Placement,Data Analyst,73.1,Average,53.3,25.2,Law
B.Com,Hons,4,7.39,86,5.4,3.4,7.5,3.5,84,96,4,5,4,4,56,64,56,63,61,59,62,1,62,65,Government Job,Business Analyst,47.2,At Risk,55.6,34.9,Commerce
B.Tech,IT,1,7.04,79,4.6,3.2,7.1,4.1,93,88,1,6,4,4,76,36,63,64,76,54,63,1,74,71,Freelancing,Software Engineer,63.4,Average,63.9,51.0,Tech
B.Tech,AI&DS,1,7.36,87,4.5,2.8,6.6,6.2,92,93,0,7,5,5,80,62,68,59,62,50,63,2,81,88,Placement,QA Engineer,66.5,Average,82.1,75.3,Tech
BCA,General,2,5.82,64,3.2,3.9,7.0,5.1,76,76,3,3,2,6,62,55,71,63,76,50,44,0,48,85,Placement,Cloud Engineer,31.6,At Risk,60.2,54.0,Tech
B.Com,General,1,8.62,91,6.9,4.3,8.1,6.5,100,100,0,6,4,9,99,56,94,91,92,59,61,1,69,99,Higher Studies,Data Analyst,90.1,Excellent,94.7,70.6,Commerce
B.Tech,ECE,1,8.64,60,6.2,2.6,6.9,6.4,94,96,1,7,4,5,84,60,76,80,85,39,58,1,79,100,Placement,Machine Learning Engineer,69.2,Average,80.6,62.4,Tech
B.Com,General,2,7.42,70,2.7,3.0,5.7,4.8,80,82,1,3,4,2,49,69,61,71,50,83,55,0,63,65,Placement,Product Manager,52.9,At Risk,47.7,36.2,Commerce
BCA,General,4,7.59,62,2.8,2.3,7.2,5.2,86,82,2,0,3,5,48,51,61,59,39,40,49,1,43,65,Placement,QA Engineer,49.5,At Risk,40.0,55.9,Tech
BBA,HR,2,5.81,76,2.2,0.0,8.2,5.6,75,72,1,0,0,0,33,52,44,44,20,49,49,0,35,60,Placement,UI/UX Designer,43.3,At Risk,20.0,40.0,Management
B.Tech,IT,4,7.28,50,3.1,1.8,8.0,6.7,91,78,0,3,2,3,67,53,77,46,67,61,74,1,58,73,Higher Studies,Business Analyst,63.7,Average,62.9,43.3,Tech
B.Tech,ECE,2,8.62,87,7.4,4.7,5.8,7.0,100,100,0,9,6,7,93,57,90,70,66,59,66,2,91,74,Startup,AI Engineer,95.0,Excellent,90.7,70.8,Tech
B.Tech,IT,2,7.78,84,4.4,2.2,6.8,6.1,94,88,2,5,2,5,61,73,79,47,62,78,55,2,66,79,Placement,Product Manager,66.0,Average,65.8,66.2,Tech
BBA,HR,1,7.47,52,3.9,1.2,6.9,6.1,87,84,1,3,0,1,53,45,68,68,36,79,72,0,61,60,Startup,Business Analyst,53.2,At Risk,48.5,34.4,Management
B.Tech,CSE,1,6.9,65,2.3,2.6,6.3,6.2,76,86,2,5,3,5,77,66,62,42,53,71,55,0,62,83,Freelancing,UI/UX Designer,41.3,At Risk,51.5,45.5,Tech
B.Tech,CSE,4,8.5,85,5.8,4.7,6.6,7.7,100,96,0,7,7,7,78,46,97,78,69,51,67,2,83,100,Freelancing,Full Stack Developer,85.7,Good,98.0,82.7,Tech
BCA,General,3,6.56,90,2.3,1.0,6.2,5.8,86,81,0,2,1,5,31,59,66,35,37,82,55,1,66,79,Placement,UI/UX Designer,64.2,Average,50.1,56.9,Tech
BBA,Marketing,3,7.08,83,4.6,3.1,7.0,5.9,87,88,0,4,3,4,70,56,84,45,49,56,67,2,58,76,Placement,Business Analyst,64.6,Average,68.5,69.0,Management
BBA,HR,4,8.12,92,6.6,3.9,7.8,2.9,100,100,0,3,3,6,72,44,68,61,43,58,63,0,56,86,Government Job,Data Analyst,83.7,Good,63.9,52.0,Management
BBA,HR,3,7.33,77,5.5,2.0,7.1,5.5,92,92,0,4,2,5,46,79,52,47,34,89,78,2,75,84,Freelancing,Product Manager,70.1,Average,73.1,71.8,Management
BBA,Finance,2,7.14,79,5.2,4.3,8.0,7.3,98,90,1,5,4,5,63,56,68,65,79,67,66,2,96,93,Government Job,Product Manager,66.8,Average,83.9,77.3,Management
B.Com,General,4,7.25,74,3.9,1.0,7.2,6.8,88,97,1,2,0,0,64,40,44,55,31,87,82,1,60,59,Higher Studies,Product Manager,61.9,Average,46.5,67.2,Commerce
BBA,Finance,3,7.61,70,3.8,1.8,7.5,5.0,87,83,3,3,1,3,87,88,70,47,45,71,75,1,60,84,Government Job,Business Analyst,50.6,At Risk,48.5,43.3,Management
Law,Corporate,1,6.93,66,3.7,0.3,7.5,5.7,78,81,3,0,0,0,55,48,37,20,23,59,47,0,44,48,Government Job,Business Analyst,43.1,At Risk,20.0,30.3,Law
B.Tech,AI&DS,4,7.77,72,5.4,2.3,6.4,6.8,93,90,2,4,5,4,92,39,68,53,55,62,71,2,61,76,Placement,Business Analyst,61.4,Average,64.9,51.0,Tech
B.Tech,IT,2,8.57,67,4.8,4.1,7.4,5.6,92,91,1,4,2,5,73,70,60,51,51,49,61,1,67,69,Placement,Machine Learning Engineer,74.3,Average,65.1,64.8,Tech
BCA,General,4,6.4,77,3.2,3.5,7.4,2.3,72,79,1,5,4,3,87,59,68,52,53,45,44,1,64,85,Higher Studies,Frontend Developer,55.8,Average,60.5,65.9,Tech
BCA,General,4,7.35,79,6.0,1.2,7.2,4.3,90,89,0,2,0,2,37,66,56,51,35,63,72,1,42,52,Placement,UI/UX Designer,68.0,Average,37.0,61.6,Tech
B.Tech,ECE,4,6.15,75,3.3,2.3,5.8,5.0,79,87,1,5,2,4,56,59,56,60,41,68,64,2,67,58,Higher Studies,Full Stack Developer,48.8,At Risk,69.5,58.8,Tech
B.Tech,AI&DS,1,7.68,59,3.1,2.8,8.0,7.8,81,80,0,7,4,3,68,35,70,74,51,42,44,1,68,95,Placement,Backend Developer,65.2,Average,74.0,72.8,Tech
B.Tech,AI&DS,3,8.93,92,6.5,5.3,7.7,6.1,100,95,0,8,5,4,68,62,97,64,60,73,81,2,100,83,Placement,AI Engineer,94.9,Excellent,84.1,76.8,Tech
Law,Corporate,2,7.97,53,4.1,2.3,7.2,6.4,87,85,0,2,2,4,43,50,58,47,75,45,57,0,36,69,Government Job,Data Analyst,68.1,Average,38.6,58.1,Law
BCA,General,4,6.76,80,4.3,2.6,8.0,4.3,87,86,0,4,2,3,76,67,76,42,43,64,60,1,65,68,Placement,Frontend Developer,67.8,Average,58.6,56.9,Tech
Law,Criminal,1,7.51,63,4.5,2.8,5.5,6.5,84,79,0,3,2,3,63,61,88,67,56,72,51,1,76,85,Placement,Product Manager,64.3,Average,75.4,58.4,Law
B.Com,General,4,6.74,81,4.8,3.9,7.7,4.1,87,89,2,7,4,8,71,79,70,72,61,75,79,1,78,100,Startup,Product Manager,57.4,Average,83.3,78.3,Commerce
BCA,General,4,8.54,75,5.2,2.3,7.3,6.5,95,95,2,4,5,2,56,34,71,73,50,54,55,1,62,72,Higher Studies,Data Engineer,66.8,Average,61.3,57.1,Tech
BBA,Marketing,2,8.18,79,5.2,3.7,7.2,5.8,100,89,0,7,3,5,79,71,76,64,56,86,82,2,91,74,Placement,Product Manager,81.2,Good,81.3,62.1,Management
B.Tech,IT,3,8.15,54,4.4,1.8,6.8,8.8,89,90,0,4,3,3,61,57,80,57,76,54,63,1,53,96,Placement,Data Scientist,71.5,Average,69.0,41.3,Tech
B.Com,General,3,6.95,76,2.4,2.2,6.1,5.6,79,78,4,1,1,2,52,39,50,55,38,44,33,0,51,60,Placement,Data Analyst,37.3,At Risk,23.3,41.6,Commerce
BBA,Finance,4,7.19,63,2.8,3.0,7.1,4.6,89,80,2,6,4,4,66,56,86,77,57,70,56,2,73,87,Placement,Product Manager,54.7,At Risk,74.4,79.4,Management
B.Tech,AI&DS,1,7.74,83,2.9,1.5,7.5,7.7,88,80,2,4,1,2,59,67,52,47,57,57,56,0,58,66,Placement,Business Analyst,60.0,Average,46.5,50.2,Tech
B.Com,General,4,7.37,70,3.4,1.4,8.3,6.5,90,84,2,2,0,4,50,58,62,46,38,63,74,2,76,69,Placement,Product Manager,52.7,At Risk,48.2,64.0,Commerce
B.Tech,AI&DS,2,6.95,87,3.3,1.8,6.8,7.8,89,82,1,4,5,4,74,48,77,58,72,57,71,1,52,81,Placement,Backend Developer,62.2,Average,67.2,56.1,Tech
B.Tech,IT,2,7.38,65,2.2,3.2,7.2,6.5,82,81,2,6,5,6,91,95,91,57,80,77,65,1,86,94,Placement,Data Engineer,46.8,At Risk,81.5,80.5,Tech
B.Com,Hons,4,7.07,72,5.6,0.5,7.3,8.9,98,100,0,4,2,4,68,47,75,59,56,53,48,1,62,84,Research,Data Analyst,73.4,Average,55.3,62.8,Commerce
B.Tech,IT,1,8.05,81,3.9,3.6,7.7,8.0,93,90,3,3,2,7,72,55,66,77,48,51,58,0,59,79,Placement,Cloud Engineer,65.4,Average,61.9,52.5,Tech
BCA,General,1,7.67,82,6.2,3.5,7.5,6.1,90,95,0,5,2,5,77,41,76,38,64,58,77,1,52,79,Placement,Cybersecurity Analyst,77.6,Good,64.5,43.0,Tech
B.Tech,ECE,3,6.53,54,2.7,0.6,6.6,8.3,75,75,3,2,4,0,49,43,71,44,38,56,48,1,48,61,Freelancing,QA Engineer,34.4,At Risk,34.4,43.3,Tech
B.Tech,ECE,3,7.73,63,6.0,2.5,7.3,5.2,95,96,0,5,3,4,58,62,63,67,42,64,67,1,65,62,Higher Studies,Frontend Developer,74.0,Average,72.0,61.0,Tech
B.Tech,IT,1,8.42,77,5.3,2.6,7.7,5.8,97,89,0,4,2,6,60,45,58,51,60,66,67,0,55,66,Research,Product Manager,81.5,Good,59.1,62.4,Tech
B.Tech,CSE,3,7.53,60,2.1,1.7,7.3,4.3,89,82,1,2,2,4,59,35,73,55,57,53,61,1,54,86,Research,Cloud Engineer,56.9,Average,59.6,35.9,Tech
BBA,HR,2,7.62,66,4.4,2.7,5.9,5.9,88,86,3,3,6,5,61,48,76,51,37,55,57,0,58,84,Freelancing,Product Manager,52.4,At Risk,49.2,69.1,Management
Law,Corporate,1,7.38,62,3.7,2.5,7.0,7.0,85,84,4,3,3,4,76,45,53,64,41,63,71,0,43,75,Placement,Business Analyst,40.0,At Risk,41.7,50.4,Law
B.Tech,ECE,2,6.84,70,2.1,2.9,6.9,6.2,84,82,2,3,3,3,70,48,55,49,71,59,60,0,47,65,Placement,Machine Learning Engineer,47.8,At Risk,47.7,46.2,Tech
BCA,General,1,7.2,63,1.0,3.1,7.0,3.3,80,75,1,4,5,6,60,47,67,56,50,49,47,1,70,91,Higher Studies,Cloud Engineer,53.2,At Risk,64.5,51.6,Tech
BBA,Marketing,2,7.55,61,5.7,2.6,7.2,5.0,87,88,2,6,4,4,75,62,77,76,54,52,68,1,74,76,Placement,Data Analyst,56.4,Average,73.2,54.5,Management
BBA,Finance,2,7.3,76,5.1,0.7,6.1,6.4,91,88,1,3,0,2,53,37,58,53,42,33,43,0,45,59,Placement,Data Analyst,58.5,Average,40.4,44.9,Management
B.Com,General,2,8.7,100,8.0,4.2,8.0,4.0,100,100,0,8,4,7,93,100,81,88,65,90,81,2,100,92,Government Job,Product Manager,97.0,Excellent,97.6,82.1,Commerce
Law,Corporate,4,8.0,83,5.7,3.3,6.7,5.4,95,96,1,6,3,6,63,43,88,57,42,62,47,1,78,85,Higher Studies,Cybersecurity Analyst,74.0,Average,70.8,64.4,Law
B.Tech,IT,2,7.03,76,4.5,0.9,6.7,9.0,82,82,1,2,1,4,30,57,66,58,41,55,51,0,46,61,Placement,Frontend Developer,53.0,At Risk,29.5,24.9,Tech
BBA,Finance,1,6.93,69,3.9,1.8,7.4,6.0,84,77,4,2,2,6,64,69,71,72,57,92,67,2,75,73,Higher Studies,Product Manager,39.6,At Risk,65.1,57.6,Management
B.Tech,ECE,4,7.24,71,5.0,2.8,7.6,5.4,89,94,0,3,2,4,48,64,62,58,60,51,74,1,60,67,Research,Frontend Developer,69.6,Average,57.0,54.3,Tech
BCA,General,3,7.56,73,4.6,1.8,7.4,4.8,83,85,0,5,1,4,35,69,57,43,38,47,69,1,69,80,Startup,UI/UX Designer,68.3,Average,52.7,52.8,Tech
BBA,Finance,4,9.27,88,8.0,3.3,7.3,5.2,100,100,0,7,5,5,67,67,78,80,94,71,88,2,82,96,Higher Studies,Business Analyst,94.5,Excellent,92.9,67.1,Management
BBA,HR,2,6.63,61,2.2,1.1,7.1,9.2,76,72,1,1,0,2,48,33,53,50,50,32,56,0,53,72,Placement,Product Manager,44.5,At Risk,30.7,41.4,Management
B.Tech,ECE,3,8.05,98,6.2,5.0,7.6,8.5,100,90,0,7,4,8,88,53,100,48,68,50,56,1,70,99,Startup,Backend Developer,76.8,Good,82.8,82.5,Tech
B.Tech,IT,2,7.84,91,5.0,2.0,7.4,5.2,100,92,0,4,3,6,64,47,83,78,56,63,64,0,66,85,Higher Studies,Cybersecurity Analyst,78.7,Good,72.8,48.1,Tech
BBA,Marketing,4,7.99,86,5.2,3.3,6.7,4.5,100,100,0,5,5,7,95,70,61,50,59,75,85,2,72,78,Government Job,Product Manager,82.3,Good,79.3,81.2,Management
Law,Corporate,2,7.12,62,6.2,2.4,7.2,6.3,89,91,0,5,3,5,79,58,72,60,67,52,60,1,77,83,Research,Cybersecurity Analyst,69.8,Average,76.6,50.3,Law
BCA,General,4,7.0,58,5.7,3.5,6.3,7.8,85,90,0,3,3,4,68,37,63,51,56,52,52,0,78,68,Higher Studies,Cybersecurity Analyst,63.0,Average,57.0,45.7,Tech
B.Tech,ECE,2,7.83,74,5.7,2.9,7.1,6.5,87,94,1,5,5,4,77,73,78,42,61,72,83,2,89,85,Startup,Cybersecurity Analyst,67.6,Average,79.0,60.6,Tech
B.Tech,AI&DS,3,7.29,67,4.3,3.2,7.0,5.3,90,90,0,4,2,6,76,70,80,45,66,69,76,1,73,100,Placement,Business Analyst,69.4,Average,79.8,76.6,Tech
B.Com,General,3,8.34,90,5.4,1.6,6.9,4.6,96,93,1,2,3,4,49,86,71,65,53,67,63,1,80,84,Higher Studies,Product Manager,74.6,Average,60.0,63.3,Commerce
BBA,HR,3,7.75,84,6.1,4.0,6.2,4.2,100,88,1,5,4,6,84,62,63,50,51,72,65,1,75,84,Government Job,Product Manager,71.8,Average,72.1,75.4,Management
B.Tech,AI&DS,1,7.27,67,3.4,4.7,8.2,5.1,82,78,1,6,4,6,67,44,98,63,77,57,51,0,63,81,Higher Studies,Full Stack Developer,58.8,Average,74.1,53.3,Tech
B.Tech,ECE,4,8.34,77,5.0,4.5,4.5,6.3,97,91,1,6,3,6,59,58,74,80,72,59,51,1,73,85,Research,Data Analyst,72.0,Average,72.6,51.8,Tech
B.Com,General,2,8.24,75,6.5,4.6,6.3,7.6,92,93,0,6,5,6,80,37,75,65,71,72,64,1,75,72,Higher Studies,Data Analyst,83.9,Good,70.0,84.2,Commerce
B.Tech,AI&DS,1,6.94,71,3.7,4.3,7.4,7.8,85,84,3,6,4,5,85,36,65,44,51,49,60,0,65,73,Government Job,Machine Learning Engineer,44.3,At Risk,52.7,60.2,Tech
B.Tech,ECE,3,6.67,67,2.2,1.6,6.6,7.2,81,78,3,3,1,3,46,22,69,63,66,46,51,0,45,73,Startup,Data Engineer,39.0,At Risk,43.5,19.4,Tech
BCA,General,1,8.3,82,5.3,2.4,7.1,6.9,94,99,1,2,4,3,69,55,63,59,48,76,58,0,55,85,Research,Data Analyst,74.1,Average,56.9,44.8,Tech
Law,Corporate,3,7.83,73,3.2,2.2,6.7,9.0,86,78,4,4,4,4,65,21,76,70,64,53,57,0,54,83,Placement,Data Analyst,42.3,At Risk,62.2,52.5,Law
BCA,General,3,7.17,70,3.8,0.8,7.2,5.7,84,79,2,2,2,4,46,52,48,50,45,54,51,1,48,78,Placement,Frontend Developer,51.7,At Risk,43.2,66.2,Tech
B.Tech,IT,1,7.05,80,2.6,1.9,6.0,4.9,83,79,2,3,2,5,68,60,51,71,36,56,64,0,68,81,Placement,Business Analyst,53.5,At Risk,49.8,74.4,Tech
B.Tech,IT,1,7.09,53,3.4,4.0,5.9,6.6,84,78,1,5,4,4,72,33,62,53,45,70,74,1,67,98,Government Job,Full Stack Developer,58.0,Average,70.0,53.2,Tech
B.Tech,AI&DS,1,7.07,73,4.4,3.4,7.6,3.2,92,81,2,5,5,5,60,53,70,60,50,65,59,0,79,85,Placement,DevOps Engineer,56.2,Average,65.6,70.0,Tech
B.Tech,IT,3,7.74,74,6.3,3.4,8.0,7.2,94,96,3,5,3,6,65,58,85,66,52,73,62,1,73,81,Placement,QA Engineer,57.4,Average,76.2,63.8,Tech
B.Com,General,3,8.12,68,4.7,3.9,6.9,5.9,93,86,0,6,3,5,50,66,85,82,55,68,75,2,82,70,Placement,Product Manager,76.9,Good,79.7,61.7,Commerce
BCA,General,4,7.19,66,2.0,3.3,8.2,6.1,78,75,1,2,2,3,62,50,58,82,45,48,44,1,50,61,Placement,Backend Developer,50.2,At Risk,44.3,44.0,Tech
B.Tech,AI&DS,2,8.35,73,6.0,2.3,5.5,5.8,97,92,0,5,3,4,79,0,58,56,48,55,63,1,73,77,Higher Studies,Backend Developer,79.4,Good,63.6,46.9,Tech
B.Com,Hons,1,7.66,79,5.5,2.8,7.1,8.3,95,92,1,4,3,3,64,54,61,39,57,69,69,1,85,72,Placement,Business Analyst,70.6,Average,70.0,50.4,Commerce
BCA,General,3,7.37,89,4.3,2.9,7.7,2.5,88,88,0,4,3,5,65,68,70,56,47,38,60,0,50,65,Government Job,QA Engineer,73.2,Average,51.5,46.0,Tech
B.Com,Hons,4,8.96,78,5.5,3.4,7.7,6.8,99,97,0,5,2,1,52,61,62,70,50,56,66,1,76,72,Government Job,Data Analyst,83.3,Good,62.2,59.6,Commerce
BCA,General,3,6.41,73,1.1,1.6,5.9,5.6,75,66,1,3,1,3,63,57,48,58,55,58,51,0,46,69,Government Job,Backend Developer,41.6,At Risk,48.6,33.0,Tech
B.Tech,AI&DS,2,6.96,70,4.0,3.8,6.7,7.2,89,88,0,7,5,7,58,56,64,78,62,40,42,1,64,92,Placement,Full Stack Developer,70.4,Average,79.0,81.9,Tech
B.Tech,AI&DS,2,6.75,63,4.0,1.3,5.8,4.5,88,93,2,2,3,4,68,70,75,50,43,71,61,1,56,79,Freelancing,Product Manager,49.4,At Risk,53.0,51.8,Tech
B.Tech,ECE,3,9.02,69,7.5,1.3,5.9,7.0,97,97,1,3,2,2,29,50,56,55,49,79,78,2,72,54,Placement,UI/UX Designer,74.4,Average,56.6,66.2,Tech
BCA,General,4,7.97,85,5.5,2.4,7.0,2.6,98,93,1,3,0,4,56,42,66,79,45,57,68,0,59,86,Government Job,QA Engineer,70.0,Average,52.4,41.9,Tech
BCA,General,1,7.55,62,4.6,2.5,5.1,5.0,88,86,2,5,2,5,67,75,73,64,52,73,64,1,75,83,Government Job,QA Engineer,55.6,Average,76.6,52.7,Tech
BCA,General,3,8.41,62,4.5,2.4,6.7,6.2,95,96,2,4,4,6,94,66,79,64,50,84,79,1,84,84,Higher Studies,QA Engineer,67.9,Average,71.7,79.8,Tech
B.Com,Hons,3,8.58,97,6.3,2.5,7.5,4.3,100,100,0,5,2,6,81,59,67,73,56,55,66,2,64,53,Higher Studies,Business Analyst,87.9,Good,69.9,63.2,Commerce
BBA,HR,4,8.2,81,5.4,4.2,8.1,7.0,100,100,0,5,3,6,76,41,100,63,57,60,53,2,91,83,Research,UI/UX Designer,85.9,Good,84.1,48.7,Management
B.Tech,AI&DS,2,8.41,88,6.5,5.7,5.9,5.0,100,100,0,7,6,7,89,64,100,59,74,79,65,2,96,92,Government Job,Backend Developer,88.0,Good,94.7,85.1,Tech
B.Tech,ECE,2,8.15,70,4.2,4.0,7.8,9.9,91,89,1,4,3,3,42,5,73,66,46,41,59,0,51,67,Higher Studies,Data Engineer,70.2,Average,47.7,30.9,Tech
B.Tech,ECE,1,7.66,80,5.7,3.0,6.7,4.7,96,88,0,9,2,8,75,42,91,77,61,69,66,1,72,96,Freelancing,Product Manager,77.5,Good,86.2,75.0,Tech
B.Tech,ECE,1,8.27,67,6.9,3.9,6.9,9.9,100,92,0,5,4,5,85,79,79,57,67,84,78,2,79,83,Startup,Business Analyst,79.2,Good,80.8,79.3,Tech
B.Tech,CSE,3,9.64,88,8.0,3.5,6.8,7.1,100,100,0,9,5,7,87,68,88,73,83,86,85,2,100,93,Higher Studies,AI Engineer,96.0,Excellent,98.0,81.2,Tech
BCA,General,2,8.32,83,5.5,4.2,7.1,6.8,100,91,0,8,6,6,73,52,77,67,73,50,78,1,75,84,Higher Studies,QA Engineer,81.3,Good,85.0,65.8,Tech
BCA,General,4,7.99,76,4.2,0.7,6.4,8.1,92,85,1,2,0,2,77,43,72,53,23,90,77,1,55,75,Research,UI/UX Designer,64.6,Average,49.0,50.8,Tech
BCA,General,2,6.43,42,1.0,0.8,6.8,9.3,67,71,4,3,1,2,43,44,51,63,59,40,53,0,39,53,Placement,Business Analyst,22.0,At Risk,23.8,36.2,Tech
B.Tech,CSE,3,7.61,72,2.8,0.9,7.5,8.0,92,87,3,3,3,3,84,46,64,67,31,52,65,1,45,91,Placement,Data Analyst,48.4,At Risk,53.4,45.1,Tech
B.Tech,AI&DS,2,7.39,73,2.4,3.7,8.1,3.9,86,85,3,4,2,4,60,47,56,52,42,41,42,1,57,53,Government Job,QA Engineer,49.1,At Risk,51.4,55.1,Tech
BCA,General,3,7.99,68,5.0,2.6,5.7,6.3,97,92,1,4,4,3,73,48,75,61,83,50,64,0,54,69,Placement,Cybersecurity Analyst,67.4,Average,52.8,44.9,Tech
B.Tech,IT,2,7.77,59,2.4,2.9,5.6,8.8,83,78,0,8,6,4,55,42,63,74,71,67,62,2,85,70,Placement,Machine Learning Engineer,63.9,Average,78.0,50.4,Tech
B.Tech,ECE,1,8.35,96,7.6,2.9,7.8,2.0,100,100,0,3,2,5,81,63,58,59,54,76,67,0,54,83,Government Job,Business Analyst,86.1,Good,58.4,59.0,Tech
B.Tech,IT,1,8.09,73,4.7,2.6,7.2,4.2,92,84,0,4,2,2,81,60,77,72,54,58,71,1,56,70,Higher Studies,Data Engineer,76.5,Good,54.7,72.6,Tech
B.Tech,AI&DS,2,6.54,81,4.2,3.4,7.6,4.1,88,88,1,6,1,3,47,84,77,75,38,44,51,0,58,73,Higher Studies,Cloud Engineer,59.2,Average,59.5,63.9,Tech
B.Tech,CSE,1,7.6,64,4.3,2.5,6.1,6.6,89,83,4,2,3,3,57,49,54,52,57,73,67,0,52,75,Placement,Product Manager,43.8,At Risk,36.0,45.9,Tech
BCA,General,4,8.25,83,6.2,3.9,9.0,7.4,94,98,0,6,4,6,92,43,100,97,47,59,66,2,75,100,Research,Software Engineer,86.3,Good,89.9,65.5,Tech
BBA,Finance,4,7.68,67,7.5,3.7,7.7,4.3,100,92,0,4,4,4,66,28,73,39,72,51,77,1,64,65,Placement,Data Analyst,69.2,Average,56.1,48.1,Management
Law,Criminal,3,7.94,70,4.5,3.1,7.5,8.0,95,89,0,5,4,4,48,65,70,64,58,65,64,1,76,79,Placement,Business Analyst,71.4,Average,67.0,72.8,Law
B.Tech,AI&DS,1,8.3,77,5.6,5.8,6.2,4.2,94,93,1,8,6,6,81,46,95,86,61,39,62,2,86,96,Placement,Cloud Engineer,68.3,Average,88.4,82.5,Tech
BBA,HR,4,7.0,68,2.0,2.4,5.7,7.0,79,76,1,4,3,4,58,47,57,47,58,66,54,1,47,68,Government Job,Product Manager,52.5,At Risk,48.5,40.5,Management
BCA,General,3,7.73,79,5.7,3.3,6.9,4.5,100,100,0,7,3,5,91,39,71,66,59,52,59,0,47,89,Government Job,Data Engineer,80.1,Good,58.5,57.2,Tech
Law,Criminal,4,7.64,64,5.2,2.8,6.3,6.9,89,87,1,5,5,5,94,49,69,58,37,71,72,1,68,81,Higher Studies,Product Manager,65.2,Average,66.5,74.9,Law
BCA,General,3,8.38,65,4.8,4.4,6.3,8.7,85,97,3,6,5,4,71,61,77,63,54,68,68,1,79,91,Higher Studies,Data Engineer,59.2,Average,73.8,68.0,Tech
B.Com,General,1,7.62,73,5.8,3.2,7.6,4.0,85,86,1,3,4,5,79,41,66,58,42,67,65,1,62,72,Placement,Business Analyst,62.4,Average,54.1,55.1,Commerce
Law,Criminal,2,6.48,65,2.2,2.6,6.9,7.4,88,85,3,1,1,2,59,52,40,56,51,76,57,0,59,75,Startup,Product Manager,45.3,At Risk,40.3,38.2,Law
B.Tech,ECE,2,7.82,76,3.4,2.9,6.9,7.4,85,90,2,4,3,4,74,44,61,97,75,49,59,0,58,91,Freelancing,Machine Learning Engineer,60.0,Average,59.2,37.9,Tech
B.Tech,ECE,1,7.26,67,4.0,3.8,7.0,5.0,86,80,0,5,4,7,40,65,71,76,58,57,42,1,63,90,Higher Studies,Product Manager,64.4,Average,73.4,74.3,Tech
BCA,General,1,8.24,70,4.7,4.2,6.6,7.8,100,100,1,5,6,6,74,60,52,72,86,74,80,2,86,83,Startup,Software Engineer,71.7,Average,89.3,82.4,Tech
BCA,General,4,7.29,84,4.5,0.2,7.8,3.8,92,92,3,0,0,3,54,47,80,57,32,75,76,0,43,89,Startup,UI/UX Designer,53.3,At Risk,48.2,58.1,Tech
B.Tech,IT,2,8.67,80,5.1,4.6,6.8,8.3,100,99,0,7,5,4,70,35,100,89,69,55,81,1,66,78,Placement,AI Engineer,84.3,Good,85.0,80.4,Tech
BCA,General,3,5.94,65,3.1,2.2,6.8,5.7,80,77,0,3,4,4,65,43,80,54,51,61,37,1,52,80,Placement,DevOps Engineer,51.0,At Risk,56.1,55.6,Tech
BCA,General,1,8.74,93,5.8,4.7,6.3,4.7,100,97,0,8,3,8,74,72,85,80,55,70,69,1,85,82,Startup,Data Engineer,89.1,Good,84.1,66.3,Tech
BCA,General,4,8.15,84,4.9,3.7,6.4,8.1,88,90,0,6,4,5,80,42,88,56,73,79,68,2,78,89,Government Job,Cloud Engineer,77.8,Good,86.3,77.6,Tech
BBA,HR,3,8.29,87,4.5,4.2,5.8,8.1,93,86,0,8,6,5,73,44,90,60,64,60,68,1,74,68,Placement,Data Analyst,77.1,Good,80.8,51.4,Management
B.Tech,IT,1,7.57,61,3.1,3.3,6.5,6.5,82,84,1,4,3,3,67,56,75,67,67,62,57,1,71,82,Placement,Full Stack Developer,62.0,Average,70.0,41.1,Tech
BBA,HR,1,7.9,82,5.9,2.2,6.4,5.1,95,94,1,3,2,2,79,48,67,69,35,64,64,0,48,64,Government Job,UI/UX Designer,69.0,Average,45.0,41.5,Management
B.Tech,AI&DS,3,7.06,80,5.1,2.0,6.9,3.1,89,91,0,5,3,5,80,57,69,56,53,79,71,1,64,89,Government Job,Cybersecurity Analyst,66.0,Average,74.5,58.2,Tech
Law,Corporate,1,8.26,70,5.4,2.5,7.0,6.0,95,89,1,5,4,4,67,53,77,64,69,55,62,1,67,76,Higher Studies,Business Analyst,71.3,Average,72.1,48.2,Law
B.Tech,IT,1,8.31,79,4.6,2.6,7.1,5.3,97,91,0,4,3,3,39,65,70,59,54,69,68,1,61,65,Placement,Business Analyst,79.1,Good,50.2,55.0,Tech
B.Com,Hons,1,7.57,69,3.5,2.4,7.3,8.0,93,82,4,5,2,3,70,80,61,38,33,84,71,1,54,69,Freelancing,Business Analyst,44.4,At Risk,45.3,56.8,Commerce
B.Tech,IT,1,7.04,64,3.6,2.1,6.8,5.7,87,84,0,3,3,3,71,39,61,38,74,52,52,1,45,84,Placement,Machine Learning Engineer,61.6,Average,59.8,48.5,Tech
B.Com,General,3,8.08,75,6.5,2.9,7.3,5.4,96,92,0,5,4,4,85,66,100,50,66,74,60,1,87,86,Higher Studies,Data Analyst,78.3,Good,82.1,44.9,Commerce
B.Tech,ECE,3,7.53,77,4.4,2.1,6.5,7.0,89,84,0,4,2,2,54,29,45,42,44,86,51,0,52,63,Higher Studies,Cybersecurity Analyst,68.0,Average,50.5,32.2,Tech
B.Tech,ECE,3,7.94,72,4.4,2.7,5.8,6.7,87,87,1,3,2,4,53,40,67,72,64,67,72,1,72,81,Higher Studies,Data Engineer,61.6,Average,70.6,52.7,Tech
B.Tech,IT,2,8.02,72,4.0,2.6,6.5,4.3,90,79,1,5,5,4,96,69,58,51,49,65,66,1,67,76,Higher Studies,Frontend Developer,66.8,Average,66.6,59.4,Tech
Law,Criminal,3,7.41,68,4.6,3.2,7.3,4.9,93,96,0,5,2,5,65,59,67,55,61,67,60,1,85,85,Government Job,Data Analyst,68.8,Average,73.3,61.2,Law
B.Com,General,3,7.55,73,4.6,2.4,7.3,8.4,82,87,1,3,2,2,65,56,72,67,32,60,59,0,57,64,Freelancing,Product Manager,61.5,Average,53.3,52.8,Commerce
BCA,General,1,7.88,76,4.5,2.0,7.9,6.2,95,96,0,3,3,4,48,56,75,66,39,61,60,1,53,73,Higher Studies,Business Analyst,77.3,Good,63.4,79.4,Tech
B.Tech,AI&DS,1,6.72,58,2.6,0.4,8.0,6.0,85,76,0,1,2,1,34,62,37,48,38,82,64,0,61,56,Placement,Business Analyst,55.4,Average,31.2,34.3,Tech
B.Com,Hons,3,7.93,75,4.4,3.2,5.9,6.7,90,90,1,5,2,4,74,48,66,73,75,63,45,1,61,74,Government Job,Data Analyst,74.8,Average,71.3,68.2,Commerce
BCA,General,3,6.49,61,4.2,0.9,7.1,5.2,80,70,2,1,0,1,50,28,59,45,20,30,53,1,35,50,Startup,Data Engineer,38.0,At Risk,22.4,34.2,Tech
B.Tech,ECE,2,7.55,72,5.1,3.6,7.2,6.7,89,88,3,6,3,5,90,54,54,77,61,74,68,1,90,79,Startup,Business Analyst,51.1,At Risk,69.1,67.7,Tech
B.Tech,IT,2,8.76,81,6.8,3.9,6.3,6.8,100,100,0,8,6,7,80,37,81,91,84,38,63,0,69,64,Research,AI Engineer,87.6,Good,77.1,58.7,Tech
B.Tech,ECE,2,6.98,74,5.1,1.1,7.1,6.4,92,90,1,2,0,3,26,58,50,61,49,66,42,0,35,61,Placement,Business Analyst,64.4,Average,26.2,51.2,Tech
BBA,Finance,3,7.0,61,4.3,2.1,7.3,6.7,87,90,1,3,3,6,52,62,66,65,52,64,76,1,74,75,Placement,Product Manager,57.0,Average,69.7,70.5,Management
B.Tech,ECE,1,7.47,73,4.6,2.8,7.8,6.0,91,86,0,5,2,6,83,30,70,67,60,53,55,1,76,84,Government Job,Backend Developer,66.2,Average,72.3,80.3,Tech
B.Com,Hons,4,7.9,73,5.0,1.5,8.5,5.7,93,93,2,4,1,5,73,70,61,72,52,73,60,1,53,83,Freelancing,Data Analyst,64.8,Average,54.2,75.3,Commerce
B.Tech,ECE,4,8.68,66,5.5,4.9,7.2,5.7,96,86,1,7,6,5,96,45,88,100,78,58,74,2,85,93,Higher Studies,Full Stack Developer,71.5,Average,92.2,61.7,Tech
BCA,General,2,8.59,89,8.0,3.7,6.3,2.1,100,100,0,7,4,6,99,71,84,62,46,58,71,1,73,90,Research,Software Engineer,87.9,Good,86.8,69.1,Tech
Law,Criminal,4,7.37,61,3.8,2.3,7.7,7.8,89,80,2,2,2,4,44,50,48,53,59,78,73,1,54,75,Higher Studies,Data Analyst,54.4,At Risk,48.5,59.6,Law
B.Tech,CSE,3,7.47,74,4.7,1.9,9.0,4.1,84,85,0,3,2,2,44,55,62,46,51,50,49,0,46,77,Research,Cybersecurity Analyst,65.8,Average,44.6,59.1,Tech
Law,Criminal,3,6.84,68,3.0,2.3,6.6,8.2,83,81,2,3,1,4,41,27,51,54,31,61,55,0,35,72,Higher Studies,Business Analyst,47.0,At Risk,30.7,44.6,Law
BCA,General,3,8.32,65,5.0,1.5,6.5,7.9,92,84,1,3,3,2,45,56,66,77,53,43,67,1,61,63,Placement,Data Analyst,68.4,Average,49.8,45.0,Tech
B.Tech,ECE,3,8.23,63,3.8,2.2,6.6,3.2,90,86,2,3,0,3,73,48,60,59,70,58,67,1,66,69,Placement,Frontend Developer,59.2,Average,60.0,78.5,Tech
Law,Criminal,4,7.01,63,4.1,0.2,6.8,6.5,82,85,4,1,0,3,52,52,54,34,48,73,56,0,39,70,Placement,Data Analyst,37.1,At Risk,30.0,28.8,Law
BCA,General,3,8.02,81,5.1,2.8,7.5,5.2,93,96,0,5,3,4,65,32,60,52,67,87,74,1,66,71,Placement,Cybersecurity Analyst,75.5,Good,68.6,73.1,Tech
Law,Criminal,1,8.03,84,4.6,3.1,6.6,6.5,89,92,1,5,3,4,47,60,77,62,43,65,80,1,67,93,Freelancing,Product Manager,70.1,Average,65.9,54.1,Law
B.Tech,ECE,1,6.65,66,3.4,2.8,6.2,6.5,85,81,1,4,4,4,72,37,54,57,45,62,57,2,78,72,Higher Studies,Cloud Engineer,50.9,At Risk,65.9,61.8,Tech
BCA,General,4,7.04,59,4.6,2.2,6.3,8.4,81,77,1,4,3,5,78,20,85,71,57,41,60,1,57,91,Placement,Software Engineer,49.7,At Risk,59.6,68.4,Tech
BCA,General,3,6.4,43,1.5,2.3,6.0,6.8,71,72,4,3,3,3,62,27,73,66,65,57,54,1,65,61,Freelancing,Full Stack Developer,27.1,At Risk,57.6,47.4,Tech
B.Tech,CSE,3,8.97,81,7.0,2.0,7.1,6.9,100,98,0,5,4,1,81,45,47,50,42,70,58,1,59,78,Higher Studies,QA Engineer,88.3,Good,75.1,71.4,Tech
BBA,Marketing,2,7.75,81,5.3,3.8,8.4,4.9,92,91,2,6,6,7,81,35,63,60,56,72,55,0,74,88,Startup,Business Analyst,65.8,Average,71.3,65.6,Management
BBA,HR,4,7.25,65,4.0,2.1,8.0,5.2,85,87,1,2,1,4,55,66,52,61,55,75,63,0,51,75,Placement,Business Analyst,56.2,Average,36.0,34.9,Management
B.Tech,AI&DS,1,7.42,64,3.1,2.8,6.9,5.9,90,94,2,4,2,3,66,41,70,63,69,58,67,1,75,81,Startup,Data Analyst,56.0,Average,59.7,59.1,Tech
Law,Criminal,1,6.88,75,3.2,0.3,8.1,5.5,79,86,2,1,0,3,59,66,30,36,46,63,65,0,37,54,Government Job,Product Manager,48.0,At Risk,21.1,36.2,Law
Law,Criminal,2,6.94,81,3.4,2.6,6.6,6.5,86,94,3,2,2,3,40,51,67,59,36,74,77,1,51,76,Government Job,Business Analyst,45.5,At Risk,33.9,52.4,Law
BBA,Marketing,4,7.59,86,5.9,3.5,6.4,6.1,100,94,0,8,6,8,70,55,80,83,69,80,79,3,100,100,Placement,Business Analyst,79.6,Good,94.8,94.3,Management
Law,Criminal,3,6.14,61,1.9,2.2,5.7,9.1,70,69,3,4,3,1,74,40,64,60,41,51,47,0,56,73,Placement,Cybersecurity Analyst,27.8,At Risk,46.2,30.5,Law
BBA,Finance,3,7.45,73,4.3,1.1,6.6,4.8,85,86,1,2,0,1,37,43,71,46,52,60,59,0,47,59,Higher Studies,Business Analyst,60.3,Average,31.2,31.3,Management
B.Tech,CSE,2,6.56,55,2.2,1.1,4.8,10.0,72,72,4,3,2,2,27,48,61,53,34,58,59,0,43,74,Government Job,Frontend Developer,22.1,At Risk,32.7,36.5,Tech
BCA,General,1,7.53,86,6.9,3.9,6.4,3.3,94,90,0,5,2,5,81,72,73,58,63,68,74,0,70,76,Placement,Business Analyst,79.1,Good,70.0,45.5,Tech
B.Tech,AI&DS,1,6.63,75,3.8,3.1,8.6,2.8,88,86,1,4,3,6,93,26,59,52,57,64,70,1,57,70,Startup,UI/UX Designer,59.3,Average,56.6,78.3,Tech
B.Com,Hons,1,9.05,71,6.5,0.9,5.7,4.0,100,100,0,4,1,2,78,58,83,73,54,61,79,1,45,67,Freelancing,Business Analyst,86.1,Good,61.7,45.5,Commerce
B.Tech,AI&DS,1,8.43,71,6.5,4.3,6.7,5.4,90,93,0,7,6,6,63,53,80,60,70,55,64,0,70,90,Placement,Machine Learning Engineer,77.2,Good,75.7,62.4,Tech
B.Tech,AI&DS,2,7.13,65,4.3,2.3,6.7,6.2,89,94,2,3,2,4,48,45,59,50,38,63,67,1,54,82,Startup,Cloud Engineer,53.3,At Risk,47.3,49.4,Tech
Law,Corporate,2,8.4,67,5.2,1.9,6.0,5.6,97,96,0,4,3,2,60,69,49,80,60,81,63,1,49,72,Startup,Product Manager,81.3,Good,51.0,39.9,Law
B.Tech,ECE,4,8.27,86,6.4,3.2,7.3,6.0,97,91,0,4,4,7,81,56,76,68,62,73,61,1,58,86,Placement,Machine Learning Engineer,80.9,Good,76.2,75.7,Tech
BBA,HR,4,8.06,80,5.5,3.2,7.2,5.1,94,100,0,4,3,4,70,60,77,71,62,62,70,1,68,94,Government Job,UI/UX Designer,80.2,Good,71.9,64.0,Management
B.Tech,IT,3,7.77,83,6.4,3.1,7.8,3.7,100,97,0,5,4,8,83,87,53,66,49,83,79,1,71,80,Government Job,Product Manager,79.9,Good,73.1,59.8,Tech
BCA,General,1,7.3,82,3.6,4.2,7.0,6.8,92,95,0,6,5,6,73,70,62,55,57,86,75,1,89,96,Placement,Backend Developer,69.7,Average,84.4,70.9,Tech
BCA,General,2,7.2,63,4.1,2.4,6.2,7.4,93,81,0,5,2,4,77,33,62,65,51,71,52,1,86,93,Freelancing,Data Engineer,68.7,Average,75.9,72.2,Tech
BCA,General,1,8.72,79,6.3,4.0,6.3,4.9,100,99,0,6,3,7,77,42,86,73,65,68,70,1,79,82,Research,QA Engineer,81.2,Good,84.3,73.0,Tech
BBA,HR,3,8.49,72,4.7,1.5,6.9,6.1,98,96,0,2,2,5,52,50,60,38,33,64,55,0,55,67,Placement,Product Manager,79.8,Good,48.8,58.5,Management
BBA,Marketing,2,8.14,85,5.0,2.0,8.3,5.6,100,94,0,5,1,3,72,61,63,65,57,67,51,0,59,82,Freelancing,Product Manager,79.7,Good,57.8,66.5,Management
B.Tech,CSE,4,6.73,43,2.3,0.9,4.3,9.8,73,72,2,2,2,0,66,44,70,65,61,45,49,1,59,86,Government Job,Full Stack Developer,33.0,At Risk,51.9,48.1,Tech
B.Tech,ECE,2,7.71,84,5.9,2.5,7.6,7.4,85,99,1,5,4,6,64,33,87,38,43,47,56,0,66,85,Government Job,Cybersecurity Analyst,70.3,Average,75.6,52.2,Tech
B.Tech,CSE,4,6.67,65,4.8,3.5,6.2,4.6,80,80,0,6,5,2,86,46,61,55,51,77,64,1,81,73,Placement,DevOps Engineer,61.0,Average,72.2,60.1,Tech
B.Tech,CSE,2,8.07,72,5.7,2.7,8.1,4.9,100,99,0,4,4,5,72,69,79,69,67,70,71,1,50,77,Higher Studies,Frontend Developer,79.3,Good,61.7,60.0,Tech
B.Tech,CSE,3,7.71,49,4.7,1.8,7.1,4.8,91,86,0,5,3,5,59,33,75,80,68,53,38,1,56,69,Higher Studies,Software Engineer,64.3,Average,70.0,52.8,Tech
B.Tech,ECE,2,7.7,71,4.6,2.9,6.8,6.0,84,90,3,6,2,4,61,56,65,58,45,75,71,1,77,77,Government Job,Full Stack Developer,53.3,At Risk,63.8,65.0,Tech
B.Tech,IT,4,8.38,99,7.1,4.1,8.5,6.1,100,94,0,7,4,5,97,50,100,81,66,72,69,3,86,94,Startup,QA Engineer,89.9,Good,95.6,65.6,Tech
B.Tech,ECE,1,8.32,63,5.4,4.6,7.0,7.3,99,100,0,7,6,7,64,55,100,75,66,67,79,1,78,80,Research,AI Engineer,80.8,Good,84.0,70.3,Tech
B.Com,Hons,1,7.36,92,4.4,1.0,6.8,8.2,94,93,0,0,2,4,69,61,55,67,49,70,63,0,47,67,Higher Studies,Product Manager,77.6,Good,46.0,49.5,Commerce
B.Tech,AI&DS,1,7.16,91,4.8,3.2,8.2,3.4,91,95,1,4,4,5,64,57,71,57,54,58,56,1,59,67,Higher Studies,Cybersecurity Analyst,69.4,Average,69.4,51.1,Tech
BCA,General,2,7.96,81,4.8,2.6,7.7,6.0,96,95,1,5,3,2,77,67,67,78,52,62,68,1,74,78,Freelancing,Cloud Engineer,73.5,Average,74.6,71.5,Tech
Law,Criminal,3,6.66,65,3.7,2.8,7.0,6.3,81,83,1,4,2,4,57,45,76,52,51,66,53,1,62,71,Placement,Product Manager,56.6,Average,58.3,69.9,Law
B.Tech,ECE,2,6.71,48,1.0,1.8,6.7,7.2,68,69,4,1,3,1,78,27,67,49,47,45,60,0,40,65,Placement,Data Engineer,21.9,At Risk,25.7,12.0,Tech
BCA,General,4,7.46,88,4.9,2.9,6.2,5.0,96,96,0,4,2,6,61,40,73,66,59,62,40,2,61,82,Higher Studies,DevOps Engineer,74.7,Average,63.7,53.2,Tech
Law,Corporate,3,7.16,71,6.1,1.9,5.4,8.6,100,87,2,2,3,4,42,51,68,54,63,57,82,1,61,73,Research,Data Analyst,59.5,Average,49.4,47.7,Law
B.Tech,ECE,2,8.0,58,4.8,2.7,5.2,6.1,89,90,0,6,4,3,74,34,69,65,61,53,61,2,86,77,Placement,Data Engineer,72.3,Average,78.6,76.5,Tech
BCA,General,2,7.23,59,3.2,2.4,7.1,6.9,78,79,0,5,4,1,78,43,63,58,76,46,58,0,59,78,Freelancing,Backend Developer,63.4,Average,57.8,42.9,Tech
B.Tech,ECE,1,8.8,79,5.4,2.9,7.1,5.7,94,96,1,6,2,2,98,55,68,50,69,60,69,1,76,82,Placement,AI Engineer,80.0,Good,73.5,64.7,Tech
B.Tech,IT,3,6.75,61,3.5,3.4,6.8,8.4,81,74,4,6,3,5,62,55,58,43,44,90,67,2,72,53,Research,UI/UX Designer,33.8,At Risk,61.6,76.6,Tech
B.Tech,IT,1,8.88,85,6.5,4.3,7.5,5.8,100,98,0,8,6,8,71,79,94,72,68,74,65,1,86,92,Placement,Machine Learning Engineer,89.0,Good,91.1,78.9,Tech
BCA,General,1,5.98,71,1.4,3.2,8.1,7.1,77,74,1,4,2,5,63,49,38,35,52,69,51,0,57,70,Startup,Cybersecurity Analyst,44.7,At Risk,35.6,42.1,Tech
Law,Corporate,1,7.35,74,2.1,2.6,6.0,10.8,75,82,1,3,3,5,52,55,54,63,44,45,49,1,55,85,Freelancing,Business Analyst,55.5,Average,45.0,42.3,Law
BCA,General,1,8.92,84,7.4,4.2,6.7,4.8,99,95,0,6,5,5,79,63,83,69,89,74,76,1,72,89,Research,Full Stack Developer,87.2,Good,86.5,73.1,Tech
B.Tech,AI&DS,3,6.73,69,2.4,2.3,6.4,5.1,85,84,3,5,4,1,40,42,64,59,46,45,62,0,49,75,Startup,Cloud Engineer,44.5,At Risk,37.6,51.1,Tech
BBA,HR,2,7.12,77,5.0,1.7,7.6,4.7,95,98,0,3,1,4,86,96,57,77,35,83,74,1,69,65,Higher Studies,Business Analyst,70.0,Average,62.4,60.6,Management
BCA,General,2,7.98,76,6.5,3.0,6.2,6.3,99,95,1,5,4,4,64,50,89,79,72,42,68,0,46,86,Research,Cloud Engineer,72.2,Average,65.9,56.2,Tech
B.Com,General,2,8.34,77,4.1,4.2,6.0,7.5,89,90,2,5,5,4,70,77,79,44,63,76,81,1,81,89,Startup,Product Manager,65.6,Average,70.0,40.2,Commerce
B.Tech,AI&DS,4,7.75,77,2.4,2.6,7.9,7.2,85,86,3,4,3,5,37,29,82,62,80,62,67,1,70,97,Higher Studies,QA Engineer,49.8,At Risk,73.0,56.4,Tech
B.Tech,ECE,2,6.57,69,1.9,2.5,6.9,5.4,80,75,0,4,4,4,74,33,53,84,64,61,58,0,55,74,Placement,Cloud Engineer,55.2,Average,49.3,49.0,Tech
B.Tech,ECE,2,7.47,76,5.2,3.2,7.4,5.3,91,88,0,6,3,6,53,62,66,55,49,61,49,1,77,89,Higher Studies,Full Stack Developer,66.0,Average,72.3,67.3,Tech
B.Com,Hons,2,7.7,68,5.9,3.5,6.9,6.3,97,94,0,3,2,1,60,41,77,68,53,70,73,1,56,73,Higher Studies,Business Analyst,75.9,Good,57.8,57.4,Commerce
B.Tech,IT,2,6.95,52,3.0,1.5,7.3,8.8,75,81,2,2,2,2,51,23,43,60,39,60,71,1,52,58,Freelancing,Product Manager,42.7,At Risk,37.1,39.9,Tech
BCA,General,2,7.28,65,5.5,2.2,6.7,3.9,87,81,0,4,3,2,91,70,71,79,54,66,61,1,68,87,Research,Full Stack Developer,65.8,Average,73.1,70.6,Tech
BCA,General,4,8.46,82,5.7,4.1,6.3,7.5,98,94,2,7,5,7,83,60,72,61,84,56,77,2,100,93,Higher Studies,Data Engineer,72.0,Average,90.9,94.2,Tech
BBA,Marketing,4,7.62,69,2.8,2.6,6.5,5.0,92,83,1,4,3,2,69,43,56,62,77,45,52,0,62,66,Placement,Data Analyst,57.5,Average,60.4,56.7,Management
B.Tech,CSE,2,7.77,73,3.2,2.8,7.6,4.4,90,90,2,5,5,4,63,43,66,69,55,67,67,1,67,83,Startup,Data Engineer,65.3,Average,66.0,70.8,Tech
B.Tech,AI&DS,4,6.82,83,3.7,2.2,6.7,4.2,85,85,2,3,1,3,64,50,67,57,34,68,68,0,54,79,Placement,Cybersecurity Analyst,53.0,At Risk,39.7,43.7,Tech
BCA,General,1,7.56,76,4.1,2.0,5.4,7.9,93,92,1,5,3,5,66,48,89,68,75,53,53,0,62,87,Higher Studies,QA Engineer,66.2,Average,67.0,48.3,Tech
B.Tech,AI&DS,2,6.82,59,3.5,2.1,6.0,6.2,81,78,3,5,2,5,63,39,67,93,59,45,44,1,63,73,Startup,AI Engineer,35.1,At Risk,64.7,63.0,Tech
Law,Criminal,4,7.68,66,1.7,1.5,6.7,4.7,79,81,2,5,3,0,69,41,54,66,52,55,48,1,75,71,Research,Cybersecurity Analyst,52.5,At Risk,55.1,55.3,Law
BBA,HR,1,7.66,63,3.8,3.6,5.8,5.3,89,84,0,4,3,3,67,41,72,51,63,54,66,1,72,72,Government Job,UI/UX Designer,69.4,Average,61.5,67.6,Management
BBA,HR,4,7.53,60,2.9,1.3,7.2,7.9,88,91,3,5,5,4,63,34,88,84,69,61,69,1,69,90,Placement,UI/UX Designer,47.1,At Risk,73.6,59.4,Management
BCA,General,2,7.66,77,4.6,4.7,7.3,6.0,91,85,0,7,4,6,84,68,72,58,63,72,53,1,72,81,Startup,DevOps Engineer,73.6,Average,77.3,55.4,Tech
BBA,Marketing,2,8.04,78,6.3,0.5,6.8,5.4,100,89,0,3,1,4,57,32,62,70,39,46,65,0,35,65,Placement,Product Manager,80.4,Good,38.8,29.9,Management
B.Tech,IT,4,6.52,58,2.6,1.9,8.3,8.6,85,77,2,3,2,3,59,46,83,44,49,71,54,1,67,76,Higher Studies,Business Analyst,42.6,At Risk,45.0,56.1,Tech
B.Tech,CSE,4,8.6,72,3.2,2.5,6.8,8.4,98,94,0,5,3,3,73,42,68,67,46,51,66,2,74,71,Higher Studies,Full Stack Developer,77.1,Good,75.5,42.7,Tech
BBA,Finance,1,8.33,68,4.7,2.0,6.3,2.6,95,90,0,6,1,2,45,49,65,54,52,87,76,0,51,59,Startup,Product Manager,79.5,Good,50.1,61.0,Management
BBA,HR,2,7.45,65,3.8,2.8,6.7,7.3,87,87,4,7,2,3,50,64,84,48,76,69,84,2,86,87,Placement,UI/UX Designer,43.8,At Risk,67.1,58.6,Management
BCA,General,3,7.19,77,4.4,0.9,8.0,7.4,92,89,0,2,1,4,83,49,53,54,47,50,62,0,58,75,Higher Studies,DevOps Engineer,67.9,Average,46.3,49.0,Tech
BBA,HR,2,8.09,69,5.9,1.5,7.8,5.8,92,87,2,3,1,2,58,50,63,73,40,70,62,0,52,76,Higher Studies,UI/UX Designer,67.8,Average,49.9,44.7,Management
B.Com,Hons,4,8.1,68,3.5,1.7,6.7,6.5,85,82,2,1,2,2,66,58,74,68,59,67,81,1,57,76,Government Job,Business Analyst,57.9,Average,49.2,66.0,Commerce
B.Tech,CSE,1,9.13,93,6.6,3.4,6.6,3.6,100,100,0,5,5,8,80,72,73,57,58,98,88,1,76,98,Placement,DevOps Engineer,91.4,Excellent,85.0,59.1,Tech
B.Tech,CSE,4,7.81,68,4.5,3.2,7.9,3.7,99,95,0,7,3,7,67,38,92,82,51,53,50,1,75,78,Placement,DevOps Engineer,76.1,Good,82.2,73.9,Tech
B.Tech,IT,3,7.63,79,3.3,3.2,7.2,5.5,96,89,2,6,3,4,61,47,64,74,54,55,64,1,77,80,Higher Studies,Machine Learning Engineer,60.3,Average,70.0,66.7,Tech
B.Tech,CSE,3,8.66,77,4.7,3.3,6.8,3.7,96,92,0,5,5,5,60,49,91,73,60,61,54,2,75,93,Startup,Product Manager,82.1,Good,81.4,82.9,Tech
BBA,Finance,3,7.96,85,5.6,3.7,7.9,6.9,100,96,0,4,3,5,65,53,81,72,55,47,71,1,58,86,Government Job,Product Manager,81.5,Good,63.5,65.5,Management
B.Com,General,2,7.73,63,3.9,2.8,7.7,9.6,87,84,3,5,4,6,84,27,70,72,71,64,57,2,87,92,Placement,Data Analyst,48.4,At Risk,72.8,54.7,Commerce
Law,Criminal,2,6.95,60,3.2,0.0,6.8,10.7,88,76,2,2,0,1,50,29,53,64,54,58,53,0,48,69,Placement,Product Manager,45.8,At Risk,30.0,19.2,Law
B.Com,Hons,1,7.86,76,4.3,1.4,8.2,3.7,86,95,4,2,0,4,50,38,69,63,50,54,71,1,55,67,Higher Studies,Business Analyst,49.5,At Risk,42.6,21.7,Commerce
B.Com,Hons,4,6.3,60,2.9,0.0,7.7,5.4,79,78,2,1,1,1,44,40,54,56,41,65,50,0,41,57,Placement,Product Manager,41.1,At Risk,29.7,32.9,Commerce
B.Tech,CSE,2,6.58,71,3.5,0.9,7.3,5.4,85,84,0,1,2,3,62,90,83,47,30,68,51,0,40,62,Higher Studies,UI/UX Designer,61.2,Average,36.2,48.5,Tech
BBA,HR,1,8.42,92,7.6,3.5,7.2,6.7,100,100,0,5,3,6,64,73,76,71,78,66,63,1,75,100,Placement,Data Analyst,89.7,Good,82.9,68.4,Management
BBA,HR,4,8.39,66,3.6,2.6,7.0,6.4,88,86,1,4,2,3,89,51,68,59,46,73,64,1,66,73,Startup,Product Manager,67.9,Average,60.0,50.5,Management
B.Tech,CSE,2,7.9,80,2.6,2.6,6.4,3.9,83,80,1,6,2,5,74,46,70,79,65,58,49,1,71,92,Placement,Backend Developer,64.6,Average,67.2,66.9,Tech
BCA,General,4,7.76,71,4.1,0.5,7.0,5.4,95,81,2,2,2,3,45,68,81,71,44,45,62,0,43,59,Placement,QA Engineer,56.6,Average,47.5,29.9,Tech
B.Tech,IT,2,7.82,79,4.6,5.0,6.6,5.8,95,90,1,6,4,6,68,71,90,66,94,67,72,2,88,90,Placement,Data Analyst,70.1,Average,82.9,85.6,Tech
BBA,Marketing,3,8.08,78,6.8,3.1,6.8,5.6,98,94,0,5,4,8,69,55,70,76,66,72,86,2,96,88,Freelancing,Business Analyst,82.9,Good,80.4,87.1,Management
B.Tech,CSE,3,8.1,82,4.6,3.9,6.1,9.0,99,95,0,6,5,7,82,42,93,72,76,53,67,2,73,90,Placement,AI Engineer,75.5,Good,89.5,85.1,Tech
BBA,HR,2,7.8,78,5.3,4.6,6.6,6.2,95,92,0,6,4,6,92,38,77,82,60,71,66,1,74,80,Research,Data Analyst,78.0,Good,82.5,73.1,Management
BBA,HR,4,7.33,72,5.1,1.7,6.7,3.9,87,89,0,2,0,3,45,54,57,63,53,45,52,0,47,46,Higher Studies,Data Analyst,76.1,Good,33.8,56.3,Management
B.Tech,CSE,4,8.11,79,6.1,2.1,7.8,4.6,99,94,0,7,3,5,63,85,78,86,63,73,74,2,86,90,Government Job,Product Manager,75.0,Average,83.1,55.8,Tech
B.Tech,IT,4,6.63,65,3.9,1.8,6.7,6.7,80,77,2,3,4,3,60,63,59,52,66,70,62,2,80,62,Placement,Frontend Developer,49.0,At Risk,58.5,48.8,Tech
B.Tech,ECE,2,8.46,70,3.3,3.5,5.2,6.0,94,90,2,7,4,3,80,35,84,92,64,74,64,2,85,96,Higher Studies,AI Engineer,60.6,Average,82.3,71.6,Tech
B.Com,Hons,1,6.5,58,1.0,1.4,7.3,4.1,77,74,2,4,2,2,48,45,54,52,50,73,49,1,66,62,Placement,Product Manager,40.1,At Risk,53.8,50.4,Commerce
B.Com,Hons,1,6.29,49,1.9,2.2,6.3,4.8,81,75,3,2,1,3,59,58,62,33,29,62,48,0,54,71,Placement,Product Manager,36.6,At Risk,30.8,36.8,Commerce
BCA,General,1,7.84,78,6.2,3.6,6.6,4.4,100,90,1,5,4,5,72,42,78,55,38,61,70,1,77,84,Higher Studies,DevOps Engineer,75.8,Good,74.2,70.4,Tech
B.Tech,ECE,2,6.93,74,4.4,1.2,7.7,4.6,86,86,1,4,2,2,53,43,75,51,56,60,85,0,70,66,Placement,Product Manager,55.8,Average,59.0,50.1,Tech
BCA,General,4,7.49,65,3.3,2.4,7.0,5.8,79,80,1,3,2,3,82,18,69,65,58,43,45,0,44,72,Research,Software Engineer,53.9,At Risk,35.7,60.9,Tech
BBA,Finance,3,6.99,69,4.4,2.6,6.6,5.7,77,81,1,3,1,3,52,70,58,43,52,88,84,0,46,70,Placement,Business Analyst,51.7,At Risk,47.9,47.6,Management
BBA,HR,2,7.15,81,4.3,2.9,8.5,5.3,90,87,1,4,2,3,78,80,65,51,63,58,49,0,59,86,Placement,Product Manager,64.8,Average,61.7,27.4,Management
B.Tech,IT,1,7.75,77,5.9,2.0,7.1,8.9,93,87,0,7,3,3,41,40,64,46,46,64,56,1,80,73,Freelancing,AI Engineer,72.6,Average,68.4,56.7,Tech
BBA,Finance,2,6.47,75,3.8,1.8,6.7,6.2,89,85,0,2,1,1,46,12,60,33,21,49,50,0,44,44,Placement,UI/UX Designer,61.6,Average,23.4,26.1,Management
BCA,General,1,8.1,72,4.7,2.5,7.6,8.6,100,91,0,3,2,5,80,81,72,72,60,66,70,2,65,99,Freelancing,Cybersecurity Analyst,77.6,Good,70.0,48.7,Tech
BBA,Marketing,2,7.5,63,3.6,1.9,7.5,6.9,91,84,2,5,5,3,60,59,77,72,59,72,75,0,64,84,Placement,Product Manager,55.5,Average,67.7,68.0,Management
B.Tech,CSE,2,8.24,62,5.6,1.8,6.0,7.2,92,91,0,4,2,5,74,33,55,57,54,64,72,0,47,73,Higher Studies,Backend Developer,75.7,Good,51.5,39.6,Tech
B.Tech,IT,4,7.6,72,5.8,2.7,6.6,5.7,93,85,0,5,4,4,54,46,56,78,53,55,63,1,53,67,Freelancing,AI Engineer,72.0,Average,60.9,35.0,Tech
BCA,General,2,6.96,70,4.1,3.0,6.2,6.8,84,85,2,5,2,4,95,61,62,63,72,72,63,1,59,69,Startup,Frontend Developer,47.8,At Risk,56.6,50.4,Tech
Law,Criminal,4,7.92,82,7.2,3.0,7.7,6.4,91,99,0,5,2,4,62,64,73,47,66,78,78,2,76,91,Higher Studies,Data Analyst,83.0,Good,75.7,82.4,Law
B.Tech,AI&DS,1,7.67,75,4.7,2.6,6.8,7.2,85,89,1,3,4,5,59,55,81,71,34,85,68,1,66,79,Freelancing,UI/UX Designer,57.8,Average,72.5,64.2,Tech
BBA,HR,2,7.04,69,3.7,2.5,7.7,7.2,81,82,1,5,4,6,66,69,70,70,51,89,86,1,79,87,Placement,Product Manager,59.2,Average,74.0,85.9,Management
B.Tech,IT,3,7.34,78,4.9,2.4,5.2,5.3,89,87,1,5,3,4,76,60,52,74,60,54,55,0,66,66,Research,Data Analyst,62.1,Average,65.8,63.1,Tech
BBA,HR,2,7.45,66,4.7,2.0,6.4,4.2,100,89,0,3,2,2,78,69,59,43,51,71,58,0,58,56,Government Job,Business Analyst,70.2,Average,51.3,67.3,Management
B.Tech,AI&DS,1,7.74,81,4.1,4.4,6.8,5.7,90,96,1,9,4,9,95,51,100,64,81,64,70,1,78,100,Startup,AI Engineer,68.3,Average,92.7,81.1,Tech
B.Tech,AI&DS,2,7.53,75,4.8,2.2,6.3,4.7,92,93,3,5,2,5,75,30,78,55,49,72,80,1,57,73,Higher Studies,QA Engineer,53.1,At Risk,56.5,62.1,Tech
B.Com,Hons,3,7.7,79,3.7,2.2,6.9,8.6,83,85,2,5,3,4,60,55,79,91,50,76,51,1,64,72,Startup,Product Manager,57.2,Average,63.1,23.1,Commerce
B.Tech,AI&DS,4,7.77,80,5.0,3.0,6.3,5.2,93,85,2,4,3,5,76,82,68,66,53,68,76,1,70,86,Government Job,AI Engineer,61.1,Average,63.4,45.7,Tech
BCA,General,1,7.71,79,5.8,1.9,7.5,6.4,97,97,0,3,1,3,89,75,79,64,62,74,81,0,50,73,Placement,Data Engineer,73.8,Average,62.1,37.7,Tech
Law,Criminal,1,8.03,75,5.2,4.5,6.9,5.6,93,96,0,6,5,9,54,67,78,63,59,75,70,2,86,85,Freelancing,Product Manager,80.2,Good,85.4,66.2,Law
Law,Corporate,3,7.04,62,4.0,2.1,7.5,7.2,80,87,2,2,2,4,66,63,52,53,44,54,57,0,47,60,Government Job,Cybersecurity Analyst,48.2,At Risk,30.2,47.6,Law
B.Tech,ECE,3,6.96,71,4.5,4.3,7.3,5.6,88,85,1,9,5,5,83,31,85,67,57,61,48,1,70,79,Placement,Backend Developer,63.4,Average,73.4,71.5,Tech
B.Tech,CSE,2,7.93,100,6.0,3.1,7.2,3.9,100,100,0,6,3,6,75,59,72,63,55,79,72,1,82,82,Government Job,Product Manager,83.8,Good,79.2,73.9,Tech
B.Com,Hons,2,7.57,70,6.0,3.0,7.1,6.9,91,94,1,6,5,3,68,55,91,70,56,61,68,2,64,78,Startup,Business Analyst,65.1,Average,79.6,41.0,Commerce
B.Com,Hons,2,7.09,55,3.6,1.6,5.9,7.2,86,85,2,2,2,1,69,45,66,41,53,71,49,0,53,78,Research,Business Analyst,50.1,At Risk,45.8,34.1,Commerce
BCA,General,3,7.14,66,2.9,2.2,7.9,6.4,84,83,1,4,3,3,55,41,52,32,46,45,43,0,59,83,Higher Studies,Backend Developer,58.5,Average,51.6,49.1,Tech
BBA,Marketing,4,7.99,53,2.8,2.3,5.2,8.4,80,83,3,2,2,3,69,63,70,61,71,70,62,2,70,82,Freelancing,Data Analyst,44.3,At Risk,64.8,64.5,Management
BBA,Marketing,2,8.62,81,5.9,3.9,7.5,7.0,100,100,0,4,2,6,73,51,71,74,58,82,71,1,80,77,Placement,Business Analyst,85.0,Good,78.5,65.3,Management
BCA,General,4,7.23,70,3.7,2.2,6.0,7.1,72,82,0,2,3,2,53,57,56,53,59,58,67,0,53,69,Placement,UI/UX Designer,64.8,Average,50.1,39.0,Tech
B.Com,General,2,6.41,56,2.4,0.6,7.3,4.6,73,74,2,2,0,0,67,38,55,51,54,73,58,1,70,66,Startup,Product Manager,35.2,At Risk,48.9,31.4,Commerce
Law,Criminal,2,7.36,73,5.0,1.8,8.2,6.4,91,89,0,5,1,3,70,49,52,60,28,41,50,1,50,69,Placement,Cybersecurity Analyst,67.2,Average,52.9,55.5,Law
B.Tech,IT,2,8.23,87,7.5,2.8,7.9,3.6,100,99,0,4,2,5,73,61,53,61,52,72,78,1,60,78,Freelancing,Frontend Developer,84.9,Good,64.8,47.2,Tech
BCA,General,1,6.96,69,4.1,3.3,8.2,5.2,92,87,3,5,2,4,70,42,40,63,69,62,44,1,60,65,Placement,Data Analyst,45.1,At Risk,57.9,52.0,Tech
B.Tech,CSE,1,8.09,78,6.6,2.4,5.8,5.8,100,99,0,5,4,5,68,94,83,61,81,65,79,1,76,89,Placement,AI Engineer,74.8,Average,79.1,66.4,Tech
BBA,HR,2,7.64,64,3.3,2.2,5.6,4.2,88,81,3,3,3,6,44,58,68,63,49,49,52,0,47,68,Placement,UI/UX Designer,43.9,At Risk,43.8,50.1,Management
B.Tech,AI&DS,2,8.13,87,6.3,4.0,7.2,8.4,98,93,0,7,5,5,93,59,69,70,68,58,53,1,91,81,Higher Studies,Machine Learning Engineer,82.9,Good,81.7,60.2,Tech
B.Tech,AI&DS,2,7.51,79,3.2,5.3,6.8,6.2,91,82,1,8,5,6,87,52,84,70,52,72,50,1,78,86,Placement,Full Stack Developer,66.6,Average,81.5,55.2,Tech
B.Tech,CSE,4,8.04,76,5.4,2.5,6.5,5.9,92,89,1,5,4,5,78,86,70,63,59,82,63,2,82,79,Freelancing,Product Manager,70.9,Average,80.9,67.3,Tech
B.Tech,CSE,2,8.24,56,4.5,2.5,6.1,7.0,90,95,0,5,5,3,85,51,72,76,47,66,51,1,64,93,Placement,Frontend Developer,74.2,Average,70.0,52.7,Tech
B.Tech,IT,3,7.75,73,3.9,2.0,7.7,3.6,88,89,1,3,2,5,51,63,68,69,42,61,62,1,56,82,Placement,Data Analyst,61.4,Average,58.4,57.2,Tech
BCA,General,2,6.08,67,3.4,2.3,6.8,5.1,84,80,2,5,4,5,61,54,71,67,60,53,65,2,83,83,Startup,Backend Developer,45.0,At Risk,70.7,48.9,Tech
BBA,HR,2,8.0,74,4.9,1.7,8.2,4.6,94,94,1,3,3,3,77,42,53,62,56,45,49,0,54,59,Research,UI/UX Designer,72.3,Average,45.0,39.7,Management
Law,Criminal,1,8.84,82,5.5,2.2,6.7,4.8,100,100,0,2,3,5,58,34,61,63,71,61,64,0,48,61,Freelancing,Business Analyst,84.2,Good,48.4,29.9,Law
B.Com,General,4,7.67,62,5.0,2.3,6.4,9.4,85,85,3,5,4,5,79,53,78,82,71,77,74,1,78,81,Research,Business Analyst,51.8,At Risk,75.5,85.7,Commerce
Law,Corporate,2,8.09,82,6.3,3.3,7.8,3.6,100,97,0,6,5,4,59,49,75,54,96,73,74,2,83,77,Freelancing,Data Analyst,80.8,Good,81.7,45.1,Law
Law,Criminal,3,7.13,74,5.0,1.2,7.9,6.7,85,94,1,2,2,2,64,48,61,68,69,57,63,0,50,74,Higher Studies,Product Manager,61.7,Average,46.4,37.1,Law
B.Tech,CSE,3,7.09,69,3.7,1.4,7.3,6.9,77,74,2,4,3,5,64,48,74,68,71,32,57,1,58,75,Startup,Cybersecurity Analyst,47.9,At Risk,60.2,51.0,Tech
B.Tech,CSE,2,8.45,83,5.1,3.0,7.4,3.8,94,98,0,4,2,5,77,39,51,69,47,61,61,0,67,80,Placement,Data Engineer,78.2,Good,66.0,51.1,Tech
B.Tech,IT,2,7.37,68,5.6,3.7,6.2,9.0,92,95,1,7,5,5,87,57,76,81,90,58,74,0,70,87,Placement,Data Scientist,69.4,Average,85.0,51.3,Tech
B.Com,General,4,6.41,69,2.9,0.8,7.3,6.3,80,83,2,1,1,2,43,23,52,51,35,56,51,1,48,65,Placement,Business Analyst,42.0,At Risk,32.9,29.7,Commerce
BBA,Finance,2,7.73,60,2.7,4.6,7.6,7.2,86,90,1,7,5,6,65,52,81,69,52,77,64,2,84,93,Startup,Data Analyst,62.3,Average,81.5,68.0,Management
B.Tech,ECE,1,7.69,74,4.5,1.8,8.2,3.0,90,90,1,3,1,3,45,62,43,45,46,79,62,0,56,67,Higher Studies,QA Engineer,64.1,Average,34.4,61.4,Tech
BCA,General,1,7.02,70,3.7,2.4,6.9,7.6,81,82,3,3,3,5,53,35,51,68,55,56,54,0,51,73,Freelancing,Backend Developer,45.2,At Risk,46.7,63.5,Tech
Law,Corporate,2,6.8,87,4.0,2.0,7.7,2.0,92,88,1,5,2,4,100,49,71,59,50,61,57,0,49,82,Startup,Business Analyst,62.6,Average,57.2,67.7,Law
B.Com,General,3,8.04,80,4.4,0.3,8.1,8.0,91,91,0,1,0,1,52,58,52,51,34,73,81,0,38,52,Placement,Business Analyst,74.1,Average,23.9,28.2,Commerce
BBA,Finance,2,7.51,75,3.7,1.3,6.9,6.1,82,83,1,3,1,2,82,45,51,61,41,64,62,0,35,51,Higher Studies,Business Analyst,63.5,Average,30.8,39.1,Management
B.Tech,IT,1,6.97,68,3.9,5.3,7.2,7.6,89,84,1,10,7,4,93,47,91,71,75,40,45,2,94,100,Freelancing,Data Engineer,60.5,Average,90.0,90.2,Tech
BBA,Finance,4,7.21,54,3.1,3.3,6.8,5.9,80,78,1,4,3,4,66,64,65,76,48,49,60,1,73,75,Freelancing,Business Analyst,52.5,At Risk,62.9,63.3,Management
B.Com,General,3,7.35,61,2.4,1.7,7.2,7.9,76,74,1,4,2,5,60,36,40,63,41,49,56,1,51,69,Freelancing,Business Analyst,45.1,At Risk,48.0,50.6,Commerce
B.Tech,AI&DS,1,7.58,59,5.0,1.3,8.1,5.8,87,86,3,3,3,3,82,44,71,75,68,70,72,1,59,72,Placement,Machine Learning Engineer,47.6,At Risk,54.3,56.8,Tech
B.Tech,IT,4,8.04,63,4.6,4.1,5.9,5.0,81,85,2,5,4,4,71,65,81,64,60,85,81,2,70,91,Placement,Product Manager,57.3,Average,84.4,80.7,Tech
BCA,General,1,8.2,67,5.0,1.7,6.4,4.1,89,87,0,5,4,2,66,50,69,49,53,78,63,1,78,66,Government Job,UI/UX Designer,70.7,Average,72.0,57.5,Tech
B.Tech,IT,4,8.92,79,6.2,3.5,6.5,8.5,100,97,1,5,6,3,90,10,91,69,70,63,73,2,91,84,Placement,AI Engineer,78.6,Good,85.0,76.7,Tech
B.Tech,CSE,4,8.13,97,5.8,3.7,7.6,3.5,93,96,0,6,3,7,81,67,52,79,57,74,60,1,73,59,Higher Studies,Cybersecurity Analyst,84.2,Good,74.5,55.0,Tech
B.Tech,CSE,1,7.51,76,5.9,3.9,6.4,4.3,90,92,0,7,4,5,76,36,87,61,62,60,56,0,70,95,Startup,AI Engineer,76.0,Good,85.0,75.5,Tech
B.Tech,ECE,4,9.09,84,6.5,2.7,7.1,6.4,97,100,0,6,4,3,58,56,70,80,78,66,60,1,57,85,Research,Product Manager,93.1,Excellent,72.7,68.5,Tech
B.Tech,IT,4,8.77,91,7.4,4.1,6.6,6.0,100,100,0,6,3,7,84,39,65,85,59,46,63,2,79,83,Startup,Machine Learning Engineer,92.7,Excellent,79.3,68.5,Tech
BBA,Finance,1,9.11,72,7.7,1.1,6.4,7.4,100,100,0,2,3,3,66,56,64,57,58,69,73,1,76,79,Research,Product Manager,85.1,Good,67.5,45.8,Management
B.Tech,IT,3,7.91,81,5.0,3.6,7.4,5.6,94,90,0,4,4,7,76,71,65,62,27,71,69,1,77,76,Startup,DevOps Engineer,77.2,Good,64.2,62.1,Tech
BCA,General,2,8.49,64,6.7,2.1,8.0,3.7,94,100,0,4,2,5,86,48,66,52,47,52,61,0,59,80,Placement,Full Stack Developer,76.4,Good,63.2,73.9,Tech
B.Tech,ECE,1,7.38,75,5.4,2.1,7.2,4.8,88,90,0,5,2,2,52,57,78,47,53,56,59,1,53,77,Placement,AI Engineer,71.7,Average,57.1,48.2,Tech
B.Tech,ECE,1,6.42,68,3.8,1.7,8.6,5.5,81,86,0,2,2,1,19,34,57,50,44,71,64,0,55,66,Startup,QA Engineer,59.1,Average,40.6,50.7,Tech
B.Tech,CSE,1,8.64,82,7.7,2.5,7.8,3.9,100,96,1,6,4,6,80,64,81,81,61,71,69,1,75,94,Placement,UI/UX Designer,78.1,Good,80.9,50.0,Tech
B.Com,Hons,3,7.53,73,3.8,4.8,7.3,6.2,83,78,2,8,6,7,74,32,71,65,53,40,40,2,78,68,Freelancing,Data Analyst,55.1,Average,75.9,52.1,Commerce
BCA,General,3,7.83,62,4.5,2.0,8.0,7.9,97,90,1,3,2,3,44,35,78,60,57,36,58,0,39,82,Freelancing,Software Engineer,65.2,Average,52.1,48.1,Tech
B.Tech,IT,4,5.57,61,1.5,0.0,7.1,6.1,69,65,4,0,0,0,37,33,34,66,27,36,57,0,36,57,Startup,Frontend Developer,15.4,At Risk,20.4,43.9,Tech
Law,Criminal,2,8.33,69,4.9,3.6,7.0,6.2,88,95,0,5,4,3,67,42,73,52,64,67,43,1,80,66,Higher Studies,Data Analyst,80.1,Good,70.0,66.7,Law
B.Tech,AI&DS,2,8.45,83,5.4,2.3,6.9,5.9,95,89,0,4,4,6,62,43,57,73,60,67,69,1,63,84,Government Job,Business Analyst,87.8,Good,62.0,54.1,Tech
BCA,General,2,7.32,57,2.9,2.0,6.1,8.3,78,77,1,2,3,3,59,26,79,55,52,54,52,0,50,77,Higher Studies,DevOps Engineer,55.1,Average,51.2,71.3,Tech
BCA,General,2,9.1,74,6.3,4.3,8.0,7.0,100,100,0,5,4,7,83,15,66,70,49,30,69,0,69,91,Higher Studies,Data Engineer,90.9,Excellent,73.4,31.5,Tech
BCA,General,3,8.19,97,8.0,4.2,7.9,2.0,100,100,0,7,2,6,79,80,75,74,60,82,88,2,81,90,Placement,Cybersecurity Analyst,88.0,Good,85.5,55.6,Tech
B.Tech,CSE,3,6.87,48,1.1,3.0,6.0,6.7,75,81,1,7,3,2,70,66,79,96,67,63,63,1,77,79,Startup,Cloud Engineer,47.0,At Risk,75.3,75.1,Tech
BCA,General,3,6.21,77,3.9,2.2,8.1,2.9,89,92,0,4,4,5,81,50,76,59,51,54,36,0,51,85,Higher Studies,Backend Developer,67.5,Average,59.6,69.4,Tech
B.Tech,IT,1,7.68,78,5.1,2.8,7.9,5.8,86,80,1,7,5,6,70,44,58,68,82,58,54,1,83,87,Freelancing,Cybersecurity Analyst,63.1,Average,79.2,87.5,Tech
B.Tech,IT,2,7.16,56,2.7,2.0,8.1,6.8,86,76,0,2,1,3,64,43,96,55,31,59,61,0,42,76,Higher Studies,Frontend Developer,60.3,Average,52.1,39.3,Tech
B.Tech,ECE,3,6.25,58,2.6,2.6,8.3,4.5,79,80,1,4,2,3,62,53,64,79,50,70,66,1,75,64,Placement,Data Engineer,46.9,At Risk,54.8,40.5,Tech
Law,Criminal,3,8.01,54,5.7,2.3,7.5,5.2,87,95,1,4,3,3,49,43,72,61,50,54,60,0,55,98,Higher Studies,Cybersecurity Analyst,66.9,Average,59.4,35.1,Law
B.Tech,CSE,4,8.29,73,6.3,4.1,7.5,4.8,96,94,1,8,5,4,70,63,69,66,46,85,62,2,87,87,Startup,Data Analyst,74.2,Average,85.0,62.7,Tech
BCA,General,2,7.32,68,4.4,4.0,7.2,5.7,88,84,0,7,5,5,77,83,81,59,56,93,77,1,89,97,Freelancing,DevOps Engineer,68.9,Average,83.4,77.8,Tech
BBA,HR,2,7.02,76,4.5,0.8,7.8,6.5,88,83,0,4,1,5,34,24,62,54,50,43,57,0,66,75,Higher Studies,Business Analyst,61.4,Average,57.4,46.9,Management
B.Tech,ECE,1,8.28,85,5.5,2.5,8.2,2.0,100,100,0,7,1,4,77,66,91,66,52,48,75,0,81,81,Government Job,QA Engineer,82.7,Good,75.4,56.6,Tech
B.Com,Hons,2,7.54,68,4.3,1.7,6.2,6.8,91,94,3,3,0,1,52,54,62,38,61,62,60,0,37,52,Higher Studies,Business Analyst,55.5,Average,27.0,40.7,Commerce
BBA,HR,2,7.38,78,4.2,2.4,7.0,4.5,81,79,0,5,3,4,88,63,62,85,48,81,72,1,75,77,Placement,Business Analyst,63.1,Average,75.1,60.1,Management
BCA,General,2,7.74,55,4.0,3.8,8.0,6.9,84,78,2,4,5,3,92,33,78,83,68,50,56,2,77,84,Higher Studies,Backend Developer,51.5,At Risk,80.2,69.6,Tech
BBA,Finance,3,7.83,67,4.7,3.4,6.4,6.3,90,92,1,6,4,4,81,51,66,80,55,72,71,1,66,86,Higher Studies,Product Manager,70.1,Average,70.0,76.9,Management
B.Tech,CSE,1,7.52,70,4.0,2.6,7.5,7.4,91,86,1,5,3,6,84,50,67,65,49,51,59,1,63,70,Placement,Backend Developer,64.0,Average,62.4,49.8,Tech
B.Tech,IT,1,8.48,92,6.3,2.9,5.9,4.0,99,98,0,6,4,6,65,66,83,71,55,73,58,1,75,78,Placement,UI/UX Designer,88.5,Good,82.3,68.6,Tech
B.Tech,CSE,3,6.95,59,2.3,2.3,7.0,7.5,75,76,0,2,1,1,44,55,82,80,61,69,66,2,48,77,Placement,Frontend Developer,50.2,At Risk,55.6,45.6,Tech
BCA,General,3,7.82,64,3.9,2.2,6.4,6.9,88,84,2,3,2,2,76,40,80,57,56,38,50,1,63,64,Placement,Cybersecurity Analyst,56.8,Average,61.5,61.9,Tech
B.Com,Hons,4,7.65,56,3.7,1.9,6.8,7.3,84,84,1,2,1,3,39,62,68,36,41,41,55,0,46,61,Placement,Business Analyst,55.3,Average,40.7,27.2,Commerce
BCA,General,2,6.22,72,3.0,3.3,6.4,4.3,80,78,1,5,5,3,90,25,61,85,53,47,45,1,51,76,Freelancing,Data Analyst,46.6,At Risk,52.4,43.1,Tech
B.Tech,ECE,1,7.01,63,2.7,1.0,6.4,4.3,92,83,1,2,1,2,41,51,71,59,56,53,58,1,46,66,Higher Studies,Frontend Developer,56.9,Average,47.5,55.2,Tech
B.Tech,ECE,1,7.45,76,5.6,1.4,8.5,4.0,93,92,1,4,1,3,52,30,39,34,34,43,48,0,45,48,Placement,Backend Developer,68.8,Average,23.1,14.7,Tech
BBA,Marketing,4,8.29,78,4.7,1.3,7.0,5.1,93,91,1,1,2,3,81,72,65,42,55,73,60,0,53,67,Government Job,Product Manager,67.0,Average,48.1,67.4,Management
B.Com,General,3,6.82,75,3.8,2.7,7.7,5.3,89,87,1,5,3,6,80,56,62,78,46,71,69,2,71,80,Freelancing,Business Analyst,56.1,Average,64.0,66.7,Commerce
B.Tech,CSE,1,8.05,78,3.8,3.2,8.2,5.2,89,82,2,2,3,4,72,51,64,66,34,58,64,0,53,79,Higher Studies,Frontend Developer,59.4,Average,50.4,49.5,Tech
Law,Corporate,2,8.39,84,5.8,5.1,7.7,8.1,97,100,0,8,7,8,84,85,85,96,70,84,64,3,99,85,Research,Cybersecurity Analyst,84.5,Good,96.7,74.0,Law
Law,Criminal,1,7.22,61,3.0,1.8,7.7,5.9,83,89,3,5,4,4,57,47,78,52,49,81,63,0,65,73,Research,Product Manager,41.4,At Risk,58.7,57.8,Law
B.Tech,AI&DS,3,6.67,60,3.2,2.8,6.8,5.7,79,81,0,6,5,5,82,56,65,81,56,67,54,2,55,89,Placement,Cloud Engineer,62.8,Average,69.6,68.4,Tech
B.Tech,IT,3,7.88,76,4.8,2.6,7.7,4.3,96,91,0,6,4,6,87,40,68,58,71,58,63,0,74,87,Placement,Full Stack Developer,76.8,Good,81.0,54.3,Tech
B.Tech,AI&DS,4,7.9,64,4.7,2.8,6.0,4.1,95,93,2,4,3,1,75,69,58,45,60,58,76,1,54,61,Higher Studies,Product Manager,60.6,Average,49.2,51.6,Tech
B.Tech,IT,3,7.42,65,4.2,2.3,6.9,7.1,85,85,1,3,2,3,64,77,58,37,43,68,69,1,69,79,Startup,Full Stack Developer,58.4,Average,52.3,46.2,Tech
B.Tech,ECE,2,7.1,79,3.6,2.8,8.8,7.2,91,81,1,5,2,5,64,20,60,43,55,45,55,1,45,54,Freelancing,Backend Developer,66.4,Average,43.7,41.2,Tech
B.Tech,CSE,4,8.48,78,6.2,4.2,6.9,4.0,99,93,1,7,6,6,71,57,77,69,58,63,87,2,78,87,Placement,AI Engineer,82.6,Good,82.2,71.0,Tech
B.Tech,ECE,2,7.44,72,3.5,1.9,7.7,5.3,92,92,0,3,0,4,60,44,84,60,45,55,52,0,57,76,Freelancing,Cloud Engineer,68.2,Average,62.4,54.2,Tech
Law,Corporate,3,7.45,63,5.3,1.5,5.1,7.8,98,93,2,2,1,0,41,55,36,67,42,67,84,0,41,62,Higher Studies,Data Analyst,59.5,Average,28.2,31.8,Law
B.Tech,IT,1,8.28,72,3.7,2.4,6.5,5.2,95,91,1,5,6,5,77,56,60,64,43,60,52,0,71,100,Government Job,UI/UX Designer,73.2,Average,65.5,61.6,Tech
B.Tech,AI&DS,2,8.5,85,6.0,3.9,5.2,4.0,100,96,0,8,5,7,75,48,73,81,80,66,85,1,93,82,Placement,Data Engineer,81.9,Good,85.4,67.4,Tech
B.Tech,IT,3,7.31,58,4.1,2.2,5.8,7.2,90,83,1,3,4,2,59,36,81,63,53,66,68,1,61,57,Higher Studies,AI Engineer,56.9,Average,54.3,50.1,Tech
Law,Corporate,2,7.39,87,3.1,1.8,6.9,5.7,100,90,2,4,2,4,81,63,60,66,50,73,77,1,60,78,Government Job,Product Manager,64.3,Average,66.2,71.6,Law
B.Tech,AI&DS,4,7.64,85,3.7,3.1,7.4,6.6,83,83,1,6,3,6,72,87,80,69,55,71,71,2,79,60,Placement,Business Analyst,62.3,Average,73.2,80.6,Tech
B.Tech,AI&DS,2,8.41,77,6.5,3.5,5.8,7.8,100,100,0,5,4,4,77,63,77,92,62,64,74,2,73,87,Higher Studies,AI Engineer,82.7,Good,79.1,58.2,Tech
Law,Corporate,4,8.1,73,4.9,1.6,7.8,5.3,94,88,0,5,1,2,67,55,74,65,42,52,64,1,44,74,Placement,Cybersecurity Analyst,71.1,Average,63.4,24.9,Law
BCA,General,3,7.5,69,4.4,2.6,7.6,9.8,91,89,0,3,1,2,62,69,71,57,72,85,81,1,65,61,Freelancing,Business Analyst,67.7,Average,69.0,67.1,Tech
B.Tech,AI&DS,3,8.22,68,4.3,1.5,7.7,5.5,89,90,0,3,1,3,52,48,90,66,52,48,54,1,56,81,Higher Studies,Machine Learning Engineer,74.8,Average,63.4,76.1,Tech
BBA,Marketing,2,8.41,78,5.4,3.2,7.2,6.6,91,94,2,5,4,5,75,39,87,83,59,64,73,2,75,77,Higher Studies,Business Analyst,65.4,Average,75.5,62.2,Management
BBA,Finance,1,6.8,72,4.0,1.6,5.8,6.2,85,88,1,5,2,4,65,41,45,44,39,70,72,1,66,62,Higher Studies,Product Manager,53.6,At Risk,46.9,54.9,Management
B.Tech,CSE,2,8.35,80,4.4,2.2,5.9,3.6,95,96,0,6,5,7,84,32,75,49,37,66,58,0,60,81,Higher Studies,AI Engineer,77.8,Good,78.0,63.9,Tech
B.Tech,CSE,4,7.82,73,5.9,3.1,6.1,7.0,100,94,1,3,3,3,48,42,63,54,32,51,63,2,46,63,Government Job,DevOps Engineer,75.6,Good,49.2,55.5,Tech
B.Tech,ECE,3,7.05,66,3.7,3.3,7.3,4.0,87,86,1,3,1,6,59,23,93,47,70,38,51,2,55,79,Placement,Backend Developer,58.8,Average,51.3,49.1,Tech
BBA,Finance,3,6.83,61,2.8,2.2,7.0,4.4,75,79,0,4,3,4,60,48,76,69,44,82,73,1,64,89,Startup,UI/UX Designer,54.8,At Risk,65.0,59.6,Management
B.Tech,CSE,2,7.19,74,4.0,2.7,5.5,6.4,88,81,0,4,1,4,61,28,39,40,50,46,38,0,52,63,Freelancing,Frontend Developer,66.2,Average,40.7,42.9,Tech
BCA,General,1,6.13,42,1.0,0.8,6.8,9.9,66,62,4,3,1,0,62,43,75,66,53,55,54,0,64,61,Placement,Software Engineer,17.2,At Risk,36.9,41.8,Tech
BCA,General,3,8.07,66,5.2,3.1,6.1,10.3,91,92,1,6,3,2,79,59,90,59,66,78,78,2,100,95,Startup,Cybersecurity Analyst,68.7,Average,85.0,75.9,Tech
B.Tech,IT,2,8.01,90,5.2,4.8,6.4,4.3,98,88,0,3,4,6,72,72,81,70,30,78,67,1,73,90,Placement,Data Scientist,75.8,Good,76.3,52.4,Tech
B.Tech,CSE,3,7.68,59,5.1,1.1,6.4,8.3,89,89,1,2,5,3,63,45,64,56,60,65,68,1,47,77,Placement,Data Analyst,62.7,Average,58.1,68.2,Tech
BBA,Finance,1,7.35,86,6.8,2.4,7.6,6.1,100,100,0,3,3,6,75,74,60,78,44,68,62,1,77,75,Research,Data Analyst,77.3,Good,62.3,60.5,Management
BBA,Finance,2,8.1,55,4.2,2.1,7.5,6.3,95,85,2,4,5,4,63,48,71,76,58,65,75,1,73,83,Startup,Business Analyst,60.7,Average,72.2,64.9,Management
B.Tech,AI&DS,3,7.41,69,4.1,2.8,8.1,6.5,84,89,0,3,2,6,54,96,65,45,47,83,76,2,100,86,Placement,UI/UX Designer,63.8,Average,73.7,63.5,Tech
BCA,General,4,8.45,85,6.3,3.6,6.3,4.9,100,92,0,6,4,6,80,65,79,86,69,71,70,1,85,78,Startup,Cloud Engineer,86.3,Good,81.2,46.9,Tech
B.Tech,ECE,1,7.82,59,3.8,2.9,5.5,7.2,95,86,1,6,2,4,79,63,66,64,53,85,79,2,96,76,Placement,Frontend Developer,62.7,Average,78.3,69.0,Tech
B.Tech,IT,4,7.62,70,3.4,1.5,7.2,5.7,90,86,1,4,1,3,60,40,75,40,59,66,67,1,63,75,Placement,Product Manager,57.8,Average,51.5,48.8,Tech
BCA,General,3,8.34,95,7.5,3.6,7.3,7.3,100,100,0,5,3,9,79,54,96,83,75,70,71,2,86,100,Placement,Software Engineer,90.7,Excellent,85.0,48.3,Tech
B.Tech,IT,1,9.01,82,7.9,6.0,8.0,6.1,100,100,0,8,5,5,100,47,92,77,84,63,70,2,88,97,Government Job,Data Scientist,90.1,Excellent,97.7,90.2,Tech
BCA,General,1,7.62,84,4.5,5.0,7.9,5.6,98,92,1,6,6,6,76,40,73,56,61,54,61,1,72,71,Freelancing,Cloud Engineer,72.0,Average,71.9,80.4,Tech
B.Tech,IT,4,9.62,94,8.0,3.1,7.0,3.3,100,100,0,5,3,7,75,41,89,79,71,63,82,3,87,100,Research,AI Engineer,95.4,Excellent,92.4,74.5,Tech
Law,Corporate,3,7.23,67,4.0,4.1,6.5,6.6,92,89,2,3,5,3,85,50,44,58,77,60,74,1,57,66,Placement,Cybersecurity Analyst,59.1,Average,59.8,57.1,Law
Law,Criminal,3,8.24,78,5.2,3.4,7.0,6.2,95,91,0,7,3,6,56,61,81,54,59,59,61,1,83,84,Research,Business Analyst,81.4,Good,76.1,78.2,Law
BBA,Marketing,2,8.42,81,6.2,3.3,5.5,8.8,97,99,0,5,4,4,87,55,69,65,50,60,71,1,74,84,Placement,Data Analyst,86.0,Good,77.5,70.3,Management
B.Tech,CSE,1,6.38,61,3.4,1.9,7.2,7.3,83,76,1,3,0,2,56,57,79,53,48,63,60,0,61,65,Higher Studies,Frontend Developer,50.5,At Risk,48.7,17.6,Tech
B.Tech,CSE,2,7.32,70,4.5,4.9,5.8,7.4,87,80,1,7,4,4,72,72,79,74,80,75,71,2,86,91,Placement,Frontend Developer,57.2,Average,85.0,86.2,Tech
Law,Criminal,3,7.72,66,4.5,0.0,6.7,10.3,88,80,3,2,0,4,69,51,58,37,34,67,59,0,56,69,Higher Studies,Business Analyst,43.9,At Risk,40.0,22.3,Law
BBA,Finance,2,8.51,84,6.8,1.8,8.8,4.3,100,100,0,2,0,3,64,81,42,54,42,54,71,0,53,56,Higher Studies,Data Analyst,85.3,Good,47.2,39.0,Management
B.Tech,CSE,4,8.12,74,5.0,2.7,7.0,4.3,89,92,1,5,5,5,69,55,90,79,47,60,50,0,55,89,Freelancing,Full Stack Developer,66.8,Average,70.0,77.4,Tech
B.Tech,IT,3,7.02,89,4.2,2.3,6.9,7.3,92,89,0,3,1,2,47,57,58,61,52,59,73,1,59,86,Government Job,QA Engineer,71.0,Average,55.9,45.9,Tech
B.Tech,ECE,1,7.24,77,5.2,2.9,7.4,2.4,91,88,1,5,4,5,93,46,66,76,54,63,64,1,68,83,Placement,Frontend Developer,64.3,Average,74.4,47.6,Tech
B.Tech,CSE,2,9.05,79,6.0,4.1,5.9,7.3,100,91,0,6,5,8,73,42,84,76,89,56,59,2,71,94,Higher Studies,Data Scientist,82.9,Good,89.2,71.6,Tech
BCA,General,4,7.04,79,4.4,2.3,7.5,3.8,97,90,1,5,2,5,68,59,82,64,62,60,67,2,55,75,Government Job,UI/UX Designer,61.1,Average,58.2,54.0,Tech
Law,Criminal,3,8.23,82,6.6,3.8,6.2,3.7,100,94,0,6,2,5,68,81,68,69,42,96,87,2,95,71,Placement,Product Manager,79.6,Good,85.0,44.1,Law
B.Tech,AI&DS,4,8.9,85,6.3,3.1,6.4,5.6,97,100,0,5,3,4,91,61,72,89,67,58,60,1,69,71,Research,Machine Learning Engineer,85.1,Good,71.3,76.6,Tech
BCA,General,1,6.98,75,4.8,2.1,6.5,6.3,92,81,0,4,3,2,63,69,72,60,53,50,50,0,58,77,Freelancing,Full Stack Developer,65.1,Average,69.7,55.7,Tech
B.Tech,CSE,4,7.59,87,5.7,2.8,6.6,5.7,100,94,0,4,4,3,73,75,64,84,46,72,59,2,76,80,Placement,UI/UX Designer,79.4,Good,74.0,64.2,Tech
B.Tech,CSE,3,8.09,64,4.9,1.6,6.9,4.3,90,87,1,3,3,2,43,61,53,83,44,69,70,0,59,61,Higher Studies,Frontend Developer,69.0,Average,56.5,52.5,Tech
Law,Criminal,2,6.26,57,3.3,1.8,5.8,4.1,78,77,2,2,3,4,63,71,61,82,37,69,52,0,51,68,Placement,Data Analyst,37.6,At Risk,46.5,46.0,Law
BBA,HR,3,8.23,48,4.4,3.1,5.0,6.9,93,86,3,6,6,3,65,64,95,60,100,68,70,2,78,93,Higher Studies,Business Analyst,51.3,At Risk,86.4,84.5,Management
BCA,General,2,7.43,84,4.8,2.4,6.7,5.0,96,88,0,5,3,5,88,77,71,72,49,78,64,1,69,66,Government Job,QA Engineer,76.8,Good,72.3,59.5,Tech
B.Tech,ECE,4,7.84,85,5.1,4.3,6.9,5.6,88,88,1,6,3,5,84,50,84,49,58,55,51,1,80,87,Research,Cloud Engineer,71.7,Average,79.6,59.4,Tech
BCA,General,1,6.33,60,2.2,3.2,7.5,7.9,72,74,2,4,5,4,81,54,77,64,36,81,81,2,88,75,Placement,Cloud Engineer,39.7,At Risk,75.5,74.0,Tech
BBA,HR,2,7.83,82,6.2,1.8,7.5,7.8,91,88,0,4,4,4,70,65,60,54,54,77,53,0,47,72,Higher Studies,Product Manager,68.8,Average,45.0,50.8,Management
B.Tech,CSE,3,8.34,82,5.7,3.6,5.4,7.0,97,100,0,4,2,4,80,39,66,65,60,54,53,1,51,100,Placement,Machine Learning Engineer,80.4,Good,60.4,64.4,Tech
B.Tech,CSE,2,6.8,78,4.1,1.9,6.5,3.8,90,89,0,2,2,0,58,53,64,45,55,71,62,0,45,65,Placement,Frontend Developer,66.0,Average,33.4,33.0,Tech
B.Tech,ECE,4,8.34,81,5.5,4.6,7.3,3.0,100,100,0,5,5,6,73,46,90,78,60,55,70,0,82,92,Government Job,Data Scientist,82.5,Good,83.4,72.8,Tech
B.Tech,CSE,4,8.48,78,5.7,1.5,9.0,4.7,100,95,0,4,1,3,68,38,62,48,62,45,51,1,57,92,Research,DevOps Engineer,86.4,Good,60.1,61.8,Tech
BCA,General,3,8.61,74,5.8,3.0,6.5,5.0,100,100,0,4,2,4,65,30,78,66,63,57,53,1,55,69,Freelancing,QA Engineer,83.9,Good,70.0,46.2,Tech
B.Tech,CSE,2,6.83,66,2.5,2.1,7.7,5.4,86,91,1,4,5,2,44,29,53,73,54,36,59,0,46,78,Startup,Full Stack Developer,56.7,Average,51.4,55.3,Tech
BBA,HR,2,6.68,66,2.9,2.3,7.3,9.5,89,75,1,8,4,6,58,36,69,67,66,56,57,2,77,83,Government Job,Product Manager,49.9,At Risk,79.6,65.9,Management
BCA,General,2,8.26,68,4.3,2.3,7.7,6.4,96,96,0,3,3,6,60,59,49,46,62,75,75,0,55,63,Government Job,Backend Developer,74.1,Average,50.5,67.1,Tech
BBA,Finance,2,7.53,67,3.9,1.2,4.8,5.4,83,80,3,5,3,0,56,49,74,65,64,65,55,1,58,73,Placement,Business Analyst,44.5,At Risk,56.4,69.9,Management
B.Com,Hons,1,7.26,76,4.7,3.2,6.6,6.1,94,88,2,6,4,5,73,38,80,66,60,62,58,1,70,89,Freelancing,Data Analyst,56.8,Average,74.2,64.8,Commerce
BBA,Finance,2,8.29,78,4.5,4.8,6.5,4.5,97,96,0,7,5,9,60,42,62,71,79,72,70,2,86,91,Startup,Data Analyst,80.3,Good,81.1,59.1,Management
B.Tech,ECE,3,7.57,77,4.9,1.8,7.6,4.1,88,90,1,4,4,3,81,58,63,72,77,69,57,1,64,83,Higher Studies,Data Engineer,65.7,Average,62.2,58.8,Tech
B.Tech,CSE,2,7.83,67,5.4,2.7,5.9,4.4,88,92,0,4,3,5,62,48,69,69,69,56,63,1,79,76,Research,DevOps Engineer,72.7,Average,71.3,53.0,Tech
BBA,Finance,2,8.56,74,5.8,2.0,7.3,9.3,91,88,2,3,4,4,57,32,64,64,74,72,79,2,78,96,Government Job,Product Manager,68.5,Average,68.5,55.8,Management
BCA,General,2,7.39,51,2.6,1.6,6.9,7.5,80,78,4,0,1,0,44,75,64,53,48,66,63,0,43,70,Placement,Business Analyst,31.1,At Risk,27.2,53.7,Tech
B.Tech,ECE,1,6.99,70,2.6,2.3,7.8,5.9,87,80,3,5,1,3,53,56,67,56,53,56,47,1,64,84,Freelancing,Software Engineer,44.4,At Risk,50.5,59.6,Tech
B.Tech,IT,1,6.82,52,3.5,0.4,6.7,7.6,78,81,1,3,2,0,44,41,71,49,38,47,44,0,60,70,Placement,UI/UX Designer,49.5,At Risk,40.1,42.2,Tech
B.Com,General,1,6.29,57,2.8,1.7,6.5,4.6,78,71,2,0,1,3,43,23,32,43,36,43,47,0,41,62,Research,Data Analyst,42.6,At Risk,29.5,24.7,Commerce
BBA,HR,3,9.56,91,7.5,5.9,7.9,7.3,100,100,0,7,5,6,90,45,76,86,70,59,80,3,97,92,Placement,Product Manager,95.8,Excellent,94.4,78.8,Management
B.Tech,AI&DS,4,8.32,63,5.0,0.0,6.4,9.2,86,94,1,3,2,4,62,36,64,66,50,56,54,1,56,82,Higher Studies,Frontend Developer,67.3,Average,48.0,67.0,Tech
B.Com,Hons,3,6.54,66,3.7,2.4,6.1,8.2,87,84,1,5,5,5,61,53,60,50,44,61,69,0,54,86,Freelancing,Product Manager,51.8,At Risk,53.5,57.7,Commerce
BBA,Finance,2,7.95,84,4.3,2.5,6.8,2.6,92,96,1,6,6,9,70,72,89,77,81,77,70,1,82,93,Research,Product Manager,71.9,Average,88.9,74.6,Management
BCA,General,3,7.24,53,3.1,3.8,6.0,8.7,88,89,1,8,5,5,66,60,87,58,71,63,64,2,77,87,Placement,Frontend Developer,59.0,Average,76.0,70.9,Tech
BCA,General,1,8.45,82,4.4,2.6,6.9,3.6,97,98,0,4,4,5,85,40,75,78,58,75,60,1,58,78,Research,Business Analyst,79.9,Good,75.0,77.4,Tech
BBA,Marketing,1,8.08,65,4.1,2.6,5.8,6.7,88,88,2,6,4,2,61,49,64,63,61,68,58,0,64,62,Startup,Business Analyst,58.4,Average,58.0,60.9,Management
BCA,General,1,7.1,73,3.9,2.6,7.9,5.8,84,82,2,3,2,4,47,31,55,70,51,52,52,0,55,58,Placement,Full Stack Developer,52.0,At Risk,45.4,49.1,Tech
B.Tech,IT,3,7.53,70,3.0,2.9,6.6,6.4,96,88,1,5,3,5,87,59,86,92,66,58,55,1,65,76,Placement,Full Stack Developer,65.5,Average,70.0,38.0,Tech
B.Tech,IT,3,7.32,77,2.5,0.9,6.7,5.6,89,92,1,2,2,3,56,59,39,57,60,89,69,0,64,70,Startup,Product Manager,58.4,Average,47.9,59.7,Tech
B.Tech,ECE,1,7.77,72,4.9,0.2,6.9,5.7,100,90,0,0,0,1,32,52,58,46,51,66,88,0,45,60,Higher Studies,UI/UX Designer,75.2,Good,50.3,48.1,Tech
BCA,General,4,7.75,77,3.8,3.0,6.3,4.7,92,92,0,5,3,3,46,59,72,49,60,63,51,2,73,84,Placement,QA Engineer,72.5,Average,69.5,63.5,Tech
BCA,General,1,7.72,90,4.8,3.0,8.3,5.0,99,98,0,6,2,7,93,67,56,63,61,64,65,0,76,98,Government Job,Cybersecurity Analyst,84.0,Good,70.0,75.6,Tech
BBA,Finance,2,8.11,80,6.1,2.5,5.8,8.6,98,99,0,3,3,4,49,45,71,55,39,52,68,0,54,71,Freelancing,UI/UX Designer,84.3,Good,50.3,39.9,Management
B.Tech,ECE,3,7.65,64,3.8,2.2,7.5,6.7,88,92,4,4,3,6,62,39,94,42,59,70,52,2,76,76,Placement,UI/UX Designer,43.8,At Risk,60.0,65.7,Tech
B.Tech,CSE,1,8.48,91,5.9,3.4,7.3,2.6,100,98,0,6,4,6,87,64,57,74,52,69,69,0,59,67,Placement,Business Analyst,84.2,Good,72.4,60.9,Tech
BCA,General,2,7.96,68,4.6,4.9,6.8,7.6,89,92,2,8,5,6,72,65,86,68,84,78,78,2,100,94,Startup,Cloud Engineer,68.5,Average,90.7,62.3,Tech
B.Tech,AI&DS,2,7.77,84,6.1,2.6,8.4,8.4,90,95,2,5,5,2,73,86,67,47,52,82,64,1,80,76,Placement,QA Engineer,66.0,Average,64.5,60.4,Tech
BCA,General,3,7.08,76,3.6,4.1,7.1,4.9,85,85,1,6,2,3,87,50,75,69,57,56,58,1,76,69,Startup,DevOps Engineer,61.6,Average,76.2,63.3,Tech
BBA,Marketing,3,6.43,62,3.2,1.5,8.1,6.7,77,73,1,3,1,2,66,78,32,46,37,46,56,1,72,75,Higher Studies,Product Manager,45.7,At Risk,49.9,62.7,Management
BCA,General,3,6.43,74,4.5,2.4,5.9,6.1,90,87,1,5,1,4,54,47,68,55,53,61,67,1,56,65,Startup,Backend Developer,56.3,Average,48.4,56.8,Tech
B.Com,General,1,8.03,75,5.5,3.4,6.2,7.9,100,100,0,3,0,4,28,54,57,66,35,46,59,0,39,80,Research,Data Analyst,82.0,Good,46.0,42.7,Commerce
BCA,General,1,8.46,78,6.0,4.4,7.3,6.0,100,88,0,9,4,5,94,60,89,66,82,48,57,1,79,80,Placement,QA Engineer,83.5,Good,87.1,76.2,Tech
B.Tech,CSE,4,7.88,66,3.6,4.0,8.0,4.0,93,85,2,7,5,6,82,59,83,69,73,69,71,3,97,83,Placement,DevOps Engineer,57.4,Average,85.0,53.4,Tech
Law,Criminal,1,7.95,87,4.7,3.1,6.7,4.8,99,98,0,6,4,5,74,71,88,66,84,77,73,1,84,82,Research,Product Manager,83.3,Good,80.5,59.6,Law
B.Tech,IT,2,7.37,72,3.5,2.9,7.5,4.8,90,86,1,4,3,3,40,52,69,65,52,61,73,0,48,74,Startup,Backend Developer,62.6,Average,48.7,41.3,Tech
B.Tech,CSE,4,8.5,69,5.5,3.9,6.7,7.7,96,85,1,7,5,5,89,51,84,84,85,69,70,1,98,92,Higher Studies,Data Engineer,69.8,Average,88.0,79.4,Tech
BCA,General,1,7.84,67,3.9,1.5,7.5,6.1,91,91,0,3,2,0,59,41,51,60,45,48,52,0,61,84,Startup,Frontend Developer,73.2,Average,50.8,69.5,Tech
B.Tech,AI&DS,4,7.52,73,4.9,3.3,7.7,6.0,89,92,0,6,4,5,64,55,64,64,59,60,63,1,59,91,Placement,Data Scientist,71.0,Average,70.9,70.3,Tech
B.Tech,AI&DS,3,8.76,76,5.3,4.3,6.4,4.6,99,91,0,6,3,4,66,69,85,79,61,78,78,1,72,79,Startup,Full Stack Developer,85.3,Good,74.6,74.8,Tech
BBA,HR,2,7.26,82,5.2,2.8,6.7,6.8,95,90,0,4,1,3,48,60,61,53,44,55,52,1,43,67,Higher Studies,Data Analyst,70.8,Average,40.5,53.3,Management
BBA,HR,2,8.2,66,5.1,2.9,5.3,6.3,97,96,1,5,5,5,50,70,70,77,66,76,72,2,72,73,Freelancing,Product Manager,72.2,Average,70.4,81.1,Management
B.Com,General,2,8.64,67,5.1,3.4,6.2,5.6,89,87,1,6,3,7,63,46,86,63,58,63,66,1,79,100,Placement,Data Analyst,66.8,Average,85.0,55.3,Commerce
BCA,General,4,7.37,81,3.3,1.5,7.6,4.7,80,83,0,2,4,3,55,48,83,58,45,57,49,1,55,66,Freelancing,Full Stack Developer,66.3,Average,53.1,58.6,Tech
BCA,General,1,8.19,75,5.0,4.2,5.4,6.6,94,92,1,6,3,7,85,53,100,77,81,70,65,2,97,95,Startup,DevOps Engineer,68.3,Average,94.7,68.5,Tech
BBA,HR,2,6.86,58,2.9,0.9,7.8,8.8,82,80,4,3,0,2,46,55,60,61,24,84,62,0,53,49,Placement,UI/UX Designer,33.3,At Risk,24.6,33.0,Management
BBA,Marketing,2,7.01,58,2.2,0.0,7.1,8.6,80,82,2,2,1,1,46,51,34,40,32,65,52,0,35,59,Placement,Product Manager,38.3,At Risk,21.7,42.7,Management
BBA,Marketing,4,8.31,73,5.0,4.0,6.2,5.9,100,98,1,5,5,6,55,54,67,77,63,75,49,1,69,73,Research,Product Manager,74.9,Average,70.0,70.7,Management
B.Tech,AI&DS,2,7.4,81,3.0,1.2,7.7,3.7,83,81,1,5,1,3,67,48,40,68,57,68,56,1,71,77,Placement,Data Engineer,61.2,Average,66.0,58.3,Tech
BCA,General,2,8.61,95,5.3,4.4,7.2,5.5,100,97,0,8,4,7,70,69,78,63,67,65,77,1,79,84,Higher Studies,Cybersecurity Analyst,88.6,Good,81.0,80.4,Tech
B.Tech,ECE,4,7.81,63,5.6,2.0,5.6,5.1,91,100,0,4,3,4,84,49,78,48,58,82,66,1,75,80,Higher Studies,QA Engineer,76.4,Good,67.2,62.8,Tech
B.Tech,IT,2,8.98,69,6.8,2.7,6.4,5.5,100,100,0,4,3,6,63,28,85,59,74,37,57,0,50,80,Higher Studies,Cybersecurity Analyst,83.0,Good,76.0,57.1,Tech
B.Tech,CSE,3,7.22,60,4.0,1.4,7.7,3.8,86,80,1,5,4,1,46,42,64,39,64,77,64,0,58,72,Higher Studies,AI Engineer,59.8,Average,59.9,55.3,Tech
BBA,Marketing,3,8.49,92,5.3,2.7,6.9,6.8,96,99,0,6,3,3,83,54,76,58,50,73,78,1,76,75,Placement,Business Analyst,88.4,Good,70.0,61.2,Management
BBA,Marketing,3,8.66,67,4.9,2.5,7.3,8.7,93,95,1,4,2,5,51,26,86,63,65,44,70,2,80,85,Higher Studies,Data Analyst,69.9,Average,76.0,76.6,Management
B.Tech,CSE,2,7.81,78,5.2,1.9,7.2,3.6,85,87,0,3,0,4,73,53,63,46,36,62,56,0,46,57,Placement,Cybersecurity Analyst,69.5,Average,43.1,56.5,Tech
BCA,General,3,7.36,69,4.4,4.2,7.2,6.7,88,87,0,7,4,5,96,54,78,53,77,64,64,3,86,82,Startup,Cloud Engineer,67.1,Average,93.2,71.5,Tech
Law,Corporate,4,8.21,71,5.7,4.8,6.5,7.9,90,96,2,6,6,7,84,41,98,78,61,55,66,1,77,98,Placement,Cybersecurity Analyst,66.3,Average,76.0,62.5,Law
B.Tech,IT,1,8.85,79,5.5,2.5,6.0,6.0,97,89,0,6,3,6,78,59,84,74,71,62,64,2,95,91,Government Job,UI/UX Designer,83.0,Good,88.7,69.4,Tech
BBA,Finance,2,7.91,81,3.9,1.0,7.0,4.7,100,92,0,2,1,4,62,40,71,48,61,34,53,1,46,76,Research,Data Analyst,69.5,Average,49.2,53.4,Management
B.Tech,ECE,1,6.88,66,2.4,1.8,7.2,6.5,82,80,3,4,1,2,74,61,73,57,41,49,54,1,60,87,Freelancing,Backend Developer,42.2,At Risk,48.7,56.3,Tech
BCA,General,4,7.59,85,4.2,2.3,6.6,7.7,94,90,2,4,2,3,74,33,71,64,61,59,69,2,62,71,Research,Business Analyst,60.9,Average,56.6,62.1,Tech
Law,Corporate,2,8.17,88,6.4,3.0,8.1,4.4,100,93,0,5,3,5,55,71,64,66,53,83,85,1,70,96,Research,Business Analyst,79.7,Good,78.0,51.2,Law
BCA,General,2,7.26,92,4.0,5.0,7.1,4.7,87,87,0,8,4,7,91,51,78,73,55,76,66,2,97,86,Government Job,QA Engineer,74.4,Average,91.5,79.9,Tech
B.Tech,IT,2,7.69,60,2.2,2.0,6.2,6.3,79,82,1,0,2,2,54,45,49,50,69,55,53,0,35,52,Higher Studies,Frontend Developer,55.8,Average,27.1,32.0,Tech
BBA,Finance,4,7.04,64,3.1,2.3,7.3,5.2,88,82,2,3,2,1,51,55,77,57,48,68,70,0,50,54,Government Job,Business Analyst,53.0,At Risk,29.0,28.4,Management
BCA,General,1,7.4,60,2.6,2.3,6.9,8.4,88,82,3,2,2,4,70,61,59,57,62,76,60,1,56,76,Government Job,Frontend Developer,46.8,At Risk,58.9,57.2,Tech
B.Tech,AI&DS,1,7.9,76,5.6,4.0,7.2,5.8,99,94,0,7,3,4,90,51,100,77,66,64,65,1,69,75,Placement,DevOps Engineer,77.5,Good,84.7,62.1,Tech
BCA,General,4,7.64,77,3.6,0.6,6.3,4.3,85,84,4,1,1,1,47,33,56,48,36,56,53,0,44,66,Placement,QA Engineer,46.4,At Risk,26.5,45.3,Tech
B.Tech,ECE,2,6.46,58,2.5,0.8,6.5,8.8,75,74,0,2,2,2,41,35,64,52,45,84,81,1,51,52,Higher Studies,UI/UX Designer,53.0,At Risk,34.0,51.2,Tech
BBA,Marketing,2,6.26,60,3.7,0.6,6.6,4.7,76,85,0,2,2,4,48,39,52,37,53,65,52,0,62,74,Placement,Business Analyst,52.1,At Risk,47.3,49.2,Management
B.Tech,ECE,4,8.6,68,4.8,4.8,6.3,6.2,100,95,0,9,5,5,71,35,92,100,80,47,56,2,98,95,Freelancing,AI Engineer,77.8,Good,92.3,81.9,Tech
B.Tech,AI&DS,1,7.25,85,5.4,2.7,6.3,6.1,88,87,1,6,2,2,92,78,73,67,41,82,65,0,63,72,Placement,UI/UX Designer,63.1,Average,55.3,57.1,Tech
Law,Corporate,1,7.6,62,3.3,1.3,7.4,9.7,90,84,3,3,2,3,62,75,69,77,56,66,39,1,73,71,Placement,Data Analyst,49.4,At Risk,65.6,54.3,Law
BCA,General,4,7.99,68,3.1,2.8,7.3,6.0,85,76,4,5,4,4,59,37,85,74,51,54,53,1,58,82,Government Job,Data Analyst,42.9,At Risk,63.7,50.3,Tech
Law,Corporate,4,6.12,57,1.8,0.0,6.3,6.9,70,74,4,0,0,0,59,73,39,41,53,70,65,0,56,52,Higher Studies,Business Analyst,26.7,At Risk,24.1,45.4,Law
B.Com,General,2,8.71,85,5.5,4.2,7.6,4.6,100,100,0,5,4,6,74,87,55,59,65,88,74,2,91,76,Government Job,Business Analyst,87.5,Good,77.6,77.9,Commerce
BCA,General,2,7.29,76,4.9,5.4,7.0,4.1,79,84,2,8,6,7,83,32,80,83,60,66,67,1,89,97,Startup,Cloud Engineer,56.3,Average,90.1,86.3,Tech
BCA,General,3,6.16,48,1.3,1.8,6.8,8.8,75,85,3,4,4,3,58,41,76,65,55,68,76,1,70,81,Freelancing,Frontend Developer,32.2,At Risk,66.6,51.3,Tech
B.Tech,AI&DS,1,7.73,73,4.7,5.0,6.4,4.5,85,89,0,8,5,5,89,54,80,82,79,79,69,2,77,89,Placement,UI/UX Designer,70.0,Average,91.1,63.9,Tech
B.Tech,CSE,2,7.81,68,5.2,3.5,7.1,6.1,87,89,2,5,3,4,71,65,74,63,58,69,79,2,68,80,Government Job,Data Scientist,59.4,Average,73.1,67.2,Tech
B.Tech,AI&DS,1,7.55,76,5.4,3.6,8.9,4.5,96,92,0,6,5,5,90,48,70,70,48,69,66,1,78,87,Higher Studies,UI/UX Designer,72.7,Average,76.2,76.8,Tech
B.Tech,IT,2,8.99,78,5.9,1.8,7.3,8.1,100,100,0,3,2,4,63,55,66,62,44,60,72,1,71,77,Government Job,Data Engineer,80.2,Good,70.0,61.6,Tech
B.Tech,AI&DS,1,8.08,66,5.7,3.4,7.1,3.8,100,94,2,7,6,6,74,67,78,66,74,69,75,2,88,90,Higher Studies,Full Stack Developer,61.1,Average,82.7,85.8,Tech
BCA,General,2,7.35,74,6.0,1.5,6.4,7.0,93,90,0,4,1,3,44,44,62,83,46,74,71,2,69,79,Higher Studies,Backend Developer,72.5,Average,65.1,50.7,Tech
B.Tech,CSE,2,8.49,92,6.3,3.4,6.8,4.6,100,100,0,7,6,4,76,82,76,71,82,85,65,2,95,80,Startup,Product Manager,85.6,Good,90.5,82.3,Tech
Law,Corporate,4,8.6,79,5.8,2.0,6.9,7.7,98,96,1,4,3,4,68,55,61,58,61,68,86,0,64,74,Research,Product Manager,76.1,Good,54.5,29.8,Law
B.Com,General,2,7.83,88,5.5,3.9,6.6,7.2,88,81,0,2,2,4,49,88,82,66,51,75,49,1,52,81,Higher Studies,Data Analyst,70.8,Average,60.2,45.3,Commerce
BCA,General,2,7.69,87,3.7,2.3,6.4,2.2,92,99,0,2,2,5,59,95,56,61,73,79,71,0,41,71,Placement,Business Analyst,74.2,Average,56.5,41.0,Tech
BCA,General,1,8.08,81,6.6,1.7,8.4,4.3,93,97,0,4,3,4,71,63,65,57,64,58,55,0,48,79,Placement,Business Analyst,80.8,Good,49.9,57.6,Tech
BCA,General,2,7.15,85,3.7,4.0,6.8,5.0,93,87,1,8,3,4,74,55,75,68,51,67,73,1,75,81,Placement,QA Engineer,64.8,Average,74.8,58.2,Tech
BCA,General,1,6.92,73,3.8,1.6,7.0,5.7,83,78,2,3,2,1,52,45,44,38,46,55,57,1,70,66,Higher Studies,Cybersecurity Analyst,47.7,At Risk,50.4,53.0,Tech
BBA,Marketing,4,7.13,71,3.8,2.4,6.3,5.2,81,76,2,3,3,4,56,36,64,47,58,72,63,0,49,76,Government Job,Business Analyst,53.5,At Risk,52.6,59.7,Management
B.Tech,ECE,1,7.99,66,4.8,4.2,6.3,8.5,87,90,1,6,6,5,82,53,84,73,76,63,70,2,74,75,Placement,Full Stack Developer,66.7,Average,79.9,62.5,Tech
B.Tech,CSE,3,8.16,83,4.6,0.8,5.4,6.8,93,93,0,3,1,5,35,49,75,61,39,73,67,1,61,73,Startup,Data Engineer,75.8,Good,61.4,67.3,Tech
B.Tech,ECE,4,7.28,84,4.6,4.2,7.6,4.7,97,92,1,7,4,5,100,66,61,57,74,43,57,1,68,76,Placement,Software Engineer,71.0,Average,78.5,53.7,Tech
Law,Corporate,4,8.34,85,4.5,2.4,6.6,5.8,91,95,3,3,2,4,64,73,69,54,56,82,69,1,58,72,Government Job,Business Analyst,56.8,Average,52.0,64.4,Law
BBA,HR,3,8.32,72,5.2,1.5,7.8,6.0,100,91,0,4,2,5,52,54,53,44,91,55,65,0,49,78,Placement,Data Analyst,79.3,Good,53.2,39.3,Management
B.Com,Hons,1,7.56,63,4.0,2.4,7.3,5.6,86,80,4,1,2,3,66,49,50,57,37,72,65,0,39,72,Startup,Product Manager,38.5,At Risk,37.4,29.6,Commerce
B.Tech,ECE,4,7.94,59,5.2,3.0,6.2,9.8,89,90,0,5,3,5,90,55,71,80,49,62,82,2,78,96,Startup,UI/UX Designer,69.3,Average,84.6,75.7,Tech
B.Tech,CSE,2,8.02,79,4.9,4.3,5.9,6.6,92,90,1,7,5,7,93,74,71,55,79,79,73,2,86,87,Startup,DevOps Engineer,69.0,Average,92.4,91.2,Tech
BCA,General,2,7.72,81,5.4,3.5,7.5,6.6,97,88,1,6,2,4,66,60,84,49,63,47,55,1,74,70,Placement,Data Engineer,70.1,Average,72.2,41.9,Tech
B.Tech,ECE,4,8.23,75,5.9,3.2,6.8,5.7,100,92,0,5,3,5,84,47,81,51,52,52,64,1,64,66,Research,Frontend Developer,80.1,Good,70.0,70.1,Tech
BBA,Marketing,1,8.73,92,6.4,4.6,6.6,6.3,100,100,0,8,6,7,92,46,82,73,74,61,60,2,85,86,Placement,Product Manager,90.0,Good,91.5,86.0,Management
B.Tech,AI&DS,3,6.47,60,2.6,1.7,6.8,5.6,72,79,2,0,0,3,60,36,56,48,33,48,62,0,42,85,Placement,Business Analyst,40.9,At Risk,45.4,50.8,Tech
BBA,HR,3,7.38,71,4.2,1.9,7.3,5.4,85,81,1,4,2,2,69,47,86,65,54,63,63,1,65,73,Government Job,UI/UX Designer,62.9,Average,63.2,40.7,Management
B.Com,General,3,7.2,72,4.5,2.8,6.4,5.5,92,89,1,4,2,5,81,61,58,54,49,65,55,0,72,73,Placement,Business Analyst,66.8,Average,60.6,43.0,Commerce
Law,Criminal,1,7.08,69,4.4,0.2,8.1,3.2,84,79,1,2,0,0,54,63,50,42,36,61,62,0,42,66,Placement,Business Analyst,57.1,Average,41.7,44.1,Law
B.Tech,AI&DS,4,7.86,99,5.4,3.9,7.4,6.3,93,99,0,6,3,7,76,61,82,59,47,70,73,1,78,92,Placement,Data Scientist,83.5,Good,75.2,44.0,Tech
Law,Criminal,2,7.56,83,4.9,2.8,7.3,7.3,89,90,2,5,3,4,46,77,81,63,53,56,59,1,68,77,Placement,Cybersecurity Analyst,59.8,Average,51.0,62.9,Law
B.Com,Hons,2,9.73,94,8.0,2.3,7.7,2.9,100,100,0,5,3,7,71,77,59,62,35,60,74,1,55,72,Research,Data Analyst,93.1,Excellent,69.2,75.4,Commerce
B.Tech,CSE,4,7.15,65,3.4,1.9,6.1,5.7,87,84,2,0,0,3,39,45,45,49,24,60,64,0,54,58,Placement,UI/UX Designer,52.7,At Risk,33.3,29.1,Tech
BCA,General,4,7.79,80,4.9,3.2,6.9,5.1,90,91,0,6,1,7,81,55,87,63,63,62,56,1,72,77,Freelancing,Backend Developer,74.5,Average,79.9,52.5,Tech
BBA,HR,2,7.46,74,4.9,1.5,7.4,6.7,90,88,1,1,2,5,56,63,51,31,47,74,73,1,61,97,Research,Product Manager,65.5,Average,54.7,64.1,Management
BCA,General,2,7.5,76,3.6,1.9,6.7,6.0,88,85,3,5,3,5,78,53,93,61,54,58,60,2,77,86,Government Job,Cloud Engineer,45.5,At Risk,76.4,60.0,Tech
B.Tech,IT,4,8.64,98,7.3,5.4,6.7,3.2,94,100,0,6,4,9,72,54,71,74,77,63,67,1,66,100,Government Job,Cloud Engineer,96.3,Excellent,80.8,76.4,Tech
B.Tech,CSE,2,8.18,87,4.3,3.0,8.3,5.1,97,91,1,6,3,4,62,56,86,72,52,74,64,0,64,76,Research,Data Analyst,70.1,Average,72.0,55.4,Tech
BCA,General,1,7.68,83,4.0,1.8,7.3,7.7,93,90,1,5,2,5,65,30,71,67,20,40,45,0,47,70,Government Job,Cybersecurity Analyst,67.2,Average,46.6,42.4,Tech
B.Tech,IT,2,9.04,65,5.1,3.2,7.3,8.0,100,88,1,6,5,5,69,62,82,81,70,64,65,1,74,89,Startup,Machine Learning Engineer,78.4,Good,77.5,65.9,Tech
B.Com,Hons,3,6.56,61,2.1,2.2,7.1,6.8,84,82,0,3,4,3,62,67,83,75,49,58,48,0,57,58,Placement,Product Manager,53.1,At Risk,50.8,54.4,Commerce
B.Tech,AI&DS,3,7.81,94,4.6,1.6,8.4,2.0,100,98,0,6,0,5,80,43,54,46,43,73,70,1,57,73,Government Job,Product Manager,78.2,Good,54.4,60.9,Tech
B.Tech,AI&DS,2,9.41,73,5.9,3.5,7.3,9.7,100,97,0,7,5,5,61,58,91,82,71,75,67,2,94,95,Freelancing,Cloud Engineer,83.4,Good,87.8,75.5,Tech
B.Tech,AI&DS,1,8.32,80,6.3,4.8,6.2,5.4,100,100,0,10,5,7,100,58,100,79,76,63,88,1,86,91,Placement,QA Engineer,80.8,Good,90.2,88.4,Tech
BCA,General,3,9.33,77,7.1,2.8,6.4,6.6,100,100,0,4,5,5,71,55,91,78,65,58,60,1,72,100,Higher Studies,QA Engineer,84.9,Good,81.0,85.3,Tech
BCA,General,2,8.29,87,4.7,2.2,7.1,6.2,97,91,0,4,1,7,53,78,79,56,55,71,69,1,71,87,Higher Studies,QA Engineer,80.1,Good,70.0,72.0,Tech
B.Tech,IT,2,7.87,84,5.1,1.8,7.1,5.5,98,90,0,4,2,4,69,55,71,62,28,57,62,0,54,60,Research,Product Manager,77.3,Good,48.5,34.1,Tech
B.Tech,IT,2,7.3,69,3.3,4.6,5.4,7.5,88,85,1,5,5,5,90,41,81,76,77,52,55,1,71,78,Higher Studies,Machine Learning Engineer,60.3,Average,72.8,56.8,Tech
B.Tech,ECE,1,7.81,81,4.9,2.1,6.8,2.9,94,98,2,2,2,5,86,56,52,68,65,59,70,1,64,70,Placement,Business Analyst,67.6,Average,56.2,53.7,Tech
B.Tech,ECE,1,6.99,76,3.6,4.5,6.4,6.0,93,91,0,8,5,6,80,59,75,71,69,54,38,1,84,90,Startup,Software Engineer,72.5,Average,85.0,76.3,Tech
BBA,Marketing,2,6.29,48,1.0,0.4,6.9,5.9,70,68,2,0,1,0,52,46,41,46,55,65,58,0,35,57,Higher Studies,Business Analyst,32.1,At Risk,23.0,49.2,Management
B.Tech,CSE,1,7.03,73,5.3,2.5,7.0,7.2,83,82,1,3,4,5,65,31,75,53,54,66,43,0,61,83,Government Job,Cloud Engineer,57.8,Average,60.6,51.3,Tech
B.Tech,IT,3,7.7,78,5.7,1.4,6.0,3.0,96,98,0,4,2,1,56,58,61,64,31,52,62,0,65,58,Government Job,Data Analyst,75.1,Good,50.9,62.9,Tech
B.Com,General,1,8.63,77,5.1,3.4,8.4,6.3,90,98,1,5,2,2,54,41,71,69,42,68,74,0,56,77,Higher Studies,Data Analyst,74.1,Average,58.5,37.6,Commerce
BCA,General,2,7.19,56,4.4,0.8,5.2,9.7,81,79,3,1,0,2,38,31,54,36,46,55,56,0,35,78,Research,Cloud Engineer,44.7,At Risk,27.1,43.5,Tech
B.Tech,IT,4,7.15,63,3.7,3.2,8.4,4.5,80,83,3,4,3,4,74,50,85,62,48,61,58,2,66,80,Higher Studies,Product Manager,44.7,At Risk,62.9,56.6,Tech
B.Tech,ECE,2,7.6,76,2.0,3.0,6.8,7.0,90,91,0,5,5,5,80,49,70,64,61,74,64,1,76,100,Placement,Product Manager,69.2,Average,80.5,67.4,Tech
BCA,General,4,7.15,80,4.3,4.3,9.0,5.1,87,86,0,3,1,4,70,51,59,54,67,56,47,0,49,67,Placement,Data Engineer,68.1,Average,45.0,60.7,Tech
B.Tech,CSE,1,7.25,72,3.7,3.3,6.6,6.8,80,82,2,4,4,4,71,49,64,80,43,80,59,1,75,70,Startup,Frontend Developer,53.6,At Risk,64.4,57.7,Tech
B.Tech,ECE,3,7.77,66,4.3,3.1,7.5,5.1,97,85,0,7,3,6,86,64,75,53,72,87,59,2,100,81,Placement,Full Stack Developer,70.6,Average,90.8,77.3,Tech
BBA,HR,1,7.29,74,3.7,1.2,7.0,5.5,86,82,3,3,4,2,47,68,62,57,47,60,79,0,56,79,Research,Product Manager,47.7,At Risk,47.1,67.8,Management
BBA,Finance,4,8.22,86,5.4,4.3,6.4,7.3,92,92,0,7,5,3,77,71,77,75,56,69,76,2,76,100,Freelancing,Business Analyst,80.1,Good,88.9,74.1,Management
B.Tech,ECE,4,8.55,81,5.2,3.4,5.4,6.8,95,94,0,9,5,6,95,66,93,69,60,72,67,2,95,84,Research,Data Scientist,85.3,Good,94.2,62.4,Tech
BCA,General,3,5.98,56,1.2,1.6,6.3,5.6,73,70,1,2,1,1,34,54,46,75,25,67,57,0,52,50,Placement,Data Engineer,42.5,At Risk,33.0,30.6,Tech
B.Tech,IT,1,7.39,63,3.3,0.0,6.9,5.6,91,82,3,1,0,1,34,42,64,53,38,54,55,0,35,56,Government Job,QA Engineer,42.0,At Risk,29.0,32.7,Tech
B.Com,General,3,6.74,89,4.2,1.9,7.8,3.9,89,91,1,2,0,5,70,76,46,53,52,80,56,1,63,78,Government Job,Business Analyst,61.0,Average,53.3,55.2,Commerce
BCA,General,4,6.39,51,2.0,2.1,7.5,5.8,73,77,4,0,2,2,40,29,61,48,44,33,42,1,35,63,Government Job,Cybersecurity Analyst,27.7,At Risk,24.3,42.5,Tech
B.Tech,AI&DS,3,8.08,82,4.8,1.5,7.6,4.9,92,90,0,3,1,1,40,51,86,42,43,58,70,0,35,58,Government Job,Cybersecurity Analyst,74.6,Average,43.4,24.8,Tech
B.Tech,IT,3,7.23,56,3.3,2.4,6.9,7.4,86,79,1,4,4,4,64,62,59,45,70,52,68,0,70,61,Government Job,Backend Developer,57.1,Average,52.1,41.0,Tech
BBA,Finance,2,7.66,70,3.7,1.8,7.7,7.0,85,78,0,3,2,6,78,24,57,72,55,67,75,0,55,72,Freelancing,Product Manager,66.8,Average,51.6,36.7,Management
BBA,Marketing,3,8.58,54,3.0,1.5,7.0,8.3,90,89,1,2,2,0,55,33,57,58,56,50,69,0,38,57,Research,Data Analyst,67.4,Average,42.9,40.6,Management
B.Tech,AI&DS,1,7.96,68,3.6,2.4,7.9,8.2,95,87,0,6,3,4,68,51,68,64,80,52,82,0,72,72,Research,Cybersecurity Analyst,72.0,Average,61.5,60.7,Tech
B.Tech,IT,2,7.88,83,5.6,2.4,8.6,6.4,97,92,0,4,4,5,95,64,53,62,55,82,58,1,66,60,Higher Studies,AI Engineer,78.2,Good,66.6,58.3,Tech
B.Tech,ECE,2,8.47,83,5.4,3.7,7.2,6.4,99,98,0,4,4,4,72,64,48,55,59,70,68,0,78,63,Government Job,AI Engineer,85.2,Good,60.3,63.1,Tech
B.Tech,IT,1,8.23,70,4.4,1.2,7.1,7.9,91,95,1,2,1,1,58,68,73,50,37,74,66,0,50,67,Startup,Cybersecurity Analyst,65.2,Average,51.7,47.3,Tech
BCA,General,2,8.25,70,5.0,2.6,7.6,9.4,95,88,1,4,2,4,72,39,62,60,44,66,73,0,40,68,Placement,Software Engineer,67.6,Average,47.0,48.8,Tech
B.Tech,ECE,4,7.33,58,4.7,5.1,6.7,7.9,82,75,3,8,6,7,90,47,75,69,63,75,80,2,100,83,Freelancing,Data Scientist,42.7,At Risk,92.1,93.9,Tech
BCA,General,1,7.07,78,2.1,3.1,7.2,5.6,83,82,1,5,4,3,63,83,82,69,67,65,55,1,64,82,Placement,Cybersecurity Analyst,61.7,Average,68.3,69.7,Tech
B.Tech,AI&DS,2,8.76,59,6.0,4.3,5.8,6.2,95,90,1,8,5,7,83,48,95,99,64,66,69,2,95,99,Startup,AI Engineer,74.4,Average,86.6,70.8,Tech
B.Com,Hons,2,8.14,70,5.4,1.8,6.7,4.5,91,97,1,3,2,2,57,67,80,47,66,44,65,0,62,71,Startup,Product Manager,70.8,Average,69.1,48.7,Commerce
B.Tech,IT,1,7.21,72,3.5,2.2,7.4,6.7,82,89,2,7,4,6,64,44,56,50,50,45,46,1,62,80,Higher Studies,Data Engineer,53.5,At Risk,62.5,71.4,Tech
BCA,General,1,7.75,62,3.5,2.5,7.0,4.5,98,94,1,4,5,4,51,52,85,63,74,68,53,2,73,92,Placement,Business Analyst,64.6,Average,78.3,69.1,Tech
BBA,Finance,2,8.39,65,4.6,4.8,5.9,6.3,97,93,0,8,5,5,71,45,88,71,60,71,68,1,86,92,Government Job,Data Analyst,76.8,Good,85.0,62.5,Management
B.Tech,ECE,2,7.66,73,5.1,3.5,6.0,4.2,87,92,2,4,4,4,81,24,64,77,41,58,45,0,52,80,Higher Studies,Machine Learning Engineer,62.3,Average,54.1,58.4,Tech
Law,Criminal,2,8.26,67,4.0,3.4,6.5,7.4,100,91,0,6,5,5,78,45,74,84,69,80,76,2,91,91,Placement,Business Analyst,76.1,Good,92.2,58.9,Law
B.Com,General,2,6.97,74,4.6,0.4,6.8,6.9,83,82,2,2,1,3,54,27,54,50,20,51,54,0,53,66,Placement,Business Analyst,54.2,At Risk,30.2,42.1,Commerce
B.Com,Hons,1,7.78,99,5.3,5.6,7.4,4.1,97,90,0,8,4,8,98,100,93,69,47,77,92,2,100,86,Startup,Product Manager,81.7,Good,97.9,71.1,Commerce
BCA,General,3,7.36,69,3.3,0.7,5.9,7.7,83,74,0,3,2,2,39,52,67,57,54,39,57,0,42,72,Research,UI/UX Designer,61.6,Average,40.5,48.2,Tech
BCA,General,4,7.78,83,3.0,5.2,4.9,7.0,94,89,0,7,5,5,61,38,79,67,70,47,59,1,71,96,Placement,Data Engineer,74.8,Average,82.7,91.9,Tech
BCA,General,2,7.51,67,3.7,1.9,6.4,7.1,88,91,1,2,1,2,37,53,77,51,44,61,62,0,52,57,Higher Studies,Full Stack Developer,61.7,Average,47.0,49.7,Tech
BCA,General,2,8.03,55,4.8,1.7,6.5,9.6,85,84,2,2,2,4,45,2,76,58,51,48,66,0,49,78,Startup,DevOps Engineer,55.8,Average,45.4,37.5,Tech
Law,Corporate,3,7.94,75,4.7,3.1,8.3,4.3,91,98,2,6,3,3,85,63,65,49,51,81,83,2,100,63,Startup,Business Analyst,67.9,Average,78.2,46.7,Law
BCA,General,2,8.44,80,5.6,3.7,6.5,5.9,99,87,0,6,6,5,77,69,90,78,84,75,71,1,87,84,Startup,Backend Developer,86.8,Good,85.5,73.6,Tech
B.Tech,CSE,1,7.71,90,5.1,4.4,7.3,3.1,91,90,0,7,6,7,88,93,66,79,69,71,64,2,72,94,Placement,QA Engineer,73.8,Average,77.9,68.4,Tech
Law,Criminal,3,8.61,79,6.7,5.6,7.7,7.3,100,100,0,8,6,7,96,66,98,76,78,96,97,3,100,97,Startup,Product Manager,87.7,Good,96.5,65.2,Law
BCA,General,2,8.31,54,5.1,1.8,7.3,10.1,86,88,0,4,4,5,74,75,78,61,42,67,56,1,80,86,Freelancing,Business Analyst,72.6,Average,76.7,61.3,Tech
B.Tech,ECE,1,7.04,74,5.7,0.8,7.6,5.6,89,92,1,0,1,3,29,51,45,49,33,62,59,0,35,66,Placement,UI/UX Designer,59.1,Average,28.6,40.5,Tech
B.Tech,ECE,2,6.15,81,3.4,2.7,6.2,2.1,86,90,1,4,1,4,65,96,57,72,42,69,72,0,58,51,Placement,Product Manager,53.5,At Risk,46.3,36.0,Tech
B.Com,Hons,4,6.5,68,1.7,0.9,7.0,6.4,73,70,4,1,2,3,62,55,54,56,57,67,54,1,54,66,Startup,Business Analyst,26.0,At Risk,49.0,46.7,Commerce
B.Tech,ECE,1,7.68,64,4.7,3.1,7.6,6.5,86,81,0,5,3,5,87,67,69,60,56,54,53,0,60,69,Placement,QA Engineer,61.5,Average,58.2,59.3,Tech
BBA,HR,4,7.95,71,5.3,2.4,7.4,7.7,100,96,0,4,2,3,56,51,69,54,50,78,86,1,46,69,Placement,Business Analyst,78.7,Good,58.4,44.6,Management
B.Tech,AI&DS,3,7.35,71,3.2,3.0,6.5,6.3,92,86,0,5,5,5,96,47,52,38,75,56,57,1,69,71,Startup,Cloud Engineer,67.7,Average,70.0,76.4,Tech
Law,Criminal,4,7.14,73,3.4,2.7,6.2,6.1,80,84,0,2,2,4,52,51,57,56,39,58,66,0,55,77,Government Job,Cybersecurity Analyst,63.3,Average,34.3,32.8,Law
BCA,General,3,8.12,78,4.2,3.0,7.9,6.9,94,90,0,5,4,5,68,77,71,64,62,82,82,3,95,87,Placement,Data Engineer,76.5,Good,88.0,65.1,Tech
Law,Criminal,3,7.33,84,5.8,2.4,8.2,3.3,89,93,1,5,3,7,62,86,56,46,50,72,75,1,67,76,Government Job,Business Analyst,67.1,Average,60.4,67.3,Law
Law,Criminal,4,6.82,79,4.6,0.0,7.4,6.0,88,84,0,0,0,0,33,81,39,54,38,61,78,1,35,76,Higher Studies,Business Analyst,69.3,Average,20.0,30.1,Law
B.Tech,AI&DS,1,9.44,88,7.7,5.5,6.7,8.1,100,100,0,8,6,5,89,38,100,99,64,45,54,1,75,100,Placement,AI Engineer,95.3,Excellent,90.2,63.9,Tech
BBA,HR,1,8.72,84,6.7,4.3,6.4,8.0,90,95,0,5,4,6,76,56,90,86,78,65,80,2,90,79,Freelancing,Business Analyst,86.4,Good,87.8,61.1,Management
BBA,Marketing,3,8.87,85,6.4,1.6,8.2,8.8,100,91,1,3,1,2,41,88,62,51,50,83,85,0,56,48,Higher Studies,Business Analyst,77.7,Good,47.4,50.4,Management
Law,Corporate,2,8.39,89,6.5,4.3,7.8,4.1,100,98,0,8,2,6,94,64,68,68,62,73,82,2,87,92,Government Job,Product Manager,86.8,Good,85.7,61.2,Law
BBA,Finance,2,7.72,79,3.7,4.6,8.5,6.2,90,85,0,5,4,6,82,54,82,65,47,60,52,0,52,86,Placement,Data Analyst,71.8,Average,62.8,50.2,Management
BBA,HR,2,7.6,80,5.2,2.7,7.1,7.4,96,98,3,3,2,2,72,74,62,72,44,80,77,1,47,73,Higher Studies,Business Analyst,57.6,Average,44.6,29.0,Management
BBA,Marketing,4,7.28,59,4.9,1.7,6.9,9.2,80,82,1,3,2,3,61,43,63,62,30,66,51,1,76,59,Placement,UI/UX Designer,53.7,At Risk,51.3,37.6,Management
BCA,General,3,7.09,88,5.8,3.8,7.1,2.9,100,89,0,5,3,7,80,43,71,55,56,53,63,1,72,90,Placement,Cloud Engineer,72.3,Average,71.7,60.0,Tech
B.Tech,ECE,3,8.55,99,8.0,3.2,7.2,5.1,100,100,0,6,1,5,86,64,87,87,71,70,89,1,76,84,Government Job,Software Engineer,90.8,Excellent,81.8,51.0,Tech
BBA,Finance,1,8.32,78,5.6,1.0,7.8,7.0,98,88,1,4,3,2,73,61,68,42,71,55,58,1,46,67,Higher Studies,UI/UX Designer,73.8,Average,55.5,44.6,Management
B.Com,General,2,8.47,97,6.3,3.6,8.0,5.8,100,95,0,5,3,5,61,68,64,71,60,78,76,2,88,80,Higher Studies,Data Analyst,87.8,Good,82.3,79.3,Commerce
B.Tech,IT,2,6.89,58,2.3,0.0,6.8,6.1,84,85,1,0,2,0,23,50,43,51,43,50,48,0,35,50,Higher Studies,Data Engineer,49.9,At Risk,23.0,37.0,Tech
BCA,General,4,7.41,76,3.6,3.9,7.5,5.5,84,84,1,8,4,5,79,46,86,77,41,45,42,2,74,85,Placement,Full Stack Developer,62.6,Average,83.0,80.0,Tech
B.Tech,ECE,1,8.08,72,6.2,2.6,7.6,5.4,97,96,0,6,1,4,79,70,85,73,58,54,69,1,77,81,Higher Studies,Machine Learning Engineer,71.9,Average,76.5,52.7,Tech
B.Com,General,2,8.8,100,7.2,5.3,7.6,6.1,100,100,0,10,6,9,100,61,95,91,85,65,82,2,98,96,Research,Data Analyst,94.7,Excellent,98.0,84.1,Commerce
BBA,HR,3,7.78,81,5.5,1.5,7.1,4.8,100,98,1,3,2,2,66,92,49,52,58,85,88,1,61,59,Higher Studies,Product Manager,71.6,Average,53.7,47.0,Management
B.Tech,ECE,3,7.64,68,3.3,2.9,6.0,7.0,81,84,0,6,5,2,80,38,72,68,64,70,75,1,63,89,Placement,Backend Developer,66.9,Average,71.0,71.0,Tech
BCA,General,3,7.26,57,1.0,2.6,5.9,7.7,73,73,4,4,3,1,49,43,72,60,51,65,63,1,62,55,Freelancing,Cybersecurity Analyst,34.4,At Risk,45.0,38.0,Tech
B.Tech,ECE,2,6.51,59,1.8,3.7,6.5,5.8,78,76,2,5,2,5,74,34,68,66,53,58,50,1,61,78,Placement,Cybersecurity Analyst,41.0,At Risk,56.0,57.2,Tech
BCA,General,1,8.57,84,4.3,4.0,9.0,5.3,100,100,1,4,3,4,100,43,62,48,39,46,63,0,45,83,Freelancing,Data Engineer,81.1,Good,53.3,61.4,Tech
Law,Criminal,1,8.04,74,5.2,1.7,5.2,5.3,90,84,2,3,1,4,45,51,64,56,39,70,65,0,61,81,Placement,Business Analyst,59.7,Average,45.8,48.8,Law
BBA,Finance,3,7.89,52,4.5,2.3,6.6,7.8,86,83,2,3,5,2,55,43,73,73,57,76,57,1,63,84,Higher Studies,Data Analyst,55.9,Average,72.0,63.9,Management
B.Tech,IT,2,7.46,67,2.4,3.3,7.3,7.6,77,84,3,7,5,6,69,47,86,66,72,55,75,2,91,95,Placement,Software Engineer,44.5,At Risk,86.0,71.1,Tech
B.Tech,AI&DS,2,7.35,88,5.7,4.1,5.9,6.7,91,99,0,5,4,8,75,50,88,62,67,67,65,1,83,85,Higher Studies,Business Analyst,76.9,Good,76.7,42.8,Tech
BBA,Finance,4,8.7,82,6.8,2.8,7.9,4.8,100,100,0,5,3,3,65,90,66,70,52,89,75,2,82,80,Higher Studies,Business Analyst,90.0,Good,84.0,59.2,Management
BBA,Marketing,2,7.26,93,4.7,3.5,6.7,4.5,95,91,1,4,1,5,39,53,68,68,37,74,63,1,60,71,Government Job,UI/UX Designer,66.9,Average,51.8,44.1,Management
BCA,General,1,6.66,74,2.5,1.2,6.3,6.0,72,71,0,3,0,5,68,97,42,47,44,70,46,1,49,55,Government Job,UI/UX Designer,52.6,At Risk,31.7,54.5,Tech
B.Tech,CSE,3,7.59,70,5.0,3.1,7.0,5.2,88,86,2,5,4,3,78,74,78,67,59,59,60,1,72,79,Placement,DevOps Engineer,57.0,Average,70.0,63.4,Tech
BBA,Marketing,3,8.77,85,6.8,3.5,7.3,6.2,100,100,0,3,4,4,51,44,79,66,55,69,87,1,58,82,Research,Data Analyst,88.6,Good,63.7,46.7,Management
BCA,General,3,6.91,67,4.1,2.2,7.0,4.5,78,82,2,3,1,4,69,31,63,50,48,45,61,0,37,84,Government Job,QA Engineer,55.1,Average,45.0,56.6,Tech
BBA,Finance,3,6.73,76,2.9,2.8,7.0,6.1,88,84,1,3,3,4,70,87,62,57,49,88,82,2,75,86,Placement,Product Manager,55.5,Average,70.5,69.0,Management
BBA,Marketing,1,7.5,82,3.9,2.6,5.9,5.7,89,86,0,3,3,4,61,29,56,68,65,63,69,0,57,81,Government Job,Product Manager,65.3,Average,58.7,35.7,Management
B.Tech,CSE,2,7.19,71,2.2,2.7,7.6,7.1,91,90,1,4,4,4,74,50,79,70,81,53,73,0,60,83,Freelancing,AI Engineer,58.8,Average,72.4,73.8,Tech
BBA,Marketing,1,6.31,70,3.9,2.3,7.3,6.4,84,86,1,1,1,1,49,64,52,56,46,78,69,1,41,60,Government Job,UI/UX Designer,49.0,At Risk,31.1,45.6,Management
B.Tech,CSE,1,6.56,60,3.4,1.1,6.5,6.1,80,85,3,2,4,4,46,46,59,58,48,65,67,0,67,65,Higher Studies,Cloud Engineer,37.0,At Risk,40.4,80.5,Tech
BCA,General,3,8.33,71,3.4,2.9,7.0,8.0,97,93,2,6,2,5,81,72,91,59,75,66,64,1,84,91,Higher Studies,UI/UX Designer,65.2,Average,74.5,77.7,Tech
B.Tech,AI&DS,4,7.28,74,3.6,1.5,6.4,8.6,84,81,4,3,2,2,50,30,50,64,53,81,75,1,64,81,Higher Studies,Product Manager,37.9,At Risk,59.4,41.0,Tech
BBA,Marketing,4,7.47,67,3.0,2.3,6.0,7.6,83,91,0,3,3,5,76,58,75,53,63,57,45,1,43,79,Research,Business Analyst,64.6,Average,54.7,64.2,Management
B.Tech,IT,1,6.6,73,3.0,1.9,6.2,6.4,79,78,3,4,4,4,62,50,61,58,64,84,54,1,62,70,Placement,Data Engineer,34.9,At Risk,56.1,60.0,Tech
B.Tech,ECE,2,7.74,78,5.4,3.1,7.3,4.4,96,96,0,7,4,8,84,68,73,65,63,79,65,1,74,95,Government Job,Business Analyst,77.1,Good,84.4,67.0,Tech
B.Tech,CSE,4,8.39,80,4.9,2.0,6.3,4.1,87,87,0,4,2,4,55,32,72,51,60,38,50,0,61,83,Placement,Cybersecurity Analyst,74.2,Average,62.7,58.5,Tech
B.Tech,CSE,4,6.88,78,2.3,2.7,6.4,7.0,83,82,0,6,3,6,77,49,76,73,62,41,45,1,73,86,Freelancing,Cybersecurity Analyst,64.9,Average,71.5,69.9,Tech
B.Com,Hons,1,6.36,62,2.8,1.4,6.3,6.1,83,77,2,3,2,2,58,51,66,39,51,61,65,0,51,72,Placement,Product Manager,44.9,At Risk,31.5,37.1,Commerce
B.Tech,ECE,2,8.83,95,6.6,4.0,6.4,7.1,100,100,0,9,5,9,89,55,100,70,73,70,82,1,92,100,Placement,Full Stack Developer,88.1,Good,94.7,67.6,Tech
BBA,HR,3,7.72,72,3.3,5.7,7.9,4.3,94,88,0,6,6,9,100,72,80,68,79,81,66,3,87,94,Placement,UI/UX Designer,72.4,Average,92.3,85.2,Management
BCA,General,1,7.59,95,6.2,3.8,7.2,6.0,98,93,0,7,3,6,72,61,68,77,55,77,61,1,80,86,Placement,QA Engineer,79.8,Good,77.4,71.6,Tech
B.Com,General,1,7.46,66,4.6,1.1,6.7,6.2,87,83,0,1,0,0,43,23,38,53,25,69,68,0,35,54,Placement,Data Analyst,67.6,Average,30.9,22.5,Commerce
B.Com,Hons,1,8.24,75,5.6,2.3,7.9,4.8,98,100,0,2,0,3,61,41,63,72,58,71,75,0,58,68,Placement,Business Analyst,76.1,Good,50.8,60.9,Commerce
BCA,General,2,8.07,90,5.5,4.5,7.2,4.3,99,97,0,6,4,8,70,67,77,44,75,77,65,1,80,85,Higher Studies,Data Engineer,82.8,Good,82.0,67.3,Tech
B.Com,Hons,3,6.95,69,3.8,1.5,7.9,6.1,78,80,3,2,3,3,63,68,68,65,41,87,59,1,67,65,Placement,Business Analyst,46.4,At Risk,46.8,71.4,Commerce
B.Tech,IT,3,6.99,91,5.7,3.8,7.1,4.6,90,88,1,5,2,5,57,39,62,52,44,60,61,1,76,72,Government Job,Cloud Engineer,65.4,Average,76.4,79.4,Tech
BCA,General,3,8.61,60,4.7,2.4,6.3,5.1,95,90,1,3,5,2,76,40,92,74,63,66,76,1,68,81,Higher Studies,Business Analyst,71.2,Average,70.6,60.9,Tech
B.Tech,CSE,3,7.92,79,4.1,4.1,6.2,5.2,93,99,2,5,4,7,74,57,68,58,43,53,41,1,64,90,Research,Cybersecurity Analyst,65.6,Average,70.0,72.1,Tech
B.Tech,ECE,2,8.43,85,5.4,2.4,7.3,6.2,100,97,0,4,1,4,74,54,88,61,36,47,60,0,52,68,Higher Studies,Backend Developer,80.2,Good,55.2,39.0,Tech
B.Tech,CSE,3,6.54,84,1.9,2.2,7.6,6.3,81,74,4,5,4,3,57,64,72,45,51,67,58,1,80,86,Freelancing,UI/UX Designer,36.6,At Risk,59.8,63.4,Tech
B.Com,Hons,3,7.75,88,4.7,2.1,7.2,5.6,94,89,0,4,1,3,61,48,47,65,56,66,56,0,51,72,Placement,Business Analyst,76.0,Good,58.2,28.3,Commerce
BBA,Finance,3,7.84,68,3.2,1.9,7.1,5.7,88,89,2,3,3,1,38,52,66,56,62,54,65,1,59,69,Higher Studies,Product Manager,58.0,Average,51.0,38.0,Management
B.Tech,ECE,4,7.03,65,2.2,3.4,7.0,9.0,81,83,1,5,3,5,95,32,86,57,67,61,58,1,78,72,Freelancing,Frontend Developer,56.8,Average,65.8,60.6,Tech
B.Tech,IT,1,6.19,74,4.7,3.6,5.8,4.2,80,79,0,3,3,4,73,56,66,74,51,58,62,0,62,75,Government Job,Cloud Engineer,60.0,Average,59.3,61.8,Tech
B.Tech,ECE,1,7.37,72,4.3,1.7,6.7,5.2,84,85,0,6,6,6,57,54,73,47,74,47,50,0,71,87,Government Job,Data Engineer,61.4,Average,71.8,72.3,Tech
B.Tech,IT,2,7.91,62,3.9,4.1,7.3,6.5,88,87,2,8,4,4,74,53,75,58,61,75,63,1,91,81,Placement,Backend Developer,59.8,Average,77.5,80.7,Tech
BCA,General,2,7.79,79,4.2,2.6,7.5,2.6,95,91,1,4,2,4,71,59,60,44,51,49,65,0,55,68,Placement,QA Engineer,67.1,Average,48.6,60.4,Tech
B.Tech,ECE,4,6.8,75,4.8,2.2,6.5,5.2,91,78,1,5,5,4,81,73,70,55,49,51,59,2,75,76,Freelancing,Data Scientist,58.2,Average,64.5,57.9,Tech
B.Tech,IT,2,7.19,65,2.3,0.9,6.7,7.7,82,78,1,3,2,0,55,63,59,53,31,57,52,1,40,57,Higher Studies,DevOps Engineer,51.8,At Risk,31.0,40.8,Tech
Law,Corporate,3,7.33,66,4.1,2.5,6.6,5.5,76,88,0,3,1,0,72,57,66,73,58,78,78,1,62,63,Freelancing,Data Analyst,61.7,Average,65.6,44.6,Law
BCA,General,3,7.5,89,5.1,2.6,7.1,3.9,90,92,0,3,3,4,72,58,57,66,51,51,52,1,50,78,Government Job,Cybersecurity Analyst,76.6,Good,54.0,54.0,Tech
B.Tech,ECE,1,7.19,92,4.4,2.5,7.3,4.1,81,84,2,4,1,5,68,61,70,33,57,82,64,0,69,85,Government Job,Product Manager,56.2,Average,69.3,41.3,Tech
Law,Corporate,1,7.9,73,4.6,0.9,6.8,6.7,87,92,2,3,2,2,56,36,44,63,42,76,71,1,75,73,Placement,Product Manager,59.0,Average,51.0,42.5,Law
BBA,HR,2,8.34,74,4.5,3.4,7.8,4.0,98,89,1,4,3,4,95,64,64,86,72,67,74,1,66,67,Placement,Data Analyst,71.7,Average,72.8,74.3,Management
Law,Corporate,1,7.98,72,4.0,3.7,6.8,5.9,93,86,2,2,3,4,39,50,64,61,71,78,72,0,62,83,Startup,Business Analyst,61.9,Average,50.1,51.7,Law
BBA,Finance,1,6.43,73,3.1,3.0,6.4,8.0,79,81,4,3,2,2,69,35,61,49,20,38,68,1,49,71,Placement,Business Analyst,33.9,At Risk,24.3,32.8,Management
BCA,General,2,8.34,71,5.3,2.9,6.8,7.2,97,97,1,2,2,1,63,71,89,57,68,78,78,0,61,56,Placement,Frontend Developer,67.7,Average,50.3,57.2,Tech
BCA,General,1,6.85,82,4.2,3.4,7.7,6.4,80,88,0,7,5,6,82,49,93,75,60,36,43,0,65,79,Placement,Backend Developer,63.1,Average,76.0,64.3,Tech
B.Tech,IT,3,9.37,75,6.0,5.9,6.5,9.3,100,97,0,9,6,7,67,45,99,89,63,67,61,3,100,100,Freelancing,Full Stack Developer,89.9,Good,98.0,82.3,Tech
BCA,General,3,7.06,69,2.7,3.6,5.9,6.1,87,92,1,7,4,6,80,41,84,94,73,80,61,2,86,82,Startup,Full Stack Developer,61.6,Average,86.8,69.2,Tech
Law,Corporate,2,7.58,82,4.0,3.7,7.4,4.6,93,83,0,6,4,6,76,83,76,66,65,64,72,1,78,100,Placement,Product Manager,75.6,Good,82.4,54.4,Law
BBA,Finance,3,7.58,81,5.9,1.9,7.2,6.5,91,95,1,2,3,4,84,50,66,76,56,75,63,1,64,85,Higher Studies,Data Analyst,66.0,Average,61.5,57.4,Management
Law,Criminal,1,7.96,79,4.3,2.0,7.5,6.6,96,97,0,4,1,3,53,68,55,60,57,71,70,1,62,67,Government Job,Data Analyst,81.8,Good,50.1,49.4,Law
BBA,Finance,3,7.46,79,4.5,2.0,7.8,6.7,94,90,1,3,3,3,45,61,62,60,55,69,73,1,54,55,Placement,Product Manager,66.1,Average,50.5,49.7,Management
B.Tech,IT,4,6.88,69,3.0,3.3,7.2,6.7,77,72,1,4,2,3,75,45,65,59,53,38,48,0,52,79,Higher Studies,DevOps Engineer,53.2,At Risk,55.6,67.1,Tech
B.Tech,AI&DS,4,8.04,73,6.0,3.1,6.2,3.1,90,91,0,7,2,4,73,60,63,62,100,61,81,1,76,80,Freelancing,Frontend Developer,74.4,Average,76.8,64.2,Tech
B.Tech,AI&DS,1,8.51,90,6.2,4.0,6.2,5.7,100,100,0,6,5,5,87,69,85,71,54,65,72,2,88,93,Freelancing,QA Engineer,85.5,Good,85.0,76.9,Tech
BBA,Finance,2,8.25,84,6.8,4.1,6.8,5.6,90,99,0,6,4,8,77,58,97,70,90,83,77,1,74,100,Placement,Data Analyst,85.8,Good,89.1,85.1,Management
B.Tech,AI&DS,3,8.63,75,5.6,3.8,7.0,4.8,99,96,0,8,6,5,85,65,100,80,90,56,78,3,93,97,Startup,Machine Learning Engineer,82.9,Good,97.6,89.3,Tech
B.Tech,AI&DS,3,6.9,67,3.0,2.8,7.1,5.3,73,80,1,6,4,6,48,48,59,68,51,55,40,0,65,73,Placement,Backend Developer,52.0,At Risk,61.3,35.0,Tech
B.Tech,IT,2,7.82,78,4.3,2.3,6.2,8.0,90,91,1,4,4,3,80,55,60,77,64,52,59,0,40,63,Placement,Cybersecurity Analyst,70.3,Average,47.8,46.6,Tech
BCA,General,4,7.03,77,2.7,2.2,6.0,6.4,91,82,4,6,3,6,53,48,74,59,57,75,50,0,63,100,Startup,QA Engineer,45.3,At Risk,63.3,49.6,Tech
B.Tech,CSE,4,7.56,55,3.3,2.5,6.3,8.3,82,76,2,6,5,6,69,46,85,67,56,49,51,2,72,81,Startup,Data Engineer,46.0,At Risk,70.3,56.9,Tech
BBA,Marketing,3,7.65,82,2.9,2.6,5.7,5.8,92,96,1,5,4,4,66,51,69,72,47,53,46,1,72,89,Government Job,Business Analyst,67.2,Average,67.6,70.8,Management
B.Tech,AI&DS,2,8.7,73,6.9,3.4,7.1,4.1,97,100,1,6,4,5,87,39,94,87,68,58,68,1,68,100,Startup,Business Analyst,78.6,Good,73.5,82.8,Tech
BBA,HR,4,7.21,67,5.1,2.3,6.8,5.6,88,83,2,3,3,3,45,50,59,71,51,74,65,1,56,65,Higher Studies,Product Manager,58.3,Average,51.5,56.1,Management
Law,Criminal,2,6.48,68,3.4,0.5,6.0,6.1,85,76,2,2,2,2,54,51,50,62,35,58,65,0,51,71,Placement,Data Analyst,50.6,At Risk,37.5,15.8,Law
BBA,Marketing,2,6.38,73,2.5,2.4,7.2,4.9,82,86,1,2,2,3,69,40,75,62,49,54,61,0,40,67,Government Job,UI/UX Designer,52.5,At Risk,39.7,37.2,Management
B.Tech,AI&DS,1,7.87,83,5.1,3.0,6.4,3.4,98,96,0,6,3,4,73,38,65,80,52,31,52,0,43,68,Research,Software Engineer,79.6,Good,63.4,47.9,Tech
B.Com,Hons,4,8.35,95,6.6,4.7,7.1,2.5,100,90,0,8,3,5,57,63,73,61,51,75,82,1,82,73,Government Job,Product Manager,87.8,Good,84.1,59.3,Commerce
B.Tech,AI&DS,3,7.91,81,5.1,2.1,7.3,6.0,91,88,0,4,2,3,49,48,55,66,44,68,72,0,62,66,Research,Cloud Engineer,77.5,Good,61.8,71.9,Tech
BBA,Finance,1,8.2,79,6.7,4.3,6.3,5.5,100,99,0,6,2,6,85,76,100,57,82,74,76,1,76,96,Placement,Data Analyst,82.6,Good,82.9,72.0,Management
BBA,HR,1,8.13,86,5.8,1.4,8.0,5.0,100,100,0,2,2,5,52,46,59,53,51,56,66,0,51,77,Government Job,UI/UX Designer,83.9,Good,46.1,55.1,Management
B.Tech,IT,4,7.92,81,5.1,3.4,8.0,4.2,100,87,0,3,2,4,64,53,59,46,39,44,60,0,58,66,Research,Cybersecurity Analyst,75.8,Good,48.7,50.0,Tech
B.Tech,ECE,1,7.85,84,5.8,3.0,6.8,6.5,97,92,0,7,6,5,69,61,69,61,66,65,68,2,78,83,Government Job,Full Stack Developer,71.5,Average,84.4,81.2,Tech
B.Tech,IT,3,7.17,62,3.5,3.4,7.6,5.8,89,86,4,7,6,6,63,54,81,72,81,48,50,1,66,79,Research,Backend Developer,37.6,At Risk,78.0,63.4,Tech
B.Com,Hons,3,7.58,78,5.8,2.5,4.8,5.1,91,82,2,4,3,6,71,62,78,55,79,64,78,2,77,84,Placement,Product Manager,60.0,Average,70.7,48.7,Commerce
B.Tech,ECE,2,6.54,73,2.7,3.3,6.6,3.7,75,81,2,4,2,6,66,62,65,43,47,72,64,1,73,78,Placement,Full Stack Developer,47.7,At Risk,59.1,59.6,Tech
BCA,General,3,8.62,73,5.4,4.6,5.5,6.2,100,96,0,8,6,7,72,70,89,77,74,51,53,1,77,94,Higher Studies,QA Engineer,78.0,Good,79.9,61.6,Tech
B.Tech,CSE,2,8.36,84,5.3,3.2,6.5,5.6,92,94,0,8,4,8,92,55,85,91,49,80,72,1,85,95,Research,Data Scientist,76.1,Good,90.5,57.8,Tech
BBA,Finance,3,8.0,60,4.2,5.2,7.9,4.2,91,88,1,7,6,9,89,53,99,99,90,75,74,3,96,100,Freelancing,Data Analyst,66.8,Average,95.5,59.4,Management
B.Tech,AI&DS,4,7.97,80,5.2,2.4,5.7,3.0,92,89,0,3,2,5,70,63,53,56,33,74,61,1,76,66,Placement,Product Manager,67.2,Average,62.9,53.2,Tech
B.Tech,ECE,3,7.88,67,4.5,1.2,7.5,5.4,91,93,0,3,1,3,63,47,75,59,74,59,70,0,44,77,Research,Backend Developer,73.3,Average,67.1,50.6,Tech
BCA,General,2,8.14,75,4.9,2.3,7.2,8.0,92,99,0,3,2,2,56,32,67,52,70,62,76,0,59,73,Higher Studies,Data Analyst,80.3,Good,58.6,72.8,Tech
B.Tech,CSE,3,7.84,80,4.8,3.3,5.7,7.9,93,88,1,8,4,6,64,52,75,61,59,53,68,1,75,91,Placement,Software Engineer,61.6,Average,76.2,59.3,Tech
B.Tech,ECE,1,7.36,66,3.4,2.4,7.4,6.7,84,82,0,4,1,2,61,44,59,68,63,43,55,1,57,70,Higher Studies,Data Engineer,66.2,Average,52.0,43.0,Tech
B.Tech,IT,2,7.96,80,4.9,4.4,6.4,3.2,90,89,0,7,4,8,60,51,76,64,74,60,68,1,70,85,Government Job,Backend Developer,75.8,Good,78.7,65.8,Tech
BCA,General,3,6.54,67,2.9,1.2,6.6,6.7,77,74,2,2,0,1,40,46,48,46,32,44,50,0,35,39,Placement,DevOps Engineer,46.0,At Risk,25.5,43.0,Tech
BCA,General,3,7.49,64,5.3,1.2,8.0,7.9,89,89,3,3,0,4,60,48,61,62,35,54,44,1,46,67,Placement,Frontend Developer,50.8,At Risk,30.0,29.8,Tech
B.Com,Hons,1,7.82,92,5.8,3.5,8.0,4.0,99,96,0,8,3,5,62,71,68,56,54,72,75,1,89,77,Higher Studies,Business Analyst,80.6,Good,76.1,60.6,Commerce
B.Tech,CSE,4,9.16,81,6.8,4.5,5.6,6.5,100,100,0,8,8,7,99,40,100,71,82,66,68,3,95,93,Research,Data Engineer,91.0,Excellent,95.0,95.3,Tech
B.Tech,IT,2,8.07,82,5.2,2.0,7.1,7.7,99,83,0,3,1,2,49,74,74,46,58,78,95,1,70,79,Higher Studies,Business Analyst,79.2,Good,60.2,75.6,Tech
B.Tech,AI&DS,2,8.27,77,2.2,2.7,6.7,6.6,95,95,0,5,5,4,72,51,96,80,76,72,73,1,75,95,Placement,Data Engineer,77.5,Good,88.9,62.7,Tech
B.Com,General,1,8.07,82,4.0,2.7,6.5,6.5,97,91,3,7,4,5,69,89,81,47,73,81,75,1,83,81,Placement,Product Manager,59.7,Average,76.8,45.6,Commerce
B.Com,General,4,8.53,96,6.1,2.9,8.2,3.4,100,100,0,5,5,7,66,84,76,75,77,70,66,2,74,78,Placement,Data Analyst,84.0,Good,80.8,64.8,Commerce
Law,Criminal,3,7.22,86,5.8,2.2,7.6,4.8,95,95,1,3,3,5,62,59,57,42,41,80,66,1,61,64,Placement,Cybersecurity Analyst,69.3,Average,50.2,47.5,Law
BCA,General,2,7.65,78,5.2,5.2,7.7,7.4,90,83,2,8,8,6,75,53,100,67,68,65,72,1,94,90,Startup,Full Stack Developer,61.4,Average,90.8,87.3,Tech
BBA,HR,1,7.78,61,3.7,0.1,6.6,8.2,92,87,0,1,1,1,76,10,49,56,42,40,55,1,35,61,Placement,Business Analyst,72.4,Average,42.1,50.9,Management
Law,Criminal,4,7.13,83,4.2,4.1,7.7,5.7,93,92,1,4,2,5,60,75,56,34,46,55,60,0,73,85,Startup,Business Analyst,65.9,Average,50.3,50.6,Law
B.Tech,IT,1,7.33,83,4.0,3.2,6.4,2.9,99,90,0,8,4,6,92,53,73,50,54,55,51,1,85,84,Placement,Machine Learning Engineer,73.3,Average,76.0,57.5,Tech
B.Tech,ECE,2,7.83,75,5.0,2.2,6.8,9.2,88,88,3,4,3,4,59,43,56,54,53,54,61,0,56,70,Placement,Data Engineer,52.8,At Risk,36.9,50.5,Tech
B.Tech,CSE,3,7.26,67,3.4,1.3,6.0,5.6,77,81,3,1,1,1,42,31,63,46,52,63,62,1,60,68,Higher Studies,UI/UX Designer,45.0,At Risk,36.5,37.9,Tech
B.Com,Hons,4,7.97,74,5.0,1.7,7.2,5.0,97,93,0,4,3,2,74,64,81,43,58,63,54,0,52,100,Freelancing,Business Analyst,75.5,Good,67.1,44.3,Commerce
B.Tech,IT,3,8.01,76,5.6,4.3,6.1,7.4,91,94,1,7,6,4,72,50,95,69,73,63,83,2,83,90,Higher Studies,DevOps Engineer,69.9,Average,89.1,73.0,Tech
B.Tech,IT,1,7.23,71,4.2,3.5,5.9,6.4,85,80,1,6,2,5,74,62,91,73,60,70,71,2,82,89,Government Job,UI/UX Designer,63.6,Average,82.1,91.3,Tech
B.Tech,IT,2,8.11,75,5.1,3.0,6.6,5.2,100,89,0,5,5,6,75,73,82,84,61,81,88,3,97,76,Government Job,Full Stack Developer,82.4,Good,87.6,96.1,Tech
BBA,Marketing,4,7.61,59,3.1,1.8,6.0,6.7,86,80,3,2,2,2,52,53,58,71,45,53,57,1,47,59,Higher Studies,Product Manager,45.0,At Risk,28.0,56.3,Management
B.Tech,IT,2,8.23,74,4.6,2.3,7.5,6.6,94,91,0,5,3,5,61,37,92,82,55,58,55,1,66,83,Startup,Software Engineer,74.2,Average,70.1,44.1,Tech
BCA,General,1,7.49,53,2.5,0.5,5.4,6.2,80,72,1,0,1,0,42,28,50,20,27,57,53,0,42,35,Government Job,Data Analyst,54.6,At Risk,20.3,40.9,Tech
Law,Corporate,1,7.85,83,2.6,1.8,6.5,5.8,85,80,0,3,1,2,44,64,52,32,65,72,59,1,61,71,Research,Business Analyst,67.4,Average,48.2,39.1,Law
B.Tech,CSE,4,9.11,80,5.3,2.3,7.1,4.3,100,100,0,5,4,4,57,45,63,84,67,58,76,2,75,71,Research,Data Scientist,94.6,Excellent,74.4,70.1,Tech
BCA,General,4,7.67,98,5.3,5.1,8.7,6.4,99,92,0,6,2,6,79,57,79,85,76,84,76,2,71,83,Placement,DevOps Engineer,80.9,Good,85.0,79.4,Tech
B.Tech,CSE,2,7.84,60,3.5,1.8,6.9,7.8,84,83,1,3,6,3,54,35,85,64,57,60,47,1,51,74,Freelancing,Cloud Engineer,62.8,Average,60.3,64.5,Tech
B.Tech,CSE,2,8.6,67,6.2,3.9,6.6,6.3,98,98,1,6,4,4,68,42,79,86,78,62,69,1,68,93,Startup,Data Engineer,73.4,Average,74.4,57.4,Tech
BCA,General,2,8.44,91,4.3,5.6,7.3,5.2,100,95,0,9,7,7,84,60,98,73,64,57,72,2,96,100,Higher Studies,Data Analyst,85.4,Good,91.7,67.6,Tech
B.Tech,AI&DS,1,6.63,59,3.0,1.5,7.1,8.9,75,75,3,2,1,1,47,43,44,52,33,61,54,0,46,59,Higher Studies,QA Engineer,38.4,At Risk,23.2,46.4,Tech
BBA,HR,2,7.11,73,2.3,2.2,7.0,3.2,82,84,1,5,3,2,45,43,45,67,46,76,60,1,62,60,Placement,Business Analyst,58.0,Average,51.0,64.8,Management
B.Tech,IT,2,7.28,67,4.3,4.0,6.7,6.9,89,90,2,7,1,4,74,65,77,66,50,67,51,1,78,91,Freelancing,Software Engineer,55.3,Average,75.1,56.4,Tech
BCA,General,2,7.47,59,3.5,3.0,5.9,5.9,80,80,2,4,4,3,57,37,81,44,62,46,62,1,68,69,Startup,Software Engineer,57.1,Average,58.4,46.8,Tech
BBA,HR,1,8.07,79,4.3,2.3,7.5,6.1,92,88,0,5,5,3,68,49,83,76,67,54,63,0,63,72,Higher Studies,Business Analyst,77.1,Good,70.0,54.9,Management
BCA,General,4,6.68,72,3.3,4.3,6.7,8.0,84,73,0,7,5,6,61,48,63,74,72,58,52,1,76,73,Government Job,Data Engineer,59.7,Average,76.2,59.2,Tech
BCA,General,3,8.04,76,4.8,2.3,7.9,6.5,96,95,0,4,4,3,72,76,56,92,67,50,67,0,39,62,Placement,Cybersecurity Analyst,75.8,Good,54.7,59.4,Tech
B.Tech,AI&DS,3,6.85,81,3.7,2.1,7.7,4.2,90,83,1,4,2,4,46,70,70,50,50,59,66,1,53,70,Government Job,Cloud Engineer,58.7,Average,63.8,67.4,Tech
BBA,Finance,4,5.6,40,1.0,0.6,6.2,8.2,69,68,4,0,0,0,38,30,39,47,22,48,47,0,35,51,Higher Studies,UI/UX Designer,17.7,At Risk,22.6,41.5,Management
B.Tech,IT,1,8.48,75,3.4,2.6,5.4,7.2,90,86,0,8,3,3,67,49,82,61,56,62,67,1,85,92,Placement,Data Scientist,73.9,Average,85.0,62.4,Tech
BCA,General,3,7.74,76,3.6,2.9,7.0,5.1,84,88,0,3,1,3,63,73,70,55,67,64,54,1,50,88,Placement,UI/UX Designer,70.6,Average,55.8,44.9,Tech
B.Com,General,2,7.9,72,4.2,2.2,8.0,8.9,100,98,0,5,2,2,51,79,52,59,46,68,68,0,51,62,Government Job,Data Analyst,74.7,Average,48.3,41.5,Commerce
BCA,General,3,7.73,63,4.5,4.0,8.8,5.9,86,86,0,6,5,4,84,54,88,81,42,72,76,2,84,77,Freelancing,Backend Developer,72.7,Average,78.5,70.8,Tech
B.Tech,IT,4,7.97,77,5.6,2.5,6.9,3.9,98,93,0,5,5,4,76,24,57,85,80,51,57,1,60,65,Placement,Cybersecurity Analyst,77.4,Good,70.3,68.8,Tech
B.Com,General,1,7.46,77,4.1,1.3,7.5,5.9,93,92,0,2,0,2,58,44,43,41,56,92,72,1,56,60,Placement,Business Analyst,73.3,Average,41.9,50.5,Commerce
B.Tech,CSE,1,7.36,61,3.6,1.8,6.8,4.7,89,93,2,3,2,1,67,56,64,64,39,66,64,0,54,66,Placement,Business Analyst,56.2,Average,45.1,44.1,Tech
BCA,General,2,7.29,95,5.4,4.3,8.2,3.8,91,94,0,6,3,8,71,60,66,52,68,66,70,1,75,80,Research,QA Engineer,74.8,Average,80.8,73.8,Tech
BBA,Finance,2,8.12,79,4.7,3.0,4.6,4.0,99,91,0,4,2,3,74,47,54,58,42,61,62,1,60,43,Placement,Product Manager,80.4,Good,48.7,56.3,Management
Law,Criminal,4,8.42,73,5.0,3.3,7.6,5.3,93,90,2,4,2,4,68,40,76,62,69,59,74,1,69,64,Research,Data Analyst,68.7,Average,57.1,50.0,Law
BBA,HR,3,7.95,78,5.0,2.2,7.9,5.3,94,86,0,4,2,5,70,56,62,60,52,75,62,1,64,67,Government Job,Data Analyst,71.9,Average,70.0,47.9,Management
B.Tech,CSE,3,6.86,59,1.5,2.0,6.5,11.6,77,75,1,4,2,4,55,52,61,64,51,70,54,2,66,72,Placement,Product Manager,50.7,At Risk,66.1,66.5,Tech
BBA,Finance,1,8.28,67,3.9,3.4,5.5,8.8,79,83,2,8,6,3,75,30,91,61,52,46,57,1,79,100,Placement,Data Analyst,67.7,Average,80.4,77.2,Management
BCA,General,2,8.18,86,5.0,3.6,6.9,4.4,97,91,0,8,4,7,83,40,80,93,44,49,47,2,80,86,Higher Studies,QA Engineer,79.8,Good,80.3,77.4,Tech
Law,Corporate,2,8.3,63,5.0,2.5,7.0,8.3,94,89,3,5,3,8,70,40,69,67,61,67,75,2,78,93,Freelancing,Business Analyst,58.9,Average,70.0,52.6,Law
B.Tech,ECE,1,7.37,68,2.0,1.2,6.0,5.2,85,80,1,5,2,2,74,54,54,63,53,62,70,0,47,75,Research,DevOps Engineer,53.4,At Risk,56.2,56.0,Tech
Law,Criminal,4,7.76,71,5.6,2.2,7.7,7.5,94,90,0,4,1,4,80,66,72,50,55,74,61,1,50,73,Placement,Cybersecurity Analyst,74.7,Average,66.9,54.0,Law
B.Tech,IT,4,8.41,83,5.0,4.8,6.8,5.9,100,94,0,7,5,5,87,74,75,66,41,87,74,3,100,80,Startup,Data Analyst,82.2,Good,87.1,75.4,Tech
B.Tech,IT,3,6.45,55,2.1,0.8,6.1,7.2,69,70,1,1,1,2,34,60,44,59,70,69,40,1,46,49,Placement,Cloud Engineer,44.1,At Risk,27.3,40.4,Tech
BCA,General,2,6.89,79,3.1,1.6,8.3,6.8,85,76,2,4,2,4,51,60,68,67,59,70,56,1,68,77,Higher Studies,UI/UX Designer,49.7,At Risk,65.7,54.5,Tech
Law,Corporate,3,7.9,75,3.3,1.9,7.2,5.2,97,94,1,4,2,4,71,58,61,59,64,69,75,1,75,74,Freelancing,Data Analyst,65.9,Average,57.1,46.7,Law
B.Tech,CSE,2,8.07,79,4.2,2.5,7.3,6.1,86,83,4,6,3,4,87,45,81,58,86,57,63,0,66,72,Startup,Data Engineer,51.6,At Risk,62.2,59.8,Tech
B.Tech,ECE,3,9.8,92,8.0,4.0,6.9,4.5,100,100,0,4,2,7,61,55,73,61,53,63,80,1,86,82,Government Job,Data Analyst,97.0,Excellent,72.7,66.0,Tech
B.Tech,AI&DS,1,8.27,81,6.1,4.6,6.9,6.3,96,100,0,6,5,5,90,60,73,100,90,65,59,2,73,88,Placement,AI Engineer,80.8,Good,83.7,72.3,Tech
B.Tech,AI&DS,3,7.1,70,3.5,1.3,6.4,4.2,84,88,0,4,2,2,50,27,50,63,54,57,60,0,46,72,Freelancing,Software Engineer,64.1,Average,48.2,35.9,Tech
B.Tech,ECE,3,7.92,77,2.8,3.9,5.6,7.6,87,82,4,3,4,3,74,52,65,59,24,54,60,1,51,74,Placement,Cybersecurity Analyst,44.9,At Risk,39.1,52.3,Tech
BCA,General,4,7.84,85,3.9,4.6,7.6,7.7,96,96,0,6,7,8,90,66,84,78,62,92,74,2,100,80,Startup,Full Stack Developer,79.7,Good,94.1,97.7,Tech
BCA,General,3,8.0,66,4.8,4.6,6.8,6.6,91,86,1,9,5,7,89,59,100,73,59,62,50,2,100,89,Startup,Data Engineer,67.6,Average,95.9,67.4,Tech
B.Com,General,3,7.36,85,3.5,2.4,7.0,2.7,85,79,1,4,1,5,47,67,57,52,37,64,67,0,61,78,Government Job,Product Manager,60.6,Average,55.5,51.9,Commerce
B.Tech,CSE,1,6.95,57,3.0,2.1,6.4,6.8,84,81,3,5,3,6,69,48,75,74,47,66,67,2,84,89,Placement,AI Engineer,43.0,At Risk,75.8,69.5,Tech
B.Tech,AI&DS,3,8.36,79,5.2,5.3,7.1,3.3,99,98,0,7,4,10,89,57,82,79,64,63,72,1,84,100,Government Job,Cloud Engineer,80.5,Good,90.8,78.1,Tech
BBA,Finance,2,8.68,70,5.6,0.9,8.0,6.5,100,99,1,1,1,1,43,68,53,39,35,83,79,0,55,67,Higher Studies,UI/UX Designer,78.4,Good,25.1,48.9,Management
Law,Criminal,4,6.47,76,3.4,1.2,7.3,6.2,81,81,2,3,2,2,60,45,71,51,33,58,45,1,59,59,Placement,Cybersecurity Analyst,41.5,At Risk,46.9,39.5,Law
B.Tech,CSE,4,7.91,82,3.8,2.7,7.7,4.4,89,90,0,6,2,5,76,55,83,80,60,60,57,2,83,78,Startup,Backend Developer,78.4,Good,82.4,78.5,Tech
BCA,General,2,7.18,75,5.4,2.5,5.7,5.0,97,89,1,6,4,4,79,73,81,50,79,71,80,1,73,76,Higher Studies,Software Engineer,65.5,Average,72.5,71.3,Tech
BCA,General,3,7.26,80,4.4,2.6,5.8,8.4,86,88,2,6,5,5,60,33,68,74,74,47,85,2,60,96,Placement,Data Analyst,56.2,Average,72.8,62.7,Tech
Law,Corporate,1,9.28,75,7.1,2.7,7.3,5.6,100,100,0,4,4,4,86,52,84,56,50,65,79,1,71,87,Higher Studies,Cybersecurity Analyst,87.6,Good,75.3,67.8,Law
BBA,Finance,3,7.99,76,5.4,1.1,8.0,7.9,92,90,0,3,1,3,72,48,62,66,43,63,53,1,52,66,Placement,Business Analyst,76.0,Good,47.4,61.7,Management
B.Com,General,4,7.71,65,5.0,3.6,7.1,7.7,89,85,2,4,3,4,77,48,77,56,74,49,54,2,78,72,Research,Data Analyst,58.0,Average,72.4,76.7,Commerce
B.Tech,AI&DS,1,8.01,72,4.4,3.3,7.3,4.8,98,84,1,4,2,5,68,67,67,61,62,73,70,1,84,95,Higher Studies,UI/UX Designer,68.5,Average,85.0,68.7,Tech
B.Tech,IT,3,8.02,76,4.9,1.9,8.0,6.1,90,86,0,4,4,6,69,68,82,68,62,78,71,2,82,64,Startup,Business Analyst,76.3,Good,75.9,77.5,Tech
B.Tech,AI&DS,2,8.97,85,7.1,3.5,7.2,8.7,100,99,0,7,5,6,95,49,88,69,64,63,67,1,70,83,Placement,Machine Learning Engineer,88.5,Good,81.1,68.1,Tech
BCA,General,4,6.82,73,3.9,2.3,4.7,6.4,87,84,3,2,0,5,57,38,63,49,53,38,49,0,60,68,Freelancing,DevOps Engineer,44.9,At Risk,46.8,40.7,Tech
BBA,Finance,2,7.09,68,4.0,1.7,6.7,7.3,87,86,1,0,1,2,60,60,48,57,52,55,49,1,63,80,Research,Business Analyst,59.6,Average,47.7,76.9,Management
BCA,General,4,7.94,72,3.5,1.9,6.6,8.0,91,87,1,1,2,2,54,8,58,43,66,38,45,0,35,57,Higher Studies,DevOps Engineer,68.5,Average,32.8,52.0,Tech
B.Tech,CSE,3,7.9,77,6.0,3.1,6.6,4.3,95,93,0,4,5,6,76,79,60,53,46,53,75,1,62,84,Higher Studies,Cybersecurity Analyst,77.0,Good,65.8,71.0,Tech
B.Tech,IT,4,8.07,60,5.0,2.7,7.7,7.6,79,84,4,5,1,4,70,67,69,86,81,69,71,2,85,72,Startup,Machine Learning Engineer,45.1,At Risk,71.4,63.0,Tech
BCA,General,4,7.96,84,6.0,2.7,7.0,4.6,100,93,0,6,4,4,79,43,77,79,38,68,63,2,73,84,Higher Studies,Data Engineer,80.1,Good,83.3,73.0,Tech
BCA,General,3,7.47,71,4.5,2.6,5.8,5.2,87,84,2,6,2,5,50,60,42,70,40,49,38,1,62,72,Research,DevOps Engineer,58.0,Average,47.6,49.2,Tech
B.Tech,AI&DS,2,6.78,72,3.6,2.8,6.0,5.9,90,86,1,5,4,3,73,58,51,61,49,53,53,1,70,72,Freelancing,AI Engineer,62.1,Average,65.5,81.3,Tech
BCA,General,3,6.61,59,1.0,1.6,7.0,5.1,69,76,3,4,2,3,61,54,70,39,31,50,38,1,36,70,Higher Studies,Full Stack Developer,30.5,At Risk,29.6,38.5,Tech
B.Tech,ECE,3,7.7,55,5.2,1.7,6.2,6.7,94,82,1,3,3,2,57,49,69,61,62,58,46,1,62,88,Freelancing,AI Engineer,61.6,Average,62.8,60.5,Tech
BCA,General,4,7.57,57,3.1,1.2,7.1,8.2,85,80,2,2,1,1,76,48,51,49,47,69,72,1,72,63,Placement,UI/UX Designer,50.8,At Risk,40.7,61.0,Tech
B.Com,General,3,6.4,53,2.7,3.4,7.4,6.6,80,77,2,4,4,6,72,59,84,75,67,71,58,0,58,79,Government Job,Business Analyst,43.3,At Risk,58.0,53.5,Commerce
BBA,HR,2,6.86,63,3.6,2.3,6.5,5.4,76,84,1,3,2,2,41,50,64,58,51,72,50,1,68,67,Startup,Business Analyst,56.9,Average,48.1,62.5,Management
BCA,General,1,6.78,64,2.1,0.4,6.5,7.4,78,75,2,1,3,1,56,38,64,44,58,62,48,0,39,77,Government Job,Backend Developer,42.8,At Risk,27.1,46.3,Tech
BCA,General,1,7.58,70,4.7,4.6,5.9,7.4,89,85,2,6,4,7,83,43,78,77,55,55,47,1,78,91,Startup,DevOps Engineer,59.4,Average,83.6,69.9,Tech
BCA,General,3,6.79,62,2.6,3.3,6.0,5.9,76,70,4,4,4,4,75,28,49,65,76,60,39,0,48,65,Placement,Data Analyst,34.3,At Risk,45.0,50.1,Tech
B.Tech,IT,2,8.66,73,5.5,1.5,7.0,5.3,100,97,0,5,1,3,67,71,73,40,75,82,86,1,73,82,Government Job,Data Analyst,79.1,Good,69.8,41.9,Tech
BCA,General,3,7.46,71,5.0,2.1,6.9,6.5,89,90,0,6,3,5,64,25,90,75,57,67,57,1,56,71,Government Job,Software Engineer,67.9,Average,68.5,70.7,Tech
B.Tech,CSE,2,7.38,75,3.5,3.7,7.1,5.1,90,91,1,5,3,4,54,66,76,52,65,71,56,0,69,81,Placement,QA Engineer,63.3,Average,66.7,67.2,Tech
B.Tech,CSE,2,8.24,72,5.2,1.9,6.0,4.5,93,91,0,4,2,3,87,62,59,69,40,56,69,1,57,64,Placement,Data Analyst,76.4,Good,53.6,57.7,Tech
B.Tech,AI&DS,1,8.74,74,6.0,4.9,6.2,5.8,100,96,0,10,6,6,71,50,89,93,63,53,61,1,88,100,Higher Studies,Cloud Engineer,86.1,Good,94.8,78.5,Tech
BCA,General,4,7.17,57,2.7,3.0,6.0,7.3,82,78,4,5,3,4,43,25,100,58,54,41,41,1,62,78,Research,Cloud Engineer,34.7,At Risk,54.2,45.0,Tech
B.Tech,ECE,2,7.41,65,3.5,3.0,6.6,6.2,82,85,0,2,4,4,51,59,73,73,57,62,68,1,65,74,Placement,DevOps Engineer,69.6,Average,55.1,58.7,Tech
B.Tech,CSE,3,8.75,83,5.9,4.8,7.4,4.7,98,100,0,7,5,5,72,32,81,77,77,46,63,1,79,69,Research,Cloud Engineer,85.6,Good,81.8,57.0,Tech
BCA,General,1,7.29,83,4.0,2.5,6.6,5.5,85,84,2,5,2,5,57,60,54,55,46,59,63,0,66,70,Startup,DevOps Engineer,55.7,Average,56.3,49.0,Tech
B.Tech,IT,4,8.49,100,7.6,5.6,7.4,2.0,100,100,0,5,3,7,81,53,72,57,60,49,62,1,60,86,Higher Studies,DevOps Engineer,93.8,Excellent,77.3,51.7,Tech
B.Tech,CSE,1,7.25,67,3.8,0.0,5.8,7.1,90,79,1,0,0,0,46,35,43,63,31,69,58,0,35,47,Government Job,Data Analyst,59.3,Average,20.2,31.5,Tech
B.Com,Hons,2,8.57,71,5.3,3.8,6.2,5.6,93,94,0,6,5,6,91,44,92,74,70,82,76,2,79,78,Higher Studies,Data Analyst,80.4,Good,85.0,80.6,Commerce
B.Tech,ECE,4,8.37,73,4.9,2.5,6.6,5.7,91,96,1,4,4,3,44,53,79,66,49,68,86,1,71,65,Research,Machine Learning Engineer,73.2,Average,65.4,65.1,Tech
B.Tech,CSE,1,8.56,81,5.3,3.3,7.1,3.6,98,88,1,6,3,4,83,42,87,57,66,51,49,2,93,74,Government Job,AI Engineer,77.8,Good,79.0,59.0,Tech
B.Tech,CSE,3,7.23,78,4.4,1.3,7.5,6.0,85,80,1,6,2,5,75,67,67,44,50,69,61,0,68,69,Government Job,QA Engineer,59.5,Average,54.2,45.6,Tech
B.Com,Hons,2,8.01,69,2.9,1.8,7.8,6.5,90,91,2,3,3,2,40,46,78,70,63,57,55,1,59,68,Placement,Data Analyst,61.4,Average,55.0,62.8,Commerce
B.Tech,ECE,4,8.14,68,5.7,3.9,5.9,5.0,95,93,2,5,4,5,62,24,73,78,60,54,75,2,68,67,Placement,DevOps Engineer,63.3,Average,63.7,58.8,Tech
BCA,General,1,7.75,62,3.7,2.1,7.3,7.6,85,82,1,4,4,4,64,18,90,76,74,47,40,1,55,85,Placement,Data Engineer,60.7,Average,69.8,69.8,Tech
B.Tech,ECE,1,7.51,78,2.5,2.7,7.6,5.8,87,82,2,6,1,5,83,69,78,61,46,72,64,0,78,67,Placement,QA Engineer,51.6,At Risk,68.1,77.4,Tech
B.Tech,ECE,3,6.49,56,1.9,1.4,5.3,7.5,77,79,3,3,1,1,62,41,53,51,35,64,67,0,58,70,Placement,Frontend Developer,32.4,At Risk,34.5,56.5,Tech
B.Tech,CSE,3,7.99,69,5.2,1.7,6.5,5.0,99,93,0,3,4,2,65,40,64,51,71,64,66,1,69,67,Research,Cloud Engineer,73.0,Average,57.3,45.8,Tech
BBA,Finance,3,7.72,82,6.3,0.0,6.9,5.0,96,94,0,0,0,2,20,49,33,39,22,61,56,0,35,61,Government Job,Business Analyst,78.8,Good,20.0,12.0,Management
B.Tech,IT,1,8.03,70,4.3,3.6,5.8,7.5,94,83,0,5,3,2,63,32,69,94,44,63,57,1,58,88,Freelancing,Business Analyst,72.5,Average,70.7,78.2,Tech
B.Tech,AI&DS,2,6.84,64,2.9,1.9,7.5,7.4,85,81,2,4,3,3,75,9,65,69,38,55,42,0,43,92,Placement,Backend Developer,48.6,At Risk,53.0,37.7,Tech
BBA,Marketing,1,7.96,93,5.5,3.3,7.7,3.1,94,94,0,5,3,5,92,51,71,58,45,45,58,0,40,85,Research,Data Analyst,78.0,Good,62.0,36.7,Management
BCA,General,3,9.46,69,6.4,3.6,7.0,7.5,98,99,0,8,7,5,82,30,74,51,70,53,79,2,78,76,Placement,Cloud Engineer,88.4,Good,83.5,65.0,Tech
B.Com,Hons,2,7.19,70,4.8,2.6,6.6,7.7,95,85,0,5,4,5,68,39,53,76,59,65,65,1,82,86,Startup,Product Manager,67.7,Average,77.2,60.7,Commerce
B.Tech,ECE,4,8.18,68,6.5,3.5,7.7,6.9,91,92,0,5,5,6,64,42,82,78,67,63,67,2,78,72,Placement,AI Engineer,74.9,Average,76.3,74.6,Tech
BCA,General,2,7.34,67,3.1,4.1,6.6,8.3,81,77,3,4,3,4,87,49,99,81,58,70,62,2,85,89,Placement,UI/UX Designer,47.7,At Risk,71.9,60.9,Tech
BBA,Finance,1,8.14,74,4.5,4.0,6.3,4.0,95,94,0,7,4,6,100,69,87,89,56,66,62,2,94,98,Higher Studies,Product Manager,73.8,Average,90.0,65.0,Management
B.Tech,AI&DS,1,7.65,59,5.0,1.8,5.8,6.9,95,87,2,2,3,0,54,55,77,52,48,50,62,0,41,70,Placement,Cybersecurity Analyst,59.1,Average,37.2,52.8,Tech
BBA,Finance,2,7.6,74,3.3,3.2,6.7,5.3,89,83,3,6,3,6,81,41,81,62,47,69,65,1,86,81,Higher Studies,Business Analyst,58.0,Average,74.5,54.7,Management
B.Tech,CSE,2,6.77,55,4.1,2.0,8.4,7.4,74,80,2,2,1,0,52,44,56,42,20,53,47,0,47,69,Startup,Cloud Engineer,41.8,At Risk,27.8,70.1,Tech
B.Tech,IT,4,7.37,67,4.7,1.0,7.1,6.7,88,93,1,3,1,4,57,40,60,73,65,73,84,1,67,76,Government Job,UI/UX Designer,62.0,Average,64.0,44.3,Tech
B.Tech,ECE,3,7.26,67,3.0,3.9,6.5,5.2,78,79,2,7,5,4,72,56,73,56,77,63,64,2,95,82,Higher Studies,Product Manager,46.5,At Risk,79.7,72.5,Tech
B.Tech,AI&DS,2,7.89,72,3.6,3.2,6.5,5.2,84,80,2,5,3,3,52,39,68,51,58,52,53,0,56,68,Higher Studies,Cybersecurity Analyst,57.1,Average,46.8,62.3,Tech
BBA,HR,2,7.26,89,5.0,1.7,7.3,4.0,92,84,1,4,2,5,77,73,69,69,54,76,57,1,57,68,Government Job,Data Analyst,60.5,Average,60.3,55.5,Management
Law,Criminal,1,7.62,56,4.8,1.0,7.1,6.4,89,81,0,0,0,0,40,50,44,52,48,80,68,0,39,65,Startup,Data Analyst,66.9,Average,38.0,21.5,Law
B.Tech,AI&DS,1,8.78,89,7.0,2.7,7.7,6.4,100,97,0,5,4,3,91,57,79,59,62,58,57,0,55,79,Government Job,DevOps Engineer,86.6,Good,71.2,58.3,Tech
B.Com,Hons,3,7.81,100,6.4,2.9,8.0,6.6,99,93,0,4,2,6,85,74,61,62,49,73,78,2,74,80,Government Job,Business Analyst,77.3,Good,66.4,73.0,Commerce
BBA,Finance,1,8.13,90,4.9,3.8,6.9,7.2,96,93,0,7,4,5,60,59,83,81,63,66,78,2,95,93,Placement,Data Analyst,77.7,Good,90.6,66.3,Management
BBA,Finance,3,6.11,70,2.4,1.1,8.5,4.9,77,70,2,4,2,4,49,42,61,50,37,49,57,1,39,67,Placement,Business Analyst,34.8,At Risk,45.0,28.9,Management
B.Tech,ECE,2,7.05,48,3.4,0.6,6.3,6.6,74,83,2,3,1,0,34,40,44,48,49,68,47,1,47,78,Startup,Product Manager,42.8,At Risk,42.4,48.3,Tech
BCA,General,3,8.6,89,5.9,4.3,6.0,6.6,100,98,0,4,3,6,78,59,82,77,59,51,66,2,81,86,Government Job,Data Engineer,89.2,Good,85.0,48.0,Tech
BBA,HR,3,7.01,62,3.3,3.1,7.4,7.0,85,77,2,2,2,3,42,49,58,65,52,48,47,1,47,69,Freelancing,UI/UX Designer,47.7,At Risk,45.4,52.5,Management
BCA,General,1,7.88,72,3.2,2.3,7.3,5.4,82,85,0,2,3,3,43,64,54,59,49,78,81,1,59,82,Freelancing,UI/UX Designer,65.7,Average,45.0,62.4,Tech
B.Tech,ECE,3,8.72,81,6.7,1.3,7.7,6.3,93,94,0,5,1,4,65,49,67,66,42,52,75,0,49,65,Higher Studies,UI/UX Designer,80.3,Good,55.5,51.9,Tech
B.Tech,ECE,4,7.06,75,4.1,3.7,7.0,4.5,92,84,1,7,4,3,75,42,69,80,59,75,67,1,69,78,Startup,Frontend Developer,61.9,Average,71.2,51.0,Tech
BCA,General,1,7.28,75,3.7,1.2,7.5,5.1,92,82,3,4,3,3,63,33,62,59,33,62,59,0,51,78,Placement,UI/UX Designer,42.4,At Risk,45.0,62.0,Tech
B.Tech,AI&DS,4,6.67,54,1.6,1.3,6.1,11.6,71,70,2,3,3,1,77,30,48,60,28,69,61,1,61,61,Startup,UI/UX Designer,39.1,At Risk,27.0,60.9,Tech
B.Tech,IT,4,7.9,76,5.4,2.0,6.9,4.4,99,98,0,5,3,2,64,69,66,62,55,56,78,1,77,81,Research,Data Scientist,78.8,Good,63.2,73.1,Tech
B.Tech,CSE,3,6.97,71,4.0,2.6,6.6,6.4,92,94,0,4,3,4,64,42,70,63,64,44,53,1,68,90,Placement,Data Scientist,61.3,Average,68.6,57.5,Tech
Law,Criminal,3,7.47,62,5.5,0.0,8.3,5.1,84,82,1,1,2,0,54,40,66,50,25,53,61,0,48,50,Research,Product Manager,61.2,Average,35.4,43.0,Law
B.Tech,CSE,1,8.23,85,5.9,4.8,7.6,5.3,100,99,0,5,3,6,83,52,82,64,69,72,76,1,68,90,Startup,AI Engineer,80.2,Good,84.6,61.4,Tech
B.Tech,AI&DS,1,7.28,65,3.5,2.7,7.0,6.1,86,80,0,5,2,5,69,67,59,71,46,86,68,0,72,100,Higher Studies,Frontend Developer,63.2,Average,72.2,78.0,Tech
B.Tech,ECE,4,6.35,64,1.1,1.5,7.4,6.9,73,77,3,4,3,1,88,55,49,53,48,60,56,0,42,49,Freelancing,Data Scientist,36.0,At Risk,40.9,39.4,Tech
B.Tech,ECE,4,7.82,84,4.6,3.4,6.7,6.0,97,90,1,8,5,5,74,85,100,80,90,57,81,2,100,100,Placement,Machine Learning Engineer,66.7,Average,95.9,66.1,Tech
B.Tech,ECE,1,7.38,69,4.4,1.6,5.8,4.6,88,80,2,3,4,3,64,30,66,47,53,66,65,1,58,70,Placement,Full Stack Developer,48.9,At Risk,50.8,52.4,Tech
B.Tech,IT,3,7.45,64,3.6,3.0,6.8,4.9,93,84,2,7,4,3,86,33,66,88,56,63,49,2,86,77,Government Job,AI Engineer,52.6,At Risk,84.8,76.7,Tech
Law,Criminal,2,7.42,57,3.9,3.7,5.1,9.4,76,80,0,5,4,4,82,64,64,64,65,84,84,1,66,84,Startup,Product Manager,59.1,Average,72.6,59.3,Law
BCA,General,1,9.04,91,8.0,4.8,6.2,3.6,100,100,1,6,5,6,97,75,85,81,71,75,63,0,68,88,Placement,Data Analyst,86.3,Good,80.4,65.0,Tech
BCA,General,3,7.88,60,3.5,4.2,6.1,7.6,83,79,3,7,5,6,70,51,63,48,60,40,61,0,67,84,Placement,Backend Developer,47.6,At Risk,66.8,49.9,Tech
B.Com,General,3,7.07,61,2.8,3.2,8.2,6.9,91,88,0,4,3,3,52,47,56,54,59,68,68,1,55,73,Startup,Product Manager,63.0,Average,53.8,52.6,Commerce
B.Tech,IT,1,8.94,90,7.5,5.2,7.9,6.1,99,100,0,7,4,7,70,49,77,81,84,56,69,2,85,96,Freelancing,Backend Developer,90.2,Excellent,95.3,75.7,Tech
BCA,General,3,7.59,56,3.0,1.9,7.5,6.5,89,81,2,4,3,2,71,51,75,64,71,64,71,1,56,66,Higher Studies,UI/UX Designer,51.7,At Risk,55.0,54.9,Tech
BCA,General,1,7.61,59,3.2,2.5,5.9,5.7,78,82,1,3,3,4,65,49,78,57,51,66,61,0,69,73,Freelancing,Data Analyst,54.8,At Risk,55.5,54.1,Tech
B.Tech,CSE,1,7.24,72,4.6,0.8,7.2,8.9,91,77,1,3,0,1,46,35,39,37,78,31,45,0,40,69,Placement,Backend Developer,59.7,Average,31.2,38.7,Tech
BCA,General,2,7.24,77,5.1,3.1,6.7,2.6,89,83,0,4,2,4,79,24,50,63,64,44,50,1,67,71,Higher Studies,Cybersecurity Analyst,68.5,Average,60.4,47.8,Tech
B.Com,General,1,7.7,75,4.4,1.5,6.1,5.8,88,83,0,3,2,4,47,64,51,42,50,61,59,1,53,64,Higher Studies,Business Analyst,66.7,Average,42.3,66.1,Commerce
BCA,General,2,7.17,63,4.1,1.0,6.1,8.0,94,86,2,4,2,4,50,52,67,60,55,66,71,0,58,84,Government Job,Frontend Developer,57.8,Average,58.4,38.1,Tech
B.Com,Hons,3,7.78,76,5.1,3.4,7.5,6.6,94,94,0,7,2,5,63,58,88,70,66,59,69,1,72,94,Startup,Data Analyst,72.4,Average,80.5,65.9,Commerce
B.Tech,AI&DS,2,7.27,79,3.8,2.2,5.9,9.5,82,88,2,3,1,5,78,37,64,72,44,63,75,0,58,94,Government Job,DevOps Engineer,56.7,Average,58.2,68.7,Tech
BBA,HR,3,7.29,88,4.2,2.3,8.5,3.1,86,89,0,5,4,7,75,72,58,68,63,77,53,2,77,82,Government Job,UI/UX Designer,68.2,Average,79.5,49.9,Management
BCA,General,1,6.85,83,4.9,2.9,7.4,5.7,87,82,0,7,5,4,53,46,80,73,66,45,46,1,66,75,Placement,Software Engineer,66.9,Average,72.1,43.8,Tech
B.Tech,ECE,1,8.12,86,5.1,4.5,7.3,5.2,93,91,1,7,5,6,81,63,66,75,72,60,60,2,82,75,Government Job,Data Analyst,74.9,Average,84.5,79.1,Tech
B.Tech,ECE,2,7.97,81,6.3,4.5,6.6,4.8,96,96,0,9,6,5,93,60,80,67,70,73,69,2,100,91,Higher Studies,AI Engineer,82.6,Good,92.2,98.0,Tech
BCA,General,1,7.95,77,4.9,2.6,7.6,7.4,93,92,1,4,3,3,57,67,78,73,52,80,64,1,67,82,Higher Studies,Business Analyst,73.2,Average,58.6,71.1,Tech
B.Tech,IT,3,7.93,67,4.5,4.4,7.2,7.3,95,96,2,6,7,6,62,52,92,69,73,46,38,1,75,77,Placement,Data Engineer,61.7,Average,77.2,62.5,Tech
B.Com,General,4,7.37,78,5.7,1.8,7.7,7.5,89,93,0,4,2,3,67,48,61,54,62,42,56,1,59,78,Research,Data Analyst,78.6,Good,57.8,45.8,Commerce
BBA,HR,1,8.19,61,5.2,2.1,7.4,5.3,100,91,0,5,3,1,69,72,53,58,52,69,76,1,84,84,Higher Studies,UI/UX Designer,76.7,Good,72.2,56.1,Management
B.Tech,CSE,3,7.03,67,2.8,0.1,7.8,7.6,82,80,4,4,1,2,69,35,62,64,24,61,42,0,45,72,Higher Studies,Software Engineer,33.1,At Risk,41.2,32.1,Tech
B.Tech,ECE,3,8.58,77,5.5,2.8,7.0,5.5,84,90,1,3,3,4,70,55,58,64,64,65,72,1,66,79,Research,Data Engineer,68.4,Average,72.8,55.6,Tech
BBA,Finance,4,7.65,71,2.2,0.1,8.3,7.2,87,89,1,1,0,2,52,83,33,36,32,68,64,1,35,50,Placement,Business Analyst,66.7,Average,24.8,46.8,Management
BCA,General,4,7.64,82,5.1,3.8,7.3,6.4,97,93,0,5,3,5,81,48,57,71,34,49,55,1,69,79,Research,DevOps Engineer,80.8,Good,63.4,56.2,Tech
B.Tech,ECE,4,6.42,74,4.5,3.0,7.3,7.3,88,92,3,3,5,5,67,40,77,60,60,50,50,1,56,72,Placement,Cloud Engineer,45.6,At Risk,56.2,60.2,Tech
B.Tech,ECE,4,7.78,72,5.0,2.2,8.0,5.8,95,87,0,3,2,3,67,70,55,68,63,87,80,1,51,52,Startup,Frontend Developer,74.8,Average,62.3,63.6,Tech
B.Tech,IT,4,8.57,81,5.5,2.3,6.2,4.2,96,98,0,4,3,5,64,56,80,63,82,53,72,2,68,83,Government Job,Cybersecurity Analyst,86.1,Good,82.5,60.3,Tech
B.Tech,IT,3,7.58,78,4.6,1.3,6.5,6.3,91,90,1,4,3,7,63,63,70,77,58,78,67,1,69,96,Placement,Business Analyst,65.6,Average,73.9,62.8,Tech
BBA,HR,4,8.63,71,4.5,2.4,6.6,8.2,93,91,1,6,3,4,75,47,100,59,56,58,65,1,82,93,Startup,UI/UX Designer,71.3,Average,80.7,67.8,Management
BBA,HR,1,7.83,61,3.6,1.0,6.7,10.0,88,87,1,4,4,1,37,41,63,70,58,55,52,0,54,43,Higher Studies,Business Analyst,61.5,Average,45.0,35.3,Management
B.Tech,AI&DS,4,7.7,85,5.3,1.9,6.6,5.6,94,98,1,3,2,3,60,60,53,63,49,64,75,1,80,71,Placement,Cybersecurity Analyst,72.9,Average,70.0,62.8,Tech
B.Tech,ECE,3,7.12,65,2.7,2.1,7.7,4.6,86,83,3,3,3,2,63,73,78,47,36,69,65,0,60,73,Placement,Product Manager,44.4,At Risk,49.2,58.7,Tech
BBA,Finance,2,6.61,73,1.9,0.8,6.8,4.2,70,73,4,2,0,2,39,64,42,46,46,56,54,0,36,66,Placement,Business Analyst,25.8,At Risk,27.4,37.5,Management
BBA,HR,2,8.91,75,6.4,2.6,7.6,5.8,100,94,0,1,0,3,53,36,67,41,72,63,69,1,62,83,Research,Data Analyst,86.8,Good,56.0,35.4,Management
BBA,HR,1,6.87,72,3.3,3.0,7.5,7.0,86,79,1,5,1,4,58,40,81,74,35,72,56,0,75,72,Freelancing,Business Analyst,51.8,At Risk,66.1,59.4,Management
Law,Criminal,2,7.82,68,5.3,2.4,6.5,5.6,95,92,2,2,2,2,60,62,76,60,76,60,65,0,35,53,Placement,Data Analyst,59.9,Average,42.0,36.6,Law
B.Tech,CSE,3,8.13,98,5.8,3.6,7.3,3.7,100,96,0,6,4,6,79,64,65,64,72,55,55,1,71,78,Placement,Software Engineer,87.7,Good,77.3,64.8,Tech
B.Tech,IT,3,8.41,84,6.2,4.4,5.3,7.0,98,95,0,8,4,5,72,66,81,89,56,68,81,2,93,94,Startup,AI Engineer,84.6,Good,91.8,63.5,Tech
Law,Corporate,4,7.99,82,4.5,1.7,6.8,4.0,97,87,1,4,1,4,71,30,49,46,56,62,65,1,69,74,Research,Business Analyst,70.4,Average,55.0,52.1,Law
B.Tech,CSE,2,8.86,97,7.0,3.9,7.4,6.7,100,100,0,5,3,7,85,85,61,61,36,67,59,2,83,89,Higher Studies,DevOps Engineer,91.5,Excellent,87.6,72.0,Tech
B.Tech,CSE,1,7.13,69,1.5,3.0,6.2,10.1,78,76,3,4,4,6,59,50,89,53,54,60,70,0,61,86,Placement,UI/UX Designer,44.1,At Risk,61.1,52.1,Tech
Law,Corporate,3,8.96,93,6.2,3.6,6.5,6.6,100,100,0,4,3,6,76,71,80,61,70,84,84,2,73,86,Research,Product Manager,90.2,Excellent,83.5,58.1,Law
B.Tech,CSE,4,7.49,55,4.0,2.7,5.7,6.1,87,88,1,3,2,2,65,22,53,67,73,60,65,1,49,84,Higher Studies,Software Engineer,54.7,At Risk,54.3,51.9,Tech
B.Com,Hons,2,6.72,71,3.5,1.1,7.7,7.1,94,90,1,2,1,2,47,57,49,53,60,68,78,0,56,65,Government Job,Business Analyst,58.7,Average,34.0,21.2,Commerce
BCA,General,2,7.6,87,6.2,3.6,7.6,4.1,96,96,0,7,6,5,93,32,89,49,58,58,50,1,58,78,Higher Studies,Data Engineer,70.6,Average,70.0,64.6,Tech
B.Tech,ECE,1,7.29,64,4.6,2.1,6.4,6.4,83,86,2,1,3,1,25,42,56,56,58,30,38,0,40,63,Placement,DevOps Engineer,47.4,At Risk,27.4,33.6,Tech
Law,Criminal,1,8.0,80,4.4,4.4,7.2,5.6,100,95,0,7,4,5,77,73,78,72,66,68,80,0,56,77,Government Job,Cybersecurity Analyst,83.7,Good,73.9,66.8,Law
Law,Corporate,4,7.53,70,3.9,2.9,5.9,5.8,87,90,0,3,1,2,73,51,79,68,51,63,65,1,69,80,Higher Studies,Data Analyst,71.8,Average,66.9,34.9,Law
B.Tech,AI&DS,4,6.75,60,3.6,0.6,6.8,6.0,74,82,0,2,2,1,50,33,52,46,51,54,60,0,45,73,Higher Studies,Data Analyst,54.4,At Risk,27.4,36.4,Tech
BBA,HR,2,8.38,100,6.6,5.2,8.0,2.0,100,100,0,7,4,7,86,71,81,78,72,59,79,1,60,86,Research,Business Analyst,88.9,Good,83.5,67.7,Management
B.Tech,IT,4,8.31,82,6.8,2.6,6.9,6.4,97,95,0,4,3,4,71,49,81,85,61,47,64,2,62,84,Higher Studies,Backend Developer,82.2,Good,71.5,65.5,Tech
B.Com,Hons,1,7.61,82,5.4,4.3,5.9,6.9,90,90,0,7,3,7,91,37,77,75,74,60,66,1,87,99,Higher Studies,Product Manager,77.3,Good,92.8,65.9,Commerce
BBA,HR,3,7.77,88,6.1,3.2,7.2,4.5,89,87,0,5,3,3,76,57,75,66,51,59,68,1,65,68,Higher Studies,UI/UX Designer,73.8,Average,62.8,65.6,Management
BBA,Marketing,4,8.17,66,3.8,2.8,7.6,5.6,95,86,3,4,3,6,62,59,64,69,81,74,61,1,74,64,Higher Studies,Product Manager,53.3,At Risk,65.0,53.8,Management
B.Tech,IT,2,6.4,69,1.0,0.7,6.0,5.9,71,69,3,3,3,4,40,43,67,61,47,37,38,2,68,64,Placement,Backend Developer,29.9,At Risk,45.0,58.7,Tech
BBA,HR,3,7.38,73,4.0,1.8,5.3,5.8,88,90,1,4,2,5,69,37,51,42,57,59,56,1,64,67,Government Job,Data Analyst,62.6,Average,52.2,51.7,Management
BCA,General,3,8.44,79,3.5,5.4,6.8,6.4,99,83,0,7,5,6,100,38,61,73,69,71,58,3,91,74,Higher Studies,DevOps Engineer,80.3,Good,87.8,72.6,Tech
Law,Corporate,1,7.61,75,3.7,2.8,6.3,5.1,93,85,2,5,3,4,60,30,51,52,50,66,58,1,80,71,Government Job,Business Analyst,57.7,Average,66.7,48.8,Law
B.Tech,CSE,2,8.47,72,6.0,3.5,7.1,7.2,92,86,2,5,5,5,62,68,100,77,61,88,76,1,90,90,Startup,Data Scientist,68.1,Average,85.0,65.6,Tech
BCA,General,3,8.03,71,4.5,1.9,6.1,7.5,92,83,4,5,4,3,58,39,67,55,72,48,45,0,45,61,Research,Full Stack Developer,45.5,At Risk,45.0,40.9,Tech
B.Com,Hons,2,7.49,79,4.9,2.7,5.8,5.7,81,85,2,5,4,4,66,55,66,77,50,68,51,1,65,77,Placement,Business Analyst,56.5,Average,57.4,58.4,Commerce
B.Tech,ECE,1,7.79,72,5.5,2.5,7.6,5.8,89,97,1,4,4,3,66,16,67,54,51,61,57,0,49,66,Higher Studies,DevOps Engineer,66.4,Average,51.7,44.3,Tech
BCA,General,1,7.61,68,4.0,4.0,7.6,7.4,86,82,0,7,5,4,64,64,99,69,82,77,79,1,92,82,Placement,UI/UX Designer,65.6,Average,92.2,62.3,Tech
B.Tech,IT,3,8.49,73,4.7,4.6,7.2,4.8,98,87,1,7,5,7,64,58,71,85,83,63,83,2,97,80,Placement,Data Analyst,77.0,Good,86.5,80.8,Tech
B.Tech,CSE,2,8.31,82,5.8,1.2,7.2,8.7,93,94,0,5,4,2,70,52,62,55,65,51,71,1,48,53,Higher Studies,Business Analyst,78.3,Good,51.9,51.5,Tech
BCA,General,3,7.3,72,6.0,2.6,6.4,4.9,88,94,1,5,2,4,80,54,60,54,54,54,67,1,65,89,Placement,Software Engineer,61.9,Average,62.4,64.7,Tech
B.Tech,AI&DS,3,7.93,75,4.0,2.6,7.9,5.7,94,93,3,3,1,3,64,81,55,85,43,85,77,2,62,74,Placement,Business Analyst,57.0,Average,59.3,59.6,Tech
B.Tech,ECE,2,6.42,45,3.5,1.4,7.0,8.0,76,77,4,2,2,1,58,51,65,52,48,49,42,1,41,49,Placement,Backend Developer,24.0,At Risk,30.0,58.5,Tech
Law,Criminal,3,6.41,51,3.0,0.0,7.7,5.3,66,78,2,3,3,1,54,46,62,50,56,65,59,0,49,76,Higher Studies,Cybersecurity Analyst,37.6,At Risk,39.2,50.2,Law
BCA,General,2,7.58,52,2.6,2.1,7.1,7.2,81,84,2,2,1,1,41,55,59,77,37,59,61,1,44,65,Placement,Frontend Developer,52.1,At Risk,39.2,48.8,Tech
BCA,General,1,6.84,59,1.6,0.6,6.9,9.2,80,75,3,1,1,2,52,75,55,45,39,85,64,0,62,56,Freelancing,Business Analyst,39.0,At Risk,40.4,52.6,Tech
B.Tech,CSE,2,8.72,81,6.7,4.4,6.7,7.3,100,100,0,7,6,9,89,58,78,94,83,61,68,2,83,87,Government Job,Backend Developer,84.8,Good,93.9,87.1,Tech
B.Com,Hons,2,6.77,74,4.5,4.0,6.8,6.0,88,91,0,6,3,4,60,59,69,57,32,40,60,1,76,80,Freelancing,Data Analyst,66.1,Average,63.0,57.8,Commerce
B.Tech,ECE,3,7.0,55,2.8,2.9,6.4,7.7,82,73,3,3,3,2,99,41,53,50,50,69,63,1,65,73,Startup,QA Engineer,44.0,At Risk,48.5,61.7,Tech
B.Com,Hons,4,7.87,59,4.4,2.3,6.1,5.4,88,91,4,5,3,1,47,33,73,47,43,72,75,1,72,70,Government Job,Business Analyst,45.3,At Risk,52.1,50.0,Commerce
BBA,Finance,1,6.59,57,1.7,0.9,6.2,7.2,76,77,1,1,3,2,42,60,56,56,49,61,49,0,51,60,Startup,Product Manager,49.4,At Risk,47.5,62.6,Management
B.Tech,CSE,3,7.2,68,3.9,2.6,7.2,5.0,84,84,2,5,5,6,81,64,70,61,62,62,62,1,67,73,Research,AI Engineer,56.3,Average,72.3,61.6,Tech
B.Tech,IT,3,7.24,71,4.1,2.3,7.8,7.5,91,84,2,6,3,2,46,39,65,64,62,74,67,2,85,72,Higher Studies,AI Engineer,51.3,At Risk,76.3,32.3,Tech
BCA,General,2,7.36,73,4.7,1.6,6.9,5.9,86,86,3,3,3,3,68,45,63,67,66,63,59,0,49,61,Startup,Frontend Developer,52.3,At Risk,47.7,55.5,Tech
BCA,General,2,7.37,89,6.6,2.9,7.6,4.1,98,94,0,8,5,4,72,62,89,76,81,75,76,2,92,87,Research,UI/UX Designer,79.0,Good,92.2,72.2,Tech
BBA,HR,3,8.17,75,5.8,2.9,7.5,6.5,100,94,0,6,3,4,70,49,75,62,55,62,60,1,58,86,Higher Studies,UI/UX Designer,82.0,Good,65.9,55.9,Management
BCA,General,2,8.2,72,5.6,4.7,6.4,7.1,99,90,0,6,6,6,81,43,73,87,75,66,61,2,88,93,Placement,Cybersecurity Analyst,83.7,Good,91.7,83.8,Tech
B.Tech,ECE,2,8.09,82,5.8,2.5,7.6,4.8,97,98,0,5,5,5,85,39,85,60,62,53,61,1,65,90,Higher Studies,DevOps Engineer,81.5,Good,75.8,35.5,Tech
BCA,General,3,8.14,83,5.7,1.1,6.8,6.9,98,96,0,2,1,3,56,59,46,50,71,57,66,0,50,66,Placement,Business Analyst,79.8,Good,39.8,26.4,Tech
B.Tech,ECE,3,6.78,58,4.1,3.1,8.2,8.1,81,70,4,5,5,2,57,39,56,64,64,56,49,1,66,76,Freelancing,Backend Developer,34.2,At Risk,52.6,54.3,Tech
B.Tech,CSE,1,8.31,80,4.6,1.5,8.9,6.6,97,97,0,2,0,1,64,49,78,65,28,53,76,0,35,68,Higher Studies,Machine Learning Engineer,78.7,Good,45.0,29.4,Tech
BBA,HR,2,6.58,67,3.5,0.7,6.0,7.5,74,70,3,1,2,0,63,60,38,48,47,72,68,0,39,54,Government Job,UI/UX Designer,36.5,At Risk,26.8,43.7,Management
B.Com,General,4,8.32,79,6.4,3.0,5.7,9.5,99,85,3,4,5,6,67,70,81,88,76,78,68,2,84,75,Higher Studies,Product Manager,56.7,Average,81.7,73.5,Commerce
B.Tech,AI&DS,1,7.32,66,5.2,2.6,5.7,4.2,89,86,3,7,4,5,54,55,65,48,63,58,80,1,92,65,Startup,Business Analyst,53.9,At Risk,80.3,62.5,Tech
B.Tech,AI&DS,2,7.4,93,5.4,2.7,7.9,5.4,100,98,0,2,0,4,49,91,61,55,58,62,53,0,50,85,Government Job,Product Manager,76.9,Good,51.3,59.7,Tech
B.Tech,IT,3,7.92,56,4.5,3.1,6.3,7.7,82,86,2,6,3,2,76,23,85,71,54,54,67,1,75,85,Freelancing,Frontend Developer,57.2,Average,70.0,41.3,Tech
BCA,General,1,8.23,80,5.1,3.4,7.2,4.9,96,94,1,6,3,4,64,45,76,50,64,67,72,1,69,78,Research,Business Analyst,74.7,Average,73.1,61.8,Tech
B.Com,General,1,7.39,80,5.1,4.4,5.1,5.6,89,88,0,6,4,6,93,57,86,74,91,54,52,2,90,83,Freelancing,Data Analyst,72.3,Average,87.4,78.9,Commerce
BBA,HR,2,6.94,55,2.6,1.9,6.5,4.3,80,88,1,4,4,3,65,53,80,39,62,69,78,1,73,79,Placement,Product Manager,53.0,At Risk,62.4,73.1,Management
B.Tech,ECE,3,8.02,66,4.5,2.1,7.3,7.6,90,92,2,6,2,5,74,33,61,85,64,62,58,2,73,81,Placement,QA Engineer,60.9,Average,77.0,72.2,Tech
B.Tech,AI&DS,1,8.25,69,5.5,1.8,6.7,6.8,97,92,2,2,2,2,65,57,66,56,67,70,71,0,40,82,Government Job,UI/UX Designer,60.9,Average,46.7,64.6,Tech
B.Tech,CSE,3,8.62,80,5.0,2.7,7.3,4.0,98,88,0,6,3,6,78,50,85,63,80,59,68,2,69,75,Higher Studies,Cloud Engineer,79.7,Good,83.7,72.2,Tech
Law,Criminal,3,8.49,91,5.2,3.1,7.6,5.5,96,98,0,5,3,6,54,49,67,54,62,61,58,2,80,70,Government Job,Data Analyst,87.4,Good,70.4,59.2,Law
B.Com,Hons,4,7.39,78,3.6,4.0,7.0,4.9,86,92,1,6,2,5,77,54,76,82,51,82,54,2,79,79,Startup,Business Analyst,61.8,Average,77.4,68.3,Commerce
BBA,Finance,2,6.66,80,2.0,0.7,8.6,4.6,79,83,1,1,0,3,45,66,54,50,20,54,42,0,53,65,Placement,Data Analyst,50.1,At Risk,22.2,64.0,Management
BBA,Finance,2,7.47,65,5.0,1.3,8.4,5.0,93,83,4,0,0,3,56,67,49,68,63,87,66,0,41,76,Government Job,UI/UX Designer,49.0,At Risk,37.5,67.1,Management
B.Tech,IT,4,7.21,58,4.9,3.2,7.1,8.1,91,89,1,4,3,4,56,39,73,87,54,59,42,1,67,82,Startup,AI Engineer,63.7,Average,73.2,66.8,Tech
Law,Corporate,2,8.71,80,6.5,2.8,6.6,6.0,97,87,0,4,3,3,50,44,57,68,65,74,85,1,69,84,Placement,Product Manager,86.5,Good,70.0,63.6,Law
BBA,HR,3,7.03,58,2.4,1.7,8.8,6.7,84,92,3,2,1,2,54,46,76,51,69,67,61,2,66,74,Placement,Product Manager,43.4,At Risk,60.3,62.0,Management
BCA,General,2,7.28,51,1.7,2.2,7.1,8.0,80,77,1,4,3,3,69,56,62,80,48,49,54,1,56,52,Freelancing,UI/UX Designer,52.1,At Risk,54.6,36.3,Tech
BCA,General,3,8.97,79,7.1,4.8,6.6,3.6,100,100,0,9,7,5,91,56,100,76,84,78,77,3,99,100,Placement,QA Engineer,91.3,Excellent,98.0,78.1,Tech
B.Tech,AI&DS,3,6.84,84,3.9,4.6,6.2,5.9,81,83,0,5,6,4,65,51,86,93,55,79,50,2,72,90,Placement,Backend Developer,66.8,Average,85.0,73.9,Tech
B.Com,Hons,3,8.43,83,5.0,4.1,7.8,7.3,96,91,1,6,4,5,68,59,88,57,71,64,56,2,90,97,Freelancing,Business Analyst,75.3,Good,85.0,62.4,Commerce
BBA,HR,4,8.41,86,7.5,3.0,6.2,6.7,100,100,0,7,6,7,87,54,93,89,82,76,89,2,91,93,Placement,Data Analyst,82.2,Good,94.3,74.5,Management
B.Tech,AI&DS,3,8.1,73,5.3,2.7,5.8,9.6,89,86,3,6,7,5,69,48,81,67,75,52,52,1,69,100,Placement,Cloud Engineer,54.2,At Risk,76.7,55.1,Tech
BCA,General,3,8.86,74,6.0,3.8,7.0,5.7,100,100,0,7,6,5,70,47,99,73,79,82,74,2,79,90,Research,Business Analyst,82.3,Good,90.2,74.1,Tech
B.Tech,AI&DS,2,7.2,88,3.5,2.0,7.1,4.2,94,92,1,1,0,0,83,39,54,47,55,52,46,0,35,67,Placement,Data Engineer,69.4,Average,28.2,48.6,Tech
B.Tech,AI&DS,2,6.55,73,3.6,1.9,7.4,3.9,88,85,0,2,2,4,70,48,57,53,55,41,41,0,56,78,Government Job,Cybersecurity Analyst,60.4,Average,62.5,54.7,Tech
BCA,General,4,6.44,76,3.6,1.7,6.8,4.5,85,83,2,3,2,2,59,40,50,47,37,59,58,0,48,67,Higher Studies,Frontend Developer,47.5,At Risk,45.0,55.7,Tech
B.Tech,CSE,4,8.98,77,5.7,3.7,6.8,5.6,100,100,0,7,3,7,68,69,85,56,61,65,61,2,69,99,Higher Studies,Machine Learning Engineer,87.9,Good,84.8,69.4,Tech
B.Tech,CSE,1,6.2,64,3.6,2.4,7.2,5.2,82,81,0,5,4,4,78,49,76,46,45,57,50,0,59,66,Placement,Cloud Engineer,55.6,Average,58.4,45.6,Tech
BBA,HR,3,6.87,69,4.9,1.5,6.1,4.3,96,84,0,3,1,3,70,60,54,58,61,67,58,0,59,68,Placement,UI/UX Designer,66.6,Average,50.7,49.9,Management
BBA,Finance,1,7.38,75,2.8,2.5,7.0,4.5,85,87,1,3,2,5,52,51,47,64,68,79,83,1,68,95,Startup,Product Manager,59.2,Average,64.9,41.7,Management
B.Com,Hons,1,7.19,75,3.7,4.1,5.7,5.8,94,82,1,6,4,5,87,50,90,41,88,64,66,1,71,98,Startup,Product Manager,58.5,Average,80.5,56.7,Commerce
B.Tech,CSE,2,7.41,83,4.4,4.5,7.4,6.7,87,79,3,6,5,7,100,49,75,63,61,48,57,1,90,94,Placement,Full Stack Developer,56.3,Average,75.4,65.6,Tech
BCA,General,1,7.36,57,4.3,2.8,6.4,8.4,88,82,2,6,6,4,67,52,77,79,70,66,63,1,74,85,Placement,Full Stack Developer,50.6,At Risk,70.0,58.9,Tech
B.Tech,AI&DS,3,7.1,68,4.3,2.6,6.4,5.8,89,82,1,4,2,6,45,75,65,64,38,72,69,1,76,71,Placement,Business Analyst,57.6,Average,67.9,65.9,Tech
BCA,General,2,7.99,65,5.4,3.8,6.9,7.1,89,85,1,6,5,4,75,34,78,67,81,47,63,0,76,83,Research,Data Engineer,64.4,Average,78.0,55.4,Tech
B.Tech,IT,2,7.21,65,3.8,2.6,6.8,5.9,90,84,1,5,5,4,75,67,76,84,56,79,52,1,82,87,Startup,Software Engineer,57.8,Average,75.8,77.6,Tech
B.Com,Hons,4,7.47,82,4.7,2.7,6.0,5.6,87,88,0,6,4,6,63,34,64,68,53,81,71,1,69,76,Startup,Business Analyst,71.0,Average,72.3,69.8,Commerce
B.Tech,ECE,2,5.82,63,1.0,4.0,6.0,7.6,65,75,2,5,4,2,62,27,75,65,56,60,59,0,77,78,Startup,Full Stack Developer,36.5,At Risk,54.5,57.2,Tech
B.Tech,ECE,2,7.35,78,5.3,1.8,7.1,5.5,90,91,2,5,4,6,61,56,59,77,41,63,64,1,59,89,Placement,DevOps Engineer,55.9,Average,65.3,54.3,Tech
B.Tech,CSE,2,8.06,73,4.9,3.4,7.5,8.8,95,96,1,4,2,5,77,57,77,78,65,72,63,2,70,85,Placement,Cybersecurity Analyst,72.2,Average,67.4,51.8,Tech
BBA,Finance,1,7.61,79,3.5,2.3,7.7,3.6,92,89,3,5,4,6,71,50,84,54,60,60,54,1,66,77,Placement,UI/UX Designer,51.8,At Risk,68.8,66.3,Management
BBA,Marketing,3,7.16,71,3.4,3.1,7.3,6.6,94,84,0,4,3,4,69,43,81,71,49,84,83,1,56,74,Research,UI/UX Designer,70.0,Average,64.8,54.2,Management
B.Tech,IT,3,6.8,73,3.0,2.2,6.4,5.7,89,82,2,2,3,4,56,62,64,55,46,67,54,1,42,68,Placement,Software Engineer,47.2,At Risk,38.0,76.4,Tech
Law,Criminal,2,8.92,82,6.1,2.6,6.4,5.9,97,100,0,5,3,4,75,66,78,75,48,79,88,1,74,77,Higher Studies,Business Analyst,86.7,Good,79.4,70.3,Law
B.Tech,IT,4,7.93,76,4.8,3.0,7.4,5.4,89,91,2,4,5,6,78,49,71,61,61,59,56,1,63,82,Higher Studies,QA Engineer,64.1,Average,70.0,77.6,Tech
B.Com,General,2,7.48,83,5.6,3.0,7.9,7.1,99,96,0,6,3,3,58,67,74,66,60,39,65,1,68,86,Higher Studies,Data Analyst,73.2,Average,72.9,48.3,Commerce
B.Tech,AI&DS,1,7.79,77,4.0,4.2,5.8,7.3,86,89,0,7,4,8,89,54,84,68,56,62,66,1,92,96,Freelancing,Software Engineer,72.9,Average,85.0,72.1,Tech
B.Tech,ECE,1,8.47,71,5.5,3.2,6.0,9.5,95,96,0,5,3,4,93,21,93,66,76,45,73,1,61,78,Research,Machine Learning Engineer,80.5,Good,73.4,55.1,Tech
BCA,General,1,8.27,71,6.2,3.3,7.3,6.9,92,92,1,5,3,5,91,73,63,65,87,74,77,1,63,96,Placement,Software Engineer,69.8,Average,70.1,38.2,Tech
BCA,General,2,8.9,78,5.3,3.2,7.5,4.8,94,99,1,4,2,3,65,54,90,77,64,64,59,1,72,76,Placement,Data Engineer,77.9,Good,65.0,61.8,Tech
B.Tech,AI&DS,2,8.2,82,5.0,3.0,7.5,6.2,93,97,0,5,4,5,71,83,64,65,48,79,65,1,63,82,Placement,AI Engineer,82.0,Good,70.0,58.4,Tech
BCA,General,2,6.57,62,2.1,2.3,6.8,6.2,76,68,3,3,5,5,63,69,64,45,54,50,60,1,65,92,Startup,Cybersecurity Analyst,34.8,At Risk,64.3,58.3,Tech
B.Com,General,1,7.75,88,4.9,3.9,6.8,4.9,100,96,0,5,5,2,73,62,66,67,52,68,76,0,74,84,Government Job,Business Analyst,78.5,Good,63.7,60.4,Commerce
BBA,Marketing,1,8.87,68,6.3,3.1,7.8,5.1,97,94,0,7,4,6,71,57,81,84,55,77,91,1,86,100,Placement,Data Analyst,82.3,Good,86.4,81.5,Management
B.Com,Hons,3,7.13,61,3.2,2.0,6.6,8.0,81,77,3,3,0,3,81,43,50,59,40,64,59,1,41,69,Placement,Product Manager,42.6,At Risk,37.2,48.1,Commerce
B.Com,Hons,2,8.15,86,5.0,4.7,5.9,3.3,99,86,0,8,4,8,77,52,76,75,63,82,79,2,100,92,Startup,Product Manager,83.4,Good,93.7,93.9,Commerce
Law,Corporate,3,7.3,75,3.8,1.7,7.1,8.6,84,80,1,3,3,3,69,53,63,51,40,57,45,0,52,66,Placement,Product Manager,60.7,Average,46.8,37.1,Law
B.Com,General,4,7.29,94,5.0,2.7,8.0,6.4,100,98,0,3,1,3,81,68,56,76,32,54,53,1,63,56,Higher Studies,Product Manager,79.2,Good,56.7,58.0,Commerce
B.Tech,IT,2,8.65,73,5.3,2.2,7.0,3.6,100,95,1,5,2,5,94,71,80,52,51,73,86,1,74,87,Placement,Data Scientist,79.8,Good,73.1,56.4,Tech
B.Tech,AI&DS,2,8.1,89,5.2,0.3,6.8,5.9,92,97,1,3,1,3,44,45,81,56,52,70,69,0,68,78,Higher Studies,Backend Developer,68.3,Average,62.8,53.7,Tech
B.Com,General,3,7.35,76,3.0,0.5,7.2,9.0,92,87,0,2,1,1,42,64,51,61,20,67,67,0,51,60,Placement,Business Analyst,63.5,Average,29.2,49.8,Commerce
BCA,General,1,7.0,78,4.5,0.4,8.3,5.4,92,92,1,2,0,2,42,76,53,59,63,65,56,0,40,68,Placement,Business Analyst,55.6,Average,25.2,44.9,Tech
BBA,Marketing,4,7.54,73,3.8,3.1,5.8,4.4,90,85,1,4,2,3,69,71,43,60,67,66,57,2,72,74,Freelancing,Data Analyst,65.5,Average,71.7,63.6,Management
BCA,General,2,7.58,58,3.6,4.1,6.6,4.0,97,84,1,6,3,4,81,45,77,69,63,52,42,1,67,79,Higher Studies,Software Engineer,57.1,Average,75.1,64.6,Tech
BCA,General,2,8.11,87,5.6,4.2,8.5,5.5,100,97,0,5,1,4,66,77,73,79,59,73,83,1,67,88,Placement,Cybersecurity Analyst,82.6,Good,70.5,69.0,Tech
B.Tech,IT,2,7.94,71,5.7,3.5,6.7,6.8,93,97,1,5,1,6,49,52,65,67,43,60,68,0,70,79,Government Job,DevOps Engineer,72.5,Average,65.2,71.5,Tech
B.Tech,AI&DS,3,7.59,78,5.6,3.7,6.4,3.5,93,91,1,6,4,4,78,61,82,62,49,49,69,1,66,72,Higher Studies,Backend Developer,64.8,Average,70.0,66.8,Tech
BCA,General,4,7.71,57,4.1,3.7,5.8,8.4,85,75,2,6,4,5,64,43,77,83,55,45,64,1,67,86,Freelancing,Cybersecurity Analyst,51.2,At Risk,70.0,57.6,Tech
Law,Corporate,4,7.23,69,4.8,1.4,7.7,2.2,85,89,1,2,1,3,46,68,51,60,51,60,51,0,37,84,Higher Studies,Data Analyst,59.2,Average,44.1,51.2,Law
B.Com,Hons,1,6.23,77,3.9,0.7,8.4,6.7,83,84,1,2,0,1,67,42,57,44,22,57,58,0,47,64,Placement,Business Analyst,53.8,At Risk,29.1,36.9,Commerce
B.Tech,CSE,1,7.75,72,3.9,3.9,6.5,6.4,89,82,0,4,3,3,55,48,73,60,55,64,55,1,72,76,Placement,UI/UX Designer,66.5,Average,62.4,62.2,Tech
B.Com,Hons,2,7.23,92,3.2,3.9,7.2,7.8,83,84,2,5,5,5,65,66,66,69,47,64,55,0,56,76,Placement,Product Manager,57.7,Average,49.5,51.9,Commerce
B.Tech,AI&DS,1,8.32,92,5.6,4.3,7.7,4.3,99,94,0,8,5,5,94,53,84,70,68,77,67,1,70,92,Government Job,Cloud Engineer,86.0,Good,85.0,79.9,Tech
BCA,General,2,8.02,100,7.4,2.1,7.6,5.4,100,97,0,2,3,6,78,63,81,72,57,67,65,1,53,88,Higher Studies,QA Engineer,84.8,Good,66.7,63.0,Tech
B.Tech,IT,2,6.73,70,1.8,1.8,7.3,4.7,85,75,2,3,2,3,52,43,42,54,38,55,58,0,54,60,Higher Studies,Product Manager,46.1,At Risk,27.5,38.5,Tech
Law,Corporate,2,7.56,66,4.9,3.2,7.4,6.4,87,91,3,6,3,4,36,35,63,56,79,77,69,0,74,85,Placement,Data Analyst,54.8,At Risk,65.2,41.3,Law
Law,Corporate,2,8.36,77,6.2,3.5,6.7,5.6,99,92,3,5,4,7,83,67,89,66,61,80,73,1,84,100,Higher Studies,Business Analyst,63.8,Average,88.9,55.8,Law
B.Tech,AI&DS,2,7.55,84,5.1,2.7,7.5,4.3,97,87,2,5,5,7,78,49,57,61,77,39,63,0,61,89,Government Job,AI Engineer,62.2,Average,63.6,62.7,Tech
B.Tech,AI&DS,3,5.9,66,4.1,0.9,6.1,8.3,77,78,2,2,1,3,42,62,53,53,40,55,63,1,57,79,Placement,UI/UX Designer,38.5,At Risk,42.3,43.5,Tech
BBA,Marketing,1,8.14,100,6.3,2.4,7.2,2.0,100,100,0,3,0,5,78,49,58,42,44,78,77,1,69,75,Placement,UI/UX Designer,86.9,Good,55.7,64.0,Management
BCA,General,1,6.65,73,2.8,3.3,7.4,2.3,84,72,1,5,2,3,76,62,70,43,56,52,59,0,62,73,Startup,Frontend Developer,51.9,At Risk,49.4,51.4,Tech
BBA,HR,3,7.19,65,4.5,2.5,8.2,6.7,88,84,1,4,3,3,49,63,62,68,76,61,69,1,61,84,Startup,UI/UX Designer,60.6,Average,60.0,58.8,Management
Law,Criminal,1,7.67,75,5.1,4.5,7.2,7.4,86,95,1,6,4,4,85,57,75,68,49,53,67,1,62,74,Placement,Cybersecurity Analyst,67.9,Average,74.3,56.6,Law
B.Com,General,1,7.99,78,5.6,1.8,7.3,4.2,100,100,0,5,2,4,68,65,68,72,60,67,72,1,58,70,Startup,Data Analyst,82.1,Good,70.0,82.6,Commerce
B.Com,Hons,2,6.83,75,4.7,2.9,7.6,4.0,85,89,0,6,4,5,97,77,94,55,48,78,60,1,67,65,Placement,Business Analyst,63.2,Average,79.6,71.6,Commerce
B.Tech,AI&DS,3,7.35,55,2.6,1.9,6.8,6.3,87,86,2,3,2,1,55,58,74,57,53,74,84,1,53,77,Placement,Machine Learning Engineer,50.7,At Risk,53.7,59.2,Tech
B.Tech,AI&DS,2,6.9,74,4.4,4.1,6.6,4.8,92,94,0,3,3,5,70,42,66,59,72,50,52,0,55,71,Placement,DevOps Engineer,69.7,Average,60.0,61.2,Tech
B.Tech,CSE,3,6.91,76,3.6,1.3,7.0,6.1,87,86,1,3,3,4,71,32,67,66,41,72,80,1,56,72,Freelancing,Data Scientist,58.8,Average,51.6,29.5,Tech
BCA,General,3,7.16,56,1.7,3.2,6.5,8.2,86,77,4,3,3,4,37,28,67,59,62,30,38,0,45,76,Research,Cloud Engineer,38.3,At Risk,31.6,34.3,Tech
Law,Corporate,2,8.66,78,4.7,3.9,8.0,7.6,100,93,0,7,5,5,83,54,86,68,68,71,71,1,74,74,Placement,Data Analyst,84.0,Good,83.8,76.1,Law
BCA,General,4,7.56,63,3.5,2.2,5.9,8.7,84,84,2,5,1,2,48,40,51,76,30,52,60,1,69,62,Placement,DevOps Engineer,55.4,Average,49.8,65.2,Tech
B.Tech,AI&DS,3,8.37,80,3.9,2.4,7.5,6.0,95,98,2,4,3,4,62,39,65,58,42,63,78,0,76,63,Freelancing,Data Scientist,72.6,Average,56.5,47.3,Tech
BBA,Finance,1,7.0,66,3.4,1.9,7.4,6.5,84,78,3,3,1,1,66,54,64,58,50,79,47,1,60,40,Higher Studies,Business Analyst,44.5,At Risk,36.0,21.4,Management
BBA,Finance,1,8.17,72,5.2,4.3,6.9,4.8,100,88,0,4,3,5,50,51,59,66,54,74,80,2,87,81,Higher Studies,UI/UX Designer,75.6,Good,70.3,51.6,Management
B.Tech,AI&DS,1,6.62,55,2.8,0.0,6.0,9.3,77,80,2,1,1,0,35,49,37,79,41,59,64,0,41,55,Higher Studies,Business Analyst,37.3,At Risk,21.3,42.2,Tech
BCA,General,3,7.21,68,5.4,4.9,7.4,4.9,90,93,1,7,4,5,81,54,80,68,81,53,57,1,79,89,Freelancing,Backend Developer,66.1,Average,79.0,64.9,Tech
B.Tech,AI&DS,1,8.02,66,4.4,3.5,7.4,7.7,98,95,0,7,5,5,94,56,92,75,69,68,71,2,94,91,Government Job,Machine Learning Engineer,75.0,Average,86.0,86.0,Tech
BCA,General,2,8.03,68,5.5,2.8,6.5,9.6,100,97,4,5,3,4,74,49,69,80,69,57,66,1,76,91,Research,Business Analyst,54.4,At Risk,73.9,62.1,Tech
BBA,Finance,1,6.92,76,2.1,1.4,8.3,4.0,82,82,0,4,0,2,38,35,26,46,42,59,52,0,35,54,Government Job,Business Analyst,60.3,Average,32.4,39.9,Management
B.Tech,IT,4,8.82,86,4.4,3.1,8.1,5.1,99,97,0,6,2,3,64,50,57,58,43,63,66,1,79,90,Higher Studies,Data Scientist,88.6,Good,80.8,71.8,Tech
B.Com,Hons,3,7.82,77,5.0,1.6,8.5,2.1,96,89,1,4,1,3,76,48,73,58,52,61,65,1,68,65,Higher Studies,Business Analyst,71.1,Average,59.9,51.0,Commerce
B.Tech,CSE,3,8.33,67,5.5,2.6,6.5,9.5,88,84,1,5,5,5,60,79,66,60,47,63,66,1,77,82,Freelancing,Cybersecurity Analyst,64.9,Average,66.1,58.7,Tech
BBA,HR,3,7.57,79,4.7,2.0,6.5,4.5,90,81,1,4,4,7,59,74,69,44,47,76,79,1,82,89,Freelancing,UI/UX Designer,64.4,Average,73.4,59.2,Management
B.Tech,ECE,2,9.29,79,5.3,4.1,7.4,5.4,99,91,0,6,5,5,74,72,94,68,59,90,91,2,82,93,Startup,Machine Learning Engineer,86.5,Good,85.0,71.9,Tech
B.Tech,ECE,1,7.89,61,3.8,3.8,6.3,7.1,79,80,2,5,6,2,53,66,75,46,52,68,49,1,61,61,Placement,Full Stack Developer,51.0,At Risk,63.5,58.3,Tech
B.Tech,ECE,1,7.66,73,4.0,3.1,4.8,6.6,92,83,4,4,5,3,54,40,73,59,59,53,51,0,57,77,Placement,Machine Learning Engineer,47.9,At Risk,54.8,64.1,Tech
BBA,HR,2,8.59,79,6.0,2.5,6.8,3.9,100,86,2,6,3,5,73,27,58,70,59,30,70,0,50,71,Placement,Product Manager,68.9,Average,60.0,50.5,Management
B.Tech,IT,4,6.44,65,3.1,1.9,6.0,9.4,80,76,1,5,2,3,90,41,62,65,48,60,64,1,71,67,Freelancing,DevOps Engineer,50.0,At Risk,55.3,49.5,Tech
B.Tech,ECE,1,7.77,73,6.5,1.9,7.7,5.4,98,100,0,1,1,5,39,73,65,51,76,71,75,0,71,95,Placement,Data Analyst,83.4,Good,70.1,49.9,Tech
B.Com,General,1,8.76,85,6.9,2.8,7.9,4.2,100,100,0,4,3,6,84,63,71,84,67,65,61,1,70,88,Placement,Data Analyst,90.7,Excellent,76.9,54.0,Commerce
B.Tech,ECE,2,7.9,77,3.2,3.3,7.0,6.2,87,85,1,6,3,6,80,47,63,66,57,70,45,1,63,87,Higher Studies,QA Engineer,68.1,Average,77.6,69.1,Tech
BCA,General,1,7.24,64,3.0,1.5,6.6,6.6,85,84,0,2,2,5,81,62,60,44,57,69,59,0,38,77,Placement,UI/UX Designer,61.6,Average,45.0,49.4,Tech
BBA,Finance,2,8.49,88,6.0,2.6,8.3,3.3,100,98,0,4,2,5,59,35,71,66,37,32,51,0,35,82,Placement,Data Analyst,81.9,Good,49.6,59.6,Management
B.Com,Hons,3,8.11,76,5.0,3.1,6.7,6.3,94,85,1,5,2,5,78,54,76,67,70,77,68,0,70,59,Research,Product Manager,72.7,Average,70.0,53.7,Commerce
BBA,Finance,1,6.41,59,2.4,0.3,6.9,6.1,76,75,4,2,0,4,39,22,53,74,27,48,53,0,54,64,Placement,UI/UX Designer,26.1,At Risk,25.3,34.3,Management
B.Tech,AI&DS,2,7.85,84,4.6,3.8,7.4,8.2,94,85,0,5,4,5,78,60,77,47,66,66,69,1,74,95,Higher Studies,Product Manager,75.5,Good,78.2,82.1,Tech
Law,Criminal,2,7.18,58,2.4,1.0,6.9,6.5,79,79,1,1,1,1,41,35,58,52,30,56,54,1,52,54,Startup,Business Analyst,50.9,At Risk,30.0,48.4,Law
Law,Criminal,1,8.04,70,5.6,1.1,6.2,4.5,93,90,1,3,4,5,77,75,62,61,70,66,71,1,65,77,Placement,Business Analyst,68.1,Average,70.9,70.3,Law
Law,Corporate,4,6.8,75,2.6,3.4,8.6,4.5,78,75,2,5,0,6,83,52,83,47,48,70,57,1,75,71,Placement,Cybersecurity Analyst,53.1,At Risk,62.9,41.6,Law
BBA,Finance,4,7.42,63,1.8,1.0,5.7,6.3,71,70,4,1,2,1,52,46,79,73,41,67,62,1,58,68,Higher Studies,Business Analyst,31.2,At Risk,46.6,48.1,Management
BCA,General,3,7.49,63,5.6,0.1,6.2,6.4,96,96,1,2,2,2,50,62,52,59,42,50,73,1,75,49,Placement,Full Stack Developer,63.6,Average,47.1,53.2,Tech
Law,Corporate,2,8.06,86,5.2,4.1,7.3,8.4,97,98,0,5,6,6,68,76,69,80,48,68,57,1,78,82,Startup,Product Manager,81.8,Good,81.0,66.7,Law
BBA,Finance,2,7.11,72,4.9,2.3,7.4,3.3,90,89,2,4,3,3,64,68,63,71,57,83,70,1,63,70,Placement,Product Manager,56.1,Average,57.0,30.1,Management
BCA,General,3,8.22,92,7.1,5.3,6.3,4.7,100,96,0,8,6,8,77,48,95,59,79,45,63,2,90,100,Higher Studies,Cloud Engineer,83.0,Good,92.3,77.6,Tech
BBA,Marketing,3,7.65,84,3.8,0.3,7.1,4.8,98,90,0,3,2,3,54,65,61,45,41,78,62,0,60,65,Placement,UI/UX Designer,68.6,Average,51.4,49.4,Management
BBA,Finance,4,7.54,64,3.9,1.5,6.5,8.0,84,79,2,2,0,5,67,46,54,60,63,59,68,0,48,64,Research,Product Manager,50.5,At Risk,47.2,56.8,Management
BCA,General,1,8.22,75,5.0,2.6,6.6,2.5,95,93,1,4,4,5,37,46,80,77,61,59,62,0,53,66,Government Job,Software Engineer,71.1,Average,54.1,50.0,Tech
B.Tech,ECE,1,7.41,69,3.6,2.0,7.7,7.7,79,81,4,5,4,4,72,22,78,56,65,48,65,0,64,83,Placement,Cloud Engineer,37.4,At Risk,59.5,56.9,Tech
BBA,Finance,2,7.48,66,4.5,1.6,5.9,6.6,80,87,1,5,2,2,59,50,74,62,37,74,59,0,71,80,Higher Studies,UI/UX Designer,56.7,Average,55.4,51.4,Management
B.Tech,ECE,2,7.16,60,5.4,2.8,7.9,3.1,83,85,2,4,4,4,65,49,65,68,55,62,56,1,57,79,Placement,Product Manager,49.4,At Risk,57.2,45.3,Tech
B.Tech,CSE,4,8.59,100,6.4,5.1,7.3,4.7,100,100,0,7,6,7,83,64,92,88,66,75,83,2,100,100,Government Job,Data Engineer,89.1,Good,96.2,87.7,Tech
B.Tech,CSE,1,6.48,66,2.3,2.2,7.4,4.4,75,72,0,3,1,3,51,59,73,56,40,63,51,0,42,45,Higher Studies,Backend Developer,52.6,At Risk,45.0,63.9,Tech
B.Tech,IT,2,7.7,71,5.6,3.0,6.6,5.7,91,83,1,5,3,5,70,55,66,64,70,73,62,1,93,70,Placement,UI/UX Designer,61.0,Average,72.7,55.6,Tech
Law,Corporate,1,8.16,80,6.2,3.0,5.4,6.4,94,93,0,6,4,5,90,56,71,54,77,83,83,1,75,73,Startup,Data Analyst,77.7,Good,76.9,77.6,Law
B.Tech,AI&DS,4,8.18,91,6.2,3.7,6.7,7.6,100,100,0,8,4,8,66,76,66,72,57,77,90,2,100,85,Placement,Data Analyst,85.5,Good,89.4,94.8,Tech
BBA,Marketing,3,7.23,72,5.6,1.9,6.6,6.6,85,91,0,4,4,4,65,62,68,46,63,57,55,2,73,72,Higher Studies,Product Manager,67.4,Average,64.4,45.4,Management
B.Tech,AI&DS,4,7.3,94,4.2,1.2,7.1,2.0,99,87,0,1,0,2,58,58,48,44,63,72,55,0,37,65,Higher Studies,Business Analyst,69.6,Average,35.0,28.4,Tech
BCA,General,2,8.28,82,6.6,4.7,6.5,6.5,100,96,0,8,4,5,98,52,62,52,63,60,51,2,79,87,Higher Studies,Cloud Engineer,82.9,Good,78.0,60.4,Tech
B.Tech,AI&DS,2,8.62,83,6.5,4.1,6.9,4.5,100,91,0,9,5,6,85,66,100,71,69,61,63,1,90,94,Placement,Data Scientist,84.6,Good,91.6,64.0,Tech
B.Tech,ECE,4,8.69,80,6.7,5.2,8.8,4.3,100,100,0,7,5,9,76,34,88,73,82,50,69,2,68,100,Higher Studies,Data Engineer,89.3,Good,85.0,64.6,Tech
B.Tech,ECE,1,8.86,76,4.6,3.0,6.2,5.9,93,99,0,6,3,5,93,50,75,78,72,59,60,1,77,80,Placement,Backend Developer,78.7,Good,84.2,56.1,Tech
B.Tech,CSE,4,8.6,83,5.4,3.0,6.6,7.2,92,91,1,6,4,5,76,49,79,40,80,62,73,2,80,90,Startup,Data Engineer,76.7,Good,74.5,64.6,Tech
Law,Corporate,3,7.89,67,5.4,0.2,7.2,7.3,89,86,2,0,0,0,19,44,40,56,46,47,52,0,36,56,Placement,Cybersecurity Analyst,56.6,Average,20.7,34.8,Law
Law,Corporate,2,6.43,73,1.7,1.1,6.8,3.7,77,75,0,3,2,4,56,62,62,43,28,66,65,1,72,77,Placement,Data Analyst,54.2,At Risk,57.3,61.7,Law
B.Tech,IT,3,8.32,83,6.6,4.0,5.3,6.2,93,93,0,8,5,8,81,46,100,71,74,86,72,2,100,100,Placement,Cybersecurity Analyst,83.1,Good,97.1,79.5,Tech
B.Tech,ECE,3,7.66,84,4.9,2.2,7.4,5.5,92,95,1,4,3,3,64,27,75,67,53,78,48,0,53,80,Placement,Cloud Engineer,66.7,Average,50.7,42.1,Tech
B.Tech,AI&DS,1,7.54,68,4.9,3.4,7.0,8.2,92,87,2,7,3,4,71,62,86,57,54,65,78,0,68,79,Freelancing,Full Stack Developer,56.3,Average,67.2,64.7,Tech
BBA,Finance,4,7.52,62,4.1,2.3,7.9,3.0,85,87,3,3,1,2,71,33,60,81,40,63,62,1,45,67,Government Job,Business Analyst,47.7,At Risk,39.8,51.0,Management
BCA,General,4,6.7,65,5.1,0.1,6.9,5.8,83,84,1,2,1,2,43,47,54,44,63,49,55,1,45,56,Placement,QA Engineer,55.1,Average,44.1,37.5,Tech
BBA,HR,2,8.26,77,4.6,3.8,7.0,6.3,84,92,2,5,5,5,94,47,61,75,33,52,52,1,60,89,Government Job,UI/UX Designer,62.5,Average,64.9,63.0,Management
BCA,General,4,8.3,80,5.6,3.0,7.4,5.8,100,93,0,4,3,4,70,59,96,55,59,64,79,1,68,83,Higher Studies,UI/UX Designer,77.4,Good,73.8,51.3,Tech
BBA,Marketing,3,8.12,73,4.2,2.6,5.2,7.9,92,89,0,3,2,5,77,65,71,61,56,72,64,1,68,82,Placement,Business Analyst,72.6,Average,66.2,51.4,Management
B.Tech,CSE,2,6.26,49,2.4,0.7,6.5,5.9,67,71,4,0,1,0,32,33,24,43,61,53,64,0,35,58,Government Job,Cybersecurity Analyst,22.2,At Risk,21.4,36.8,Tech
Law,Criminal,3,7.04,62,4.2,3.5,4.9,7.5,87,81,1,5,3,4,64,57,73,53,68,57,55,1,80,92,Placement,Cybersecurity Analyst,59.8,Average,72.4,57.6,Law
B.Tech,AI&DS,4,7.09,60,1.7,2.4,5.8,9.3,77,77,3,3,3,2,64,18,65,65,55,54,60,1,60,72,Placement,UI/UX Designer,37.7,At Risk,53.2,65.1,Tech
B.Tech,CSE,2,8.82,83,5.1,4.0,7.3,4.8,100,96,0,7,3,7,55,60,84,64,78,79,68,1,85,96,Placement,Full Stack Developer,85.0,Good,88.7,71.1,Tech
Law,Corporate,1,7.44,88,3.7,1.9,7.6,4.5,86,83,0,4,2,4,76,39,67,58,42,50,59,0,46,78,Government Job,Cybersecurity Analyst,68.5,Average,52.4,48.1,Law
B.Tech,IT,4,6.4,46,1.0,2.4,5.4,8.9,64,71,4,2,3,2,42,34,64,60,34,76,50,2,67,72,Startup,Software Engineer,20.6,At Risk,51.9,69.1,Tech
B.Tech,ECE,2,6.82,72,2.8,1.3,7.2,5.0,76,83,1,4,4,3,72,62,70,65,56,76,53,0,67,61,Placement,Data Engineer,50.1,At Risk,64.6,40.5,Tech
B.Tech,CSE,3,8.43,87,5.8,4.6,6.1,4.5,100,97,0,7,4,8,68,71,89,67,68,61,64,2,88,97,Placement,Backend Developer,84.0,Good,92.4,83.0,Tech
B.Com,General,2,8.6,80,6.8,2.3,7.3,3.9,100,95,0,6,2,4,84,61,83,65,59,75,66,1,71,70,Placement,Business Analyst,84.3,Good,75.1,71.4,Commerce
BBA,Finance,4,7.63,89,6.7,0.3,7.3,4.3,100,95,1,1,0,3,45,45,57,48,23,78,68,0,35,59,Higher Studies,Business Analyst,71.8,Average,27.5,35.3,Management
Law,Corporate,3,7.47,67,3.6,2.4,6.6,8.2,87,84,2,5,3,3,89,50,67,64,55,58,73,0,62,72,Placement,Cybersecurity Analyst,54.1,At Risk,53.7,59.7,Law
B.Tech,ECE,3,6.41,59,3.9,1.8,6.9,6.9,84,85,4,3,1,3,53,53,67,51,54,41,56,1,55,76,Placement,Software Engineer,30.4,At Risk,38.3,35.7,Tech
B.Com,General,3,7.1,79,2.4,1.3,8.0,4.7,93,89,2,4,4,1,63,39,62,57,34,54,50,1,44,68,Placement,Business Analyst,53.2,At Risk,44.2,35.8,Commerce
BCA,General,1,7.19,73,3.5,4.2,8.3,6.3,87,90,2,6,5,5,90,43,72,72,48,58,52,1,74,95,Placement,Full Stack Developer,54.0,At Risk,71.9,51.2,Tech
BCA,General,3,7.44,69,3.6,2.7,6.4,5.0,85,85,1,5,6,3,68,40,99,66,61,45,68,1,63,90,Higher Studies,Backend Developer,62.8,Average,77.4,81.0,Tech
Law,Corporate,3,7.33,61,2.5,1.8,5.5,6.8,78,73,4,3,3,3,56,39,53,44,54,51,43,1,56,90,Freelancing,Data Analyst,38.0,At Risk,45.0,38.9,Law
BCA,General,1,7.2,64,4.2,2.9,6.8,4.1,93,88,1,5,4,5,63,28,83,58,66,42,48,2,77,100,Freelancing,QA Engineer,61.7,Average,77.1,73.8,Tech
BBA,Marketing,1,7.06,50,2.8,2.3,6.0,8.1,72,73,3,4,5,2,63,53,50,56,61,77,80,1,79,63,Startup,UI/UX Designer,39.7,At Risk,51.2,37.0,Management
B.Tech,IT,1,7.25,69,3.3,4.8,6.6,8.1,90,78,4,8,6,6,92,64,100,74,64,89,57,3,100,99,Placement,Full Stack Developer,41.1,At Risk,91.1,91.3,Tech
B.Tech,ECE,2,7.1,83,4.9,1.5,8.0,6.9,85,91,0,2,2,4,44,49,72,65,44,49,61,1,49,65,Government Job,DevOps Engineer,67.2,Average,42.1,33.3,Tech
BBA,Marketing,3,8.07,85,5.1,4.0,7.0,4.7,100,100,0,4,3,5,89,32,89,65,56,67,58,1,62,63,Startup,Business Analyst,78.8,Good,71.2,49.8,Management
Law,Corporate,2,7.67,73,6.6,1.0,7.8,6.0,97,98,1,2,3,4,63,50,65,67,69,65,61,0,60,77,Startup,Data Analyst,69.8,Average,54.4,21.7,Law
B.Tech,ECE,4,8.29,86,5.3,4.0,7.0,4.8,100,99,0,6,2,6,76,58,62,82,68,65,56,2,76,96,Higher Studies,DevOps Engineer,82.5,Good,84.1,56.4,Tech
BBA,Marketing,1,7.64,78,5.6,2.9,7.6,6.0,90,90,1,6,4,5,53,61,93,84,63,55,68,0,75,94,Placement,Product Manager,67.3,Average,83.6,74.2,Management
Law,Corporate,2,6.61,69,3.6,0.7,7.7,4.6,87,79,1,0,1,2,64,48,37,65,56,66,61,0,44,65,Placement,Product Manager,53.7,At Risk,34.0,23.1,Law
BBA,Finance,1,8.08,87,7.0,1.6,6.9,6.2,95,90,0,5,2,4,79,74,65,53,47,72,73,0,65,75,Government Job,Data Analyst,78.4,Good,66.6,72.3,Management
B.Tech,CSE,4,6.32,58,2.7,1.9,6.5,7.2,70,68,0,3,1,3,64,52,54,54,53,48,71,0,44,66,Placement,Data Engineer,45.6,At Risk,43.6,68.2,Tech
Law,Criminal,1,7.14,86,4.6,2.6,7.6,4.5,99,99,0,5,2,5,71,65,79,77,52,85,80,1,78,84,Government Job,Product Manager,74.2,Average,74.8,58.9,Law
B.Com,General,4,7.82,86,4.8,2.1,7.1,5.7,100,94,0,4,3,5,70,56,63,62,42,77,65,2,87,87,Higher Studies,Product Manager,77.6,Good,68.5,49.2,Commerce
BBA,HR,2,6.73,64,3.2,1.6,7.7,3.9,85,84,2,3,0,2,52,55,60,62,52,75,83,0,73,72,Placement,UI/UX Designer,47.4,At Risk,55.5,47.2,Management
BCA,General,2,6.2,73,2.1,0.9,7.6,7.3,84,77,0,2,3,3,53,45,46,53,59,59,67,1,50,69,Government Job,UI/UX Designer,56.1,Average,44.8,52.4,Tech
BBA,Finance,2,6.49,70,3.5,0.1,8.0,5.5,86,80,4,2,0,2,41,43,60,61,36,60,71,0,41,66,Higher Studies,Product Manager,32.9,At Risk,24.1,14.5,Management
Law,Criminal,1,6.69,77,4.5,4.0,7.1,6.6,87,84,2,6,3,7,77,68,83,66,87,57,63,1,74,90,Freelancing,Cybersecurity Analyst,51.9,At Risk,76.6,54.2,Law
BBA,Marketing,3,6.88,78,3.9,1.4,7.7,3.8,95,84,1,1,0,5,47,57,55,58,64,69,67,1,62,95,Freelancing,UI/UX Designer,63.9,Average,56.7,56.9,Management
B.Tech,AI&DS,3,7.66,76,4.8,3.8,6.7,8.7,98,95,0,8,6,7,58,58,100,67,73,80,70,2,100,86,Freelancing,Software Engineer,78.5,Good,93.6,83.3,Tech
B.Tech,ECE,2,8.5,64,6.0,2.6,7.3,6.0,99,91,0,4,1,3,64,72,86,75,65,64,76,1,72,86,Placement,Software Engineer,78.5,Good,68.2,40.1,Tech
B.Tech,IT,3,8.03,91,6.2,4.5,7.2,7.2,100,94,0,5,4,4,79,74,75,62,70,78,72,1,73,65,Placement,UI/UX Designer,80.5,Good,70.0,61.3,Tech
B.Com,Hons,3,7.44,77,3.8,1.8,7.5,4.8,88,83,1,3,1,5,78,58,73,47,37,70,66,1,63,87,Government Job,Data Analyst,60.4,Average,67.2,58.0,Commerce
B.Tech,AI&DS,3,7.44,87,6.3,3.7,6.9,5.6,92,87,1,7,3,5,72,64,67,67,61,55,47,1,68,71,Placement,Backend Developer,69.3,Average,71.9,72.8,Tech
B.Tech,CSE,3,7.39,40,2.8,1.0,5.9,10.9,68,76,1,3,1,2,66,50,67,66,67,58,46,0,40,71,Placement,Data Scientist,49.0,At Risk,51.0,50.4,Tech
B.Tech,CSE,2,7.46,67,4.6,5.2,8.0,5.7,93,91,1,8,6,7,78,62,92,67,68,74,69,2,100,100,Higher Studies,Software Engineer,71.6,Average,95.9,92.0,Tech
B.Tech,IT,1,6.59,69,3.1,2.2,8.0,4.2,82,78,1,2,2,4,58,37,59,42,63,40,43,1,70,75,Higher Studies,Data Analyst,51.1,At Risk,51.2,60.0,Tech
B.Tech,IT,2,7.48,60,4.6,2.4,6.2,4.9,85,85,2,3,3,2,56,48,68,80,41,71,80,1,59,83,Placement,Data Analyst,53.8,At Risk,62.2,48.7,Tech
B.Tech,ECE,2,7.8,75,5.5,3.1,7.9,7.8,92,90,1,3,5,4,73,43,77,48,66,55,54,1,48,89,Placement,Machine Learning Engineer,67.3,Average,63.0,88.2,Tech
BBA,HR,1,7.38,70,3.7,2.5,7.2,3.2,87,83,2,6,3,5,62,34,69,84,62,45,61,1,78,72,Placement,Product Manager,54.2,At Risk,67.3,65.8,Management
BCA,General,3,6.19,64,2.3,0.5,8.3,9.2,84,78,2,3,1,1,52,34,48,56,20,49,49,0,35,59,Placement,Frontend Developer,39.9,At Risk,26.5,40.1,Tech
BBA,HR,2,8.07,63,5.5,3.5,6.9,5.2,88,91,1,6,5,6,83,49,99,66,64,51,65,2,81,100,Placement,Business Analyst,64.7,Average,90.3,68.0,Management
BBA,Marketing,3,7.99,90,7.8,3.0,7.7,7.3,100,100,0,7,3,6,83,82,87,57,56,64,69,1,75,91,Higher Studies,Business Analyst,86.5,Good,91.5,85.5,Management
Law,Corporate,1,8.36,76,5.1,2.0,6.6,2.7,98,87,0,5,1,3,70,73,69,56,46,75,70,1,78,62,Higher Studies,Business Analyst,78.2,Good,71.1,56.9,Law
BBA,HR,1,7.49,49,2.7,2.5,7.1,10.7,80,75,4,3,4,1,44,42,55,74,39,56,46,0,41,59,Placement,Business Analyst,38.0,At Risk,31.0,45.8,Management
BBA,Marketing,1,7.67,79,4.0,1.6,5.8,7.7,92,95,0,2,3,2,66,48,74,63,70,54,79,0,62,57,Research,UI/UX Designer,71.7,Average,51.9,50.3,Management
BCA,General,4,6.92,46,1.7,2.0,4.6,7.6,73,74,4,2,3,2,57,59,63,49,56,53,50,1,63,82,Startup,Frontend Developer,28.2,At Risk,47.1,51.6,Tech
Law,Criminal,3,7.73,77,4.5,4.0,6.8,8.8,88,86,0,7,5,8,98,69,74,62,59,82,71,2,100,97,Startup,Cybersecurity Analyst,73.8,Average,89.5,57.2,Law
B.Tech,CSE,2,7.56,63,3.7,2.3,7.3,5.2,98,86,0,5,3,3,59,65,63,70,60,53,51,1,69,75,Placement,Machine Learning Engineer,64.5,Average,61.9,51.6,Tech
B.Com,Hons,1,8.15,80,5.1,3.4,7.1,5.3,92,93,0,2,0,4,82,75,80,69,27,64,65,1,56,59,Government Job,Data Analyst,74.7,Average,57.0,68.1,Commerce
B.Tech,IT,2,8.48,86,5.8,2.1,8.0,7.1,100,100,0,3,3,4,51,34,66,62,53,74,83,1,50,79,Higher Studies,Data Analyst,86.2,Good,57.8,58.8,Tech
BBA,Marketing,3,7.77,63,3.6,0.7,7.5,4.3,91,80,0,3,0,3,61,51,60,65,56,56,60,1,46,59,Placement,Business Analyst,66.7,Average,49.9,38.6,Management
B.Tech,IT,4,8.26,81,4.9,3.8,7.2,7.1,100,97,0,7,6,4,86,31,65,82,60,66,78,2,85,83,Placement,Data Scientist,77.2,Good,81.3,61.3,Tech
BBA,Marketing,1,8.27,75,5.7,1.8,7.4,5.5,98,89,0,3,1,3,61,51,73,55,64,82,86,1,74,69,Freelancing,Business Analyst,76.0,Good,66.5,48.5,Management
Law,Criminal,4,7.32,74,1.6,3.5,6.8,7.1,80,83,2,5,4,5,52,64,79,60,50,75,64,2,80,88,Placement,Product Manager,49.2,At Risk,70.1,58.3,Law
B.Tech,AI&DS,1,7.19,66,5.0,3.9,6.5,7.1,94,85,0,7,4,5,69,46,80,79,58,63,53,0,62,86,Startup,Full Stack Developer,67.0,Average,74.1,59.7,Tech
B.Tech,ECE,1,6.78,53,2.9,1.2,6.7,7.1,74,71,4,2,1,3,55,52,53,56,27,52,59,1,60,62,Freelancing,Frontend Developer,31.7,At Risk,27.6,60.0,Tech
B.Tech,AI&DS,1,7.85,85,5.5,4.8,6.5,2.0,100,91,0,8,5,8,84,66,73,63,53,67,81,1,77,100,Government Job,AI Engineer,78.3,Good,90.4,77.3,Tech
BCA,General,1,8.27,80,4.5,4.7,6.4,6.2,93,93,0,6,5,6,80,49,77,80,64,52,53,2,81,81,Startup,Full Stack Developer,84.5,Good,79.8,87.7,Tech
B.Com,Hons,2,7.91,100,5.0,3.0,6.5,4.6,100,92,0,6,5,4,61,72,76,70,76,87,69,1,75,87,Placement,Data Analyst,80.8,Good,85.8,48.6,Commerce
B.Tech,ECE,3,7.23,66,3.3,1.7,7.0,6.9,87,80,1,4,2,3,43,23,57,59,45,65,52,0,55,71,Placement,Data Engineer,55.1,Average,45.0,46.9,Tech
BBA,Finance,2,8.47,81,7.4,2.8,7.7,2.0,100,98,0,6,4,5,85,79,81,59,58,66,79,0,63,80,Placement,UI/UX Designer,88.6,Good,80.1,39.8,Management
B.Tech,CSE,3,8.62,83,6.9,4.2,8.2,5.0,100,100,0,6,5,6,90,36,87,55,89,41,70,1,62,87,Placement,AI Engineer,89.4,Good,90.3,44.1,Tech
BCA,General,1,7.71,68,5.7,1.7,6.9,5.0,94,89,0,3,2,2,48,67,66,64,40,58,54,0,35,65,Government Job,Cybersecurity Analyst,75.3,Good,43.6,46.6,Tech
B.Com,General,3,7.12,57,3.8,3.4,5.9,6.9,79,80,4,3,3,2,62,40,73,57,71,52,55,1,56,88,Startup,Data Analyst,41.0,At Risk,65.4,34.9,Commerce
B.Tech,AI&DS,1,7.99,68,3.6,3.4,7.4,8.3,88,85,1,5,5,4,89,48,100,72,87,52,58,1,78,94,Placement,QA Engineer,67.6,Average,88.7,70.6,Tech
BCA,General,2,7.76,69,4.4,3.5,6.9,5.5,96,96,1,3,3,6,65,83,82,69,64,69,69,1,58,85,Higher Studies,Full Stack Developer,71.6,Average,64.7,50.4,Tech
BCA,General,4,7.1,80,3.7,3.0,7.7,5.6,82,82,2,5,5,6,76,38,58,84,51,39,47,1,68,81,Startup,Cloud Engineer,48.8,At Risk,65.1,73.1,Tech
BCA,General,3,7.7,66,3.7,1.6,8.3,6.0,90,91,0,5,3,2,47,39,51,58,50,61,79,1,74,76,Placement,QA Engineer,67.3,Average,65.3,72.5,Tech
B.Tech,CSE,3,7.5,73,4.9,4.5,5.7,5.1,87,96,1,9,6,8,73,57,79,71,86,41,65,2,95,100,Placement,AI Engineer,67.6,Average,93.7,60.4,Tech
B.Tech,ECE,3,6.45,73,3.6,2.8,7.3,2.9,88,78,2,4,2,6,64,60,41,75,39,65,64,1,74,80,Placement,Cybersecurity Analyst,48.3,At Risk,63.5,68.9,Tech
BBA,HR,2,6.8,51,2.2,0.0,6.7,7.5,75,75,4,0,2,2,62,81,43,38,46,57,65,0,36,66,Higher Studies,UI/UX Designer,29.2,At Risk,22.3,36.0,Management
B.Tech,AI&DS,3,7.24,75,4.5,2.2,6.6,5.5,98,94,1,5,3,5,61,55,82,85,52,62,52,1,64,95,Higher Studies,QA Engineer,64.3,Average,80.5,71.2,Tech
B.Tech,CSE,2,7.96,75,5.0,2.4,6.5,7.7,95,97,0,4,5,4,91,46,84,62,72,38,58,0,62,67,Placement,Backend Developer,79.5,Good,65.9,50.0,Tech
BCA,General,3,8.47,74,6.0,4.7,7.2,6.8,98,100,0,5,3,7,62,72,80,78,66,71,75,1,93,100,Placement,QA Engineer,88.6,Good,82.1,85.2,Tech
B.Tech,ECE,3,6.58,61,1.9,2.4,6.3,5.3,84,78,3,3,2,3,68,28,50,58,73,38,41,0,45,69,Placement,DevOps Engineer,39.4,At Risk,34.5,53.3,Tech
BBA,Marketing,4,6.51,69,3.4,0.0,7.8,5.1,81,75,1,0,0,3,34,33,32,54,24,44,43,0,35,76,Freelancing,Data Analyst,51.2,At Risk,23.9,35.5,Management
B.Com,Hons,4,7.03,81,3.5,1.4,7.2,4.6,88,89,0,4,2,3,59,39,53,54,37,59,60,1,58,71,Higher Studies,Data Analyst,67.7,Average,48.6,30.9,Commerce
BBA,Marketing,4,6.98,78,3.0,0.8,7.3,6.5,83,86,0,0,0,3,28,34,36,48,50,42,63,0,35,58,Higher Studies,Business Analyst,65.3,Average,22.8,12.0,Management
B.Com,General,1,7.47,61,4.4,3.1,6.8,7.1,100,95,1,7,3,6,67,39,82,75,67,69,61,1,81,72,Startup,Product Manager,66.3,Average,80.6,73.8,Commerce
B.Tech,AI&DS,1,8.59,79,6.5,3.6,6.8,6.6,100,100,0,7,4,6,80,42,78,66,85,70,50,1,91,90,Higher Studies,AI Engineer,84.2,Good,87.4,74.2,Tech
B.Tech,IT,2,7.66,65,5.2,3.0,6.4,10.2,93,83,2,5,4,5,75,48,90,82,74,79,72,1,78,71,Placement,Data Scientist,58.6,Average,76.9,49.7,Tech
BCA,General,4,7.44,59,3.5,0.9,6.6,5.4,81,88,2,2,1,3,70,47,89,66,51,66,64,1,37,64,Startup,Full Stack Developer,51.3,At Risk,46.5,36.8,Tech
B.Tech,CSE,3,6.38,59,3.3,0.3,6.7,9.4,81,90,1,0,0,1,59,46,54,51,33,47,52,0,38,73,Freelancing,UI/UX Designer,46.0,At Risk,29.9,67.8,Tech
BBA,HR,3,6.99,65,3.9,1.5,7.2,8.3,90,84,2,2,2,4,52,59,57,63,45,60,48,2,66,74,Placement,UI/UX Designer,51.7,At Risk,52.5,42.3,Management
Law,Corporate,4,7.27,83,6.1,4.0,8.1,4.2,91,86,1,5,3,7,75,61,67,76,51,60,70,3,85,77,Government Job,Product Manager,66.4,Average,78.9,69.7,Law
BCA,General,3,8.35,68,3.8,4.0,7.7,5.0,90,87,1,7,5,8,81,44,64,63,73,70,63,1,89,100,Research,Frontend Developer,69.4,Average,83.1,87.3,Tech
Law,Criminal,1,8.07,80,5.3,2.6,7.8,2.3,93,95,1,4,1,4,56,68,64,69,70,87,83,1,69,64,Government Job,Business Analyst,70.5,Average,62.1,78.8,Law
BBA,Marketing,2,7.4,67,4.2,2.3,6.5,6.9,88,90,2,6,4,4,88,40,80,40,54,56,79,1,72,87,Government Job,UI/UX Designer,56.9,Average,68.8,63.9,Management
BCA,General,4,7.62,61,3.9,1.5,5.3,10.2,77,75,2,3,2,3,67,38,79,57,59,62,73,0,67,76,Government Job,UI/UX Designer,51.1,At Risk,46.2,56.5,Tech
Law,Criminal,4,7.65,86,6.1,2.5,7.7,5.6,100,100,0,3,1,3,70,65,60,58,69,67,68,0,68,76,Government Job,Product Manager,77.7,Good,70.2,40.3,Law
B.Tech,ECE,1,8.31,70,5.2,4.4,5.1,6.4,100,100,0,5,5,7,66,50,91,82,60,65,60,0,63,100,Government Job,Data Scientist,82.3,Good,75.6,69.9,Tech
B.Tech,AI&DS,4,7.62,62,3.3,2.6,6.5,7.5,76,79,1,3,3,3,80,39,62,76,61,62,63,1,64,76,Startup,UI/UX Designer,58.6,Average,65.4,58.1,Tech
B.Tech,ECE,2,7.46,82,4.5,4.3,6.8,5.3,91,92,1,5,2,5,83,61,65,57,57,76,65,1,63,83,Research,Data Analyst,69.4,Average,72.3,50.2,Tech
BBA,Finance,2,8.05,74,4.5,2.9,7.3,5.3,95,91,0,3,4,5,83,41,68,64,57,49,60,0,52,77,Higher Studies,Data Analyst,73.6,Average,64.6,40.8,Management
B.Tech,CSE,2,7.52,72,3.2,4.9,5.6,8.7,88,86,0,8,5,5,73,30,81,61,79,54,58,0,78,89,Freelancing,Data Engineer,67.1,Average,79.1,79.1,Tech
B.Tech,AI&DS,4,7.98,73,3.8,3.2,6.9,5.6,85,84,1,5,2,2,86,56,62,63,45,61,85,0,56,87,Research,Full Stack Developer,65.1,Average,50.4,63.1,Tech
B.Com,General,4,8.42,71,5.9,3.3,6.5,8.9,92,95,0,4,3,5,83,27,87,87,79,45,64,1,62,94,Freelancing,Data Analyst,76.6,Good,78.7,89.9,Commerce
BBA,HR,2,8.28,66,5.7,2.1,6.0,4.2,98,97,0,6,2,5,54,49,87,71,60,70,74,2,79,86,Placement,Data Analyst,84.5,Good,80.1,62.6,Management
BCA,General,3,7.11,79,4.2,3.3,6.2,7.1,83,85,0,4,2,6,76,72,65,51,30,61,63,1,77,76,Higher Studies,Cloud Engineer,64.4,Average,65.9,38.7,Tech
B.Tech,IT,1,7.14,91,4.9,0.9,7.3,3.5,94,87,1,2,1,3,67,41,64,59,43,60,71,0,44,63,Startup,Data Analyst,62.7,Average,39.7,66.5,Tech
B.Tech,AI&DS,3,7.45,86,4.4,3.9,6.0,7.8,93,88,0,9,4,7,74,64,70,81,58,75,79,1,72,88,Placement,Software Engineer,75.1,Good,85.3,76.4,Tech
Law,Corporate,1,7.24,67,5.2,1.7,4.6,7.6,91,93,1,2,1,3,37,48,58,68,58,57,70,1,66,75,Freelancing,Business Analyst,61.2,Average,54.5,68.7,Law
B.Com,Hons,3,7.37,69,4.1,3.8,7.2,6.9,98,99,0,6,5,5,66,29,86,80,69,45,48,2,68,84,Placement,Data Analyst,67.3,Average,77.9,55.5,Commerce
B.Tech,AI&DS,2,6.96,60,2.8,3.0,7.0,5.7,83,87,2,6,3,5,51,67,77,60,29,70,75,0,73,75,Placement,UI/UX Designer,48.7,At Risk,73.4,57.1,Tech
B.Com,General,1,7.23,62,3.1,1.4,7.0,5.7,75,78,2,3,3,1,80,46,69,63,58,70,58,1,59,74,Startup,Data Analyst,44.1,At Risk,51.0,66.9,Commerce
B.Tech,ECE,1,8.64,57,2.5,4.5,7.5,5.3,79,85,2,6,7,4,66,18,72,84,74,45,59,1,71,72,Research,AI Engineer,57.7,Average,66.1,52.4,Tech
B.Tech,ECE,4,8.42,85,6.1,4.7,7.7,6.6,100,98,0,7,6,9,87,37,100,93,79,57,59,1,72,100,Research,QA Engineer,81.3,Good,94.0,73.6,Tech
B.Tech,CSE,1,7.64,91,5.6,2.6,8.2,2.0,90,87,1,5,2,6,69,45,61,59,51,49,58,1,68,97,Placement,Cybersecurity Analyst,66.5,Average,73.1,63.4,Tech
B.Tech,ECE,2,7.12,69,3.9,3.8,5.9,7.0,87,83,2,7,4,4,84,57,80,78,72,61,64,1,70,70,Freelancing,Data Engineer,52.8,At Risk,76.4,73.0,Tech
B.Tech,CSE,1,7.62,94,5.9,2.4,7.6,3.2,96,92,0,3,3,5,84,52,49,57,64,70,54,1,68,92,Startup,Data Analyst,77.5,Good,70.0,75.2,Tech
BCA,General,2,7.74,71,3.8,3.0,7.1,6.7,87,87,0,5,3,6,68,36,78,64,77,63,54,1,75,80,Higher Studies,Data Engineer,67.1,Average,75.0,56.3,Tech
B.Com,Hons,4,7.35,64,3.7,4.6,7.4,5.2,84,82,1,8,3,4,100,19,72,72,83,60,53,2,78,100,Government Job,Product Manager,57.5,Average,85.0,78.1,Commerce
B.Tech,CSE,2,8.32,76,4.6,5.0,7.8,7.2,94,94,1,7,6,4,85,61,100,72,62,62,66,1,58,90,Higher Studies,Backend Developer,71.6,Average,80.6,63.5,Tech
B.Tech,IT,3,8.0,82,4.0,2.5,7.8,4.8,86,92,0,6,5,5,67,59,82,70,57,69,71,2,86,87,Higher Studies,Data Scientist,74.5,Average,85.0,71.8,Tech
BCA,General,2,8.2,92,4.8,3.4,7.6,4.9,100,96,0,6,4,6,76,71,71,78,52,79,82,1,71,78,Research,Data Analyst,82.4,Good,78.8,68.5,Tech
B.Tech,IT,1,7.83,95,6.4,4.2,7.1,3.3,100,93,0,9,5,8,92,58,88,71,69,71,62,2,100,100,Placement,QA Engineer,78.9,Good,98.0,91.7,Tech
Law,Corporate,4,8.2,71,6.6,1.3,6.3,5.2,97,93,1,1,0,3,44,78,79,43,42,71,80,0,49,74,Startup,Product Manager,73.1,Average,45.0,42.5,Law
BCA,General,2,8.16,73,5.7,3.5,5.4,6.8,95,99,0,6,5,4,75,39,78,61,69,47,73,1,71,65,Higher Studies,QA Engineer,77.5,Good,73.1,67.2,Tech
B.Tech,ECE,3,7.62,79,4.0,2.6,7.4,7.3,94,90,0,5,1,4,55,93,49,59,71,86,66,1,72,74,Government Job,Business Analyst,73.6,Average,64.3,52.0,Tech
B.Com,Hons,4,8.17,76,6.1,2.5,7.0,4.6,100,93,0,4,3,4,62,72,83,49,34,71,78,2,59,60,Placement,Business Analyst,77.1,Good,67.5,41.3,Commerce
BCA,General,3,8.39,94,6.3,3.1,7.7,5.3,98,97,0,5,2,5,63,61,59,77,48,61,57,1,75,74,Placement,DevOps Engineer,85.7,Good,75.2,51.2,Tech
B.Tech,AI&DS,2,7.65,75,5.2,3.8,6.7,7.2,94,86,1,9,5,5,82,26,89,88,71,61,61,2,97,100,Freelancing,Full Stack Developer,66.7,Average,92.6,80.6,Tech
BCA,General,3,9.06,83,7.3,3.7,7.0,8.3,100,100,0,7,4,7,71,66,91,62,83,67,75,2,97,100,Placement,QA Engineer,89.9,Good,94.7,79.9,Tech
BCA,General,3,7.07,85,4.4,2.3,7.5,5.5,90,84,4,3,0,3,62,29,63,61,41,48,62,0,53,59,Placement,Full Stack Developer,45.2,At Risk,44.2,47.4,Tech
BBA,Finance,1,7.34,67,4.0,1.7,6.7,4.6,86,87,0,3,3,4,66,31,49,65,56,59,72,0,62,78,Placement,Product Manager,66.5,Average,59.2,39.0,Management
BCA,General,4,8.21,77,5.9,5.8,7.1,6.5,96,97,1,7,5,9,72,39,73,62,59,61,64,2,83,100,Government Job,Software Engineer,76.2,Good,83.7,66.4,Tech
B.Tech,IT,1,7.94,67,4.3,2.5,7.4,6.1,90,90,0,6,4,4,84,48,63,57,90,76,70,1,83,77,Placement,Full Stack Developer,72.2,Average,79.2,68.1,Tech
BCA,General,1,8.14,69,4.2,3.8,6.5,7.2,85,84,1,6,5,6,69,39,95,70,67,50,76,1,79,81,Higher Studies,Full Stack Developer,62.7,Average,78.2,74.9,Tech
BCA,General,2,6.39,56,2.3,1.3,6.0,6.9,69,74,4,1,3,1,49,47,40,53,43,45,54,0,42,47,Research,Backend Developer,24.6,At Risk,27.7,44.5,Tech
BBA,HR,2,7.74,82,6.3,4.3,8.0,5.7,100,95,1,5,3,6,48,71,80,63,62,56,57,2,68,83,Placement,Data Analyst,68.0,Average,74.1,60.1,Management
BBA,Marketing,1,8.9,73,5.0,4.4,6.3,6.5,98,96,2,5,5,5,74,81,66,60,64,57,76,1,77,95,Placement,Data Analyst,66.7,Average,76.1,57.9,Management
Law,Corporate,2,7.85,80,5.5,3.7,6.9,5.6,100,100,0,4,0,3,59,57,58,65,46,63,64,1,65,85,Higher Studies,Data Analyst,79.0,Good,64.6,37.4,Law
B.Tech,ECE,2,6.67,73,3.2,3.1,7.8,4.8,89,85,2,4,2,3,52,62,74,54,58,71,62,0,55,79,Startup,Frontend Developer,50.1,At Risk,53.7,47.3,Tech
BBA,Marketing,4,7.59,71,5.2,2.7,7.7,6.3,92,100,3,2,2,5,32,51,56,60,30,69,68,2,50,98,Government Job,Product Manager,59.3,Average,53.2,69.3,Management
B.Tech,ECE,2,8.21,77,6.5,4.7,6.0,6.5,96,96,0,6,6,6,83,55,100,82,56,62,73,1,80,100,Placement,AI Engineer,82.9,Good,85.5,70.0,Tech
B.Tech,AI&DS,2,5.88,68,2.7,3.3,6.7,4.7,83,82,1,4,6,6,73,66,78,56,63,74,68,1,64,79,Government Job,Frontend Developer,50.9,At Risk,70.0,58.2,Tech
B.Tech,AI&DS,1,8.22,84,6.5,2.4,7.0,4.3,94,95,0,6,3,3,54,40,55,56,53,53,84,0,68,56,Placement,Frontend Developer,79.6,Good,49.2,53.7,Tech
BCA,General,4,7.2,72,4.1,2.7,6.5,7.8,83,79,0,5,4,6,72,32,75,72,72,55,52,1,68,92,Research,QA Engineer,64.8,Average,78.6,96.6,Tech
B.Tech,ECE,2,7.8,72,4.0,1.6,6.1,4.6,84,88,1,4,1,4,67,35,63,59,57,66,54,0,59,83,Placement,Software Engineer,65.9,Average,56.3,49.2,Tech
B.Tech,IT,3,9.22,76,8.0,2.9,6.4,4.9,100,100,0,5,3,10,85,16,70,68,66,53,81,2,83,91,Freelancing,Machine Learning Engineer,90.9,Excellent,84.4,62.1,Tech
BCA,General,3,7.04,66,2.9,2.2,5.1,7.4,83,74,4,4,4,2,61,34,72,36,65,42,60,1,58,73,Government Job,Data Engineer,36.2,At Risk,49.2,33.7,Tech
B.Tech,ECE,2,6.87,100,4.9,4.0,7.8,4.2,98,90,0,5,2,6,85,73,50,52,47,59,53,1,81,82,Government Job,UI/UX Designer,74.3,Average,62.0,39.2,Tech
B.Tech,CSE,2,6.93,80,3.7,3.2,6.9,6.6,87,89,1,5,4,4,62,33,66,66,68,30,33,0,47,70,Higher Studies,Machine Learning Engineer,58.3,Average,54.5,54.7,Tech
B.Tech,CSE,3,7.04,75,3.9,2.1,8.6,6.5,90,85,0,4,1,4,64,59,76,56,66,71,68,0,51,70,Freelancing,Frontend Developer,63.4,Average,46.7,52.9,Tech
B.Com,Hons,3,8.32,84,6.4,4.7,7.2,6.1,100,95,0,6,5,6,71,53,80,54,61,73,81,2,81,86,Startup,Product Manager,80.4,Good,80.7,61.5,Commerce
BCA,General,1,7.8,91,5.9,5.4,6.9,5.6,100,100,0,8,5,8,99,69,85,64,74,74,81,3,85,100,Startup,Data Engineer,84.0,Good,91.9,83.8,Tech
B.Tech,ECE,2,7.24,64,3.5,2.5,7.3,3.7,81,77,4,4,2,3,40,32,74,67,50,72,72,1,61,74,Higher Studies,Frontend Developer,36.4,At Risk,58.6,63.0,Tech
B.Tech,CSE,1,7.04,87,4.6,4.8,7.4,6.1,97,89,0,7,4,7,63,70,67,71,69,65,66,1,78,91,Placement,DevOps Engineer,71.1,Average,80.7,60.7,Tech
BBA,HR,1,7.41,57,2.0,0.6,6.4,7.3,80,71,1,2,2,2,55,38,87,63,42,72,64,0,53,83,Placement,UI/UX Designer,51.9,At Risk,52.3,53.2,Management
BBA,Finance,3,7.5,79,3.7,1.1,8.3,6.9,92,85,3,3,1,1,60,58,67,33,47,75,77,0,57,59,Freelancing,Product Manager,49.7,At Risk,20.8,47.9,Management
BCA,General,4,7.37,62,3.2,2.6,7.1,7.1,86,83,1,3,6,1,71,13,75,73,65,68,58,1,62,73,Research,Frontend Developer,60.5,Average,61.1,42.1,Tech
B.Tech,IT,2,8.15,72,5.1,4.4,7.0,8.3,95,95,1,9,7,9,84,61,84,61,89,69,60,1,100,91,Startup,Product Manager,77.0,Good,90.2,76.0,Tech
BCA,General,4,7.73,78,6.3,4.3,7.9,5.2,98,97,0,5,4,6,82,55,76,54,57,68,61,1,84,73,Higher Studies,DevOps Engineer,79.7,Good,83.3,69.5,Tech
BCA,General,2,6.64,76,3.0,3.1,7.6,7.7,81,77,2,1,0,5,49,60,53,45,25,69,52,1,62,77,Placement,Business Analyst,45.6,At Risk,45.0,32.7,Tech
B.Tech,AI&DS,4,8.01,78,6.5,3.5,7.5,5.4,92,93,0,4,5,6,60,42,87,69,59,57,60,2,69,85,Government Job,Software Engineer,74.1,Average,77.7,94.7,Tech
BCA,General,1,7.57,78,4.6,3.6,7.6,8.3,89,90,0,6,5,5,79,65,54,69,52,76,63,0,80,66,Startup,Frontend Developer,77.1,Good,70.3,74.2,Tech
B.Tech,CSE,2,7.2,59,3.6,2.2,7.2,7.2,84,82,2,2,2,4,48,58,66,70,40,59,57,0,61,86,Placement,Product Manager,50.7,At Risk,51.3,74.5,Tech
BBA,Marketing,4,7.25,81,2.5,1.9,7.7,4.7,77,78,0,2,1,4,45,46,49,50,39,45,37,0,42,75,Higher Studies,Data Analyst,59.5,Average,33.9,25.3,Management
B.Tech,IT,4,8.73,73,6.2,2.8,7.1,6.5,100,100,0,4,3,3,67,67,53,78,61,65,81,2,79,79,Research,UI/UX Designer,87.0,Good,74.1,65.4,Tech
B.Tech,IT,4,5.83,53,2.2,0.4,6.6,7.5,68,66,3,0,0,1,48,29,52,28,24,46,47,0,36,63,Government Job,Business Analyst,19.8,At Risk,23.6,49.7,Tech
B.Tech,CSE,3,8.71,71,5.8,4.9,6.0,5.1,94,94,0,9,6,5,100,61,94,72,92,63,72,2,90,86,Placement,AI Engineer,81.2,Good,95.9,71.4,Tech
B.Tech,AI&DS,2,8.43,83,5.7,2.6,7.6,6.6,98,93,1,5,3,4,70,60,64,90,60,76,88,1,77,80,Placement,Product Manager,75.1,Good,70.0,86.9,Tech
B.Tech,IT,4,8.52,96,6.1,0.4,7.5,2.0,100,100,1,3,2,1,44,80,64,37,25,75,78,0,55,57,Higher Studies,UI/UX Designer,78.5,Good,49.5,36.9,Tech
B.Com,General,3,8.49,86,6.5,4.0,5.4,4.2,100,97,0,7,6,7,100,61,88,92,59,89,71,1,84,100,Startup,Product Manager,82.7,Good,94.2,73.8,Commerce
BCA,General,4,7.84,67,5.4,2.5,7.1,7.5,92,88,4,4,3,6,59,81,78,58,72,84,57,2,87,75,Startup,Data Analyst,54.0,At Risk,69.7,63.7,Tech
B.Tech,CSE,2,7.85,87,4.2,2.6,6.8,6.5,93,91,1,4,4,4,46,56,68,66,45,81,68,1,78,80,Research,Product Manager,68.8,Average,76.5,48.4,Tech
BCA,General,4,7.12,62,1.8,0.0,6.2,6.5,78,79,1,0,0,0,24,9,42,49,56,50,36,0,37,45,Higher Studies,Business Analyst,51.6,At Risk,22.1,31.8,Tech
B.Tech,ECE,3,8.14,62,4.7,3.1,6.9,5.5,100,100,1,6,4,6,65,43,97,62,59,54,76,2,69,90,Placement,Backend Developer,71.6,Average,78.9,68.2,Tech
BCA,General,3,8.62,72,4.2,4.5,6.6,6.0,88,86,3,3,6,6,53,61,87,68,59,67,58,2,71,91,Placement,Cloud Engineer,55.3,Average,69.2,55.8,Tech
B.Tech,IT,1,7.32,68,4.9,2.2,6.8,10.1,91,85,4,2,4,4,46,50,54,64,74,66,64,1,60,76,Freelancing,Data Engineer,42.0,At Risk,46.7,49.0,Tech
B.Tech,CSE,2,7.23,76,4.2,1.2,7.9,7.8,91,85,1,3,2,5,53,44,55,48,57,51,66,0,48,64,Government Job,UI/UX Designer,61.5,Average,50.9,59.8,Tech
B.Tech,ECE,1,8.07,89,6.1,1.6,6.7,7.9,93,95,0,4,1,4,61,77,75,83,62,60,68,0,51,69,Research,Data Engineer,81.6,Good,59.7,61.8,Tech
BBA,HR,2,6.75,74,4.4,1.1,7.6,6.3,83,91,1,3,0,2,42,51,35,31,31,55,47,0,49,60,Placement,Business Analyst,56.0,Average,31.4,44.5,Management
BCA,General,3,7.16,84,4.1,3.3,7.4,5.3,94,83,2,3,4,4,71,59,67,65,61,54,44,0,40,89,Research,Cybersecurity Analyst,58.5,Average,50.0,59.4,Tech
Law,Criminal,2,8.14,59,4.2,2.8,7.1,8.0,85,83,4,4,5,4,66,45,73,63,65,72,75,1,63,88,Startup,Product Manager,44.4,At Risk,62.8,71.5,Law
Law,Criminal,1,7.23,70,3.3,3.0,6.9,4.8,84,94,3,5,3,5,54,31,81,47,71,55,54,0,58,73,Placement,Cybersecurity Analyst,50.1,At Risk,59.6,48.5,Law
BCA,General,2,6.56,79,4.2,1.7,7.0,9.1,87,91,1,2,2,4,64,48,53,58,52,75,66,0,54,59,Placement,UI/UX Designer,51.6,At Risk,42.8,40.5,Tech
Law,Criminal,3,6.8,76,2.7,0.9,8.4,6.9,78,75,1,0,0,0,61,75,43,32,40,76,66,0,35,70,Placement,Business Analyst,53.1,At Risk,21.7,34.9,Law
BCA,General,2,6.42,45,1.0,1.6,5.4,8.7,73,71,4,4,3,2,57,38,55,85,53,38,55,1,60,84,Startup,Frontend Developer,21.0,At Risk,56.1,56.8,Tech
BBA,HR,3,7.37,89,4.2,1.4,7.7,4.4,85,89,0,4,1,4,60,67,71,74,68,64,72,0,55,70,Higher Studies,Business Analyst,68.4,Average,61.5,44.6,Management
Law,Criminal,2,8.17,82,5.5,3.1,7.0,3.6,97,92,1,3,3,3,73,63,78,49,55,73,78,1,66,73,Higher Studies,Business Analyst,66.5,Average,66.0,58.1,Law
Law,Criminal,3,8.08,90,5.0,2.8,8.8,2.0,92,92,1,3,2,5,57,67,72,71,50,61,52,0,53,65,Government Job,Data Analyst,70.0,Average,57.8,51.7,Law
BBA,Finance,2,6.81,59,4.3,1.1,6.6,6.2,81,81,0,3,2,3,52,34,65,44,54,47,35,0,58,72,Government Job,UI/UX Designer,59.4,Average,47.0,59.1,Management
B.Tech,IT,1,6.75,73,2.9,2.4,8.6,3.2,81,74,0,4,0,4,79,59,60,60,24,75,62,1,65,76,Government Job,Business Analyst,64.1,Average,60.8,47.2,Tech
BBA,Finance,3,7.49,72,3.4,2.0,7.3,7.4,93,84,0,3,1,2,71,71,55,47,46,72,84,1,59,72,Higher Studies,Product Manager,66.5,Average,58.9,67.1,Management
B.Com,General,2,6.83,66,3.9,0.0,6.8,6.3,84,78,2,1,0,0,42,44,29,42,39,65,54,0,35,48,Higher Studies,Data Analyst,44.7,At Risk,22.5,30.2,Commerce
B.Tech,CSE,3,7.73,62,4.4,3.2,6.5,3.9,95,89,3,7,4,4,82,78,80,82,54,66,65,1,84,84,Startup,Backend Developer,54.3,At Risk,80.0,52.8,Tech
Law,Criminal,3,7.36,64,5.3,3.4,6.3,4.2,94,91,1,4,3,5,75,41,59,49,69,69,57,2,84,76,Government Job,Product Manager,64.7,Average,69.9,73.9,Law
B.Com,General,3,7.86,77,4.8,3.4,7.8,4.3,100,100,0,6,3,6,59,75,57,63,74,76,74,1,97,74,Freelancing,Product Manager,77.2,Good,80.5,72.4,Commerce
B.Com,General,2,6.8,65,2.9,2.0,6.4,6.1,80,76,2,2,2,3,83,65,60,52,44,50,57,1,49,73,Placement,Business Analyst,44.8,At Risk,47.8,48.8,Commerce
B.Com,General,2,7.02,77,5.2,3.1,7.5,7.6,88,91,1,6,5,6,68,55,78,69,71,51,69,1,74,96,Placement,Data Analyst,61.5,Average,75.1,51.3,Commerce
B.Com,Hons,1,7.28,57,4.1,2.2,8.0,6.0,90,81,1,3,2,5,56,48,62,65,59,72,66,0,74,78,Placement,Data Analyst,59.0,Average,66.1,66.1,Commerce
B.Tech,IT,2,7.2,74,5.7,2.7,6.3,4.8,99,91,1,5,3,6,62,56,81,81,69,65,76,1,77,85,Higher Studies,Machine Learning Engineer,67.8,Average,82.8,56.9,Tech
BCA,General,3,9.37,79,5.6,3.5,6.1,4.7,100,98,0,5,4,5,61,45,82,48,81,37,81,0,63,100,Research,Backend Developer,93.7,Excellent,82.3,52.7,Tech
B.Tech,CSE,4,7.85,63,2.9,2.0,6.1,5.2,84,90,3,4,3,3,67,54,78,46,53,70,68,1,66,78,Government Job,Full Stack Developer,52.0,At Risk,53.9,56.1,Tech
BCA,General,4,8.59,79,5.1,3.4,7.7,5.8,99,99,0,8,5,7,86,59,94,61,71,61,55,2,91,100,Placement,DevOps Engineer,85.3,Good,98.0,89.7,Tech
B.Tech,CSE,3,8.8,79,4.4,3.7,7.0,4.8,92,86,1,5,4,6,75,41,94,73,38,68,76,1,89,93,Placement,Software Engineer,74.7,Average,78.4,70.6,Tech
Law,Criminal,3,7.05,55,5.2,2.5,5.2,6.8,95,89,2,4,3,4,79,43,74,65,65,66,67,2,74,73,Startup,Business Analyst,55.8,Average,61.9,58.5,Law
BCA,General,2,7.72,66,2.9,0.3,6.7,5.9,81,87,0,2,2,2,58,68,56,54,42,88,60,0,39,59,Placement,Frontend Developer,62.4,Average,35.9,34.2,Tech
B.Tech,IT,3,7.3,78,4.8,2.3,7.7,6.1,93,85,0,3,3,5,48,46,72,72,51,68,75,1,57,79,Placement,Cloud Engineer,74.9,Average,70.0,71.2,Tech
B.Com,Hons,2,8.12,83,4.8,2.5,6.5,2.5,100,96,0,2,0,3,50,51,60,35,41,70,67,0,58,67,Government Job,Business Analyst,80.7,Good,48.9,42.4,Commerce
BBA,Marketing,4,7.65,73,4.5,4.2,6.6,7.1,85,87,1,6,5,6,83,48,87,80,77,51,55,2,73,77,Freelancing,Data Analyst,68.1,Average,78.8,72.5,Management
B.Tech,CSE,1,8.48,86,5.2,3.3,6.2,4.8,100,95,0,2,3,5,72,59,68,80,57,66,65,1,64,69,Placement,QA Engineer,81.6,Good,70.0,91.9,Tech
Law,Corporate,2,7.06,61,2.1,2.9,6.2,8.3,88,80,3,5,4,3,75,36,67,61,28,57,40,1,52,76,Placement,Cybersecurity Analyst,45.5,At Risk,56.2,53.1,Law
BCA,General,1,7.09,73,2.8,3.4,7.1,6.5,81,80,2,6,3,4,80,76,85,74,67,62,58,1,76,95,Placement,Data Analyst,51.5,At Risk,81.1,56.4,Tech
BCA,General,1,6.49,70,3.4,3.7,7.6,7.7,86,72,3,6,5,7,75,57,62,74,67,63,61,2,66,79,Placement,Frontend Developer,39.7,At Risk,77.5,52.1,Tech
BCA,General,3,7.59,67,5.4,2.2,7.5,4.5,88,91,2,3,4,3,57,44,48,80,64,83,78,2,78,87,Higher Studies,Business Analyst,56.3,Average,70.0,56.4,Tech
BCA,General,1,9.26,84,8.0,4.4,6.1,7.6,100,98,0,8,6,7,98,73,96,88,84,69,79,1,82,94,Research,Backend Developer,89.8,Good,95.7,64.7,Tech
BCA,General,2,7.67,88,6.3,2.1,7.1,6.1,93,91,0,5,3,4,69,70,85,55,55,77,85,0,65,74,Higher Studies,Cloud Engineer,80.6,Good,64.5,61.2,Tech
BCA,General,1,7.74,72,4.6,3.7,7.0,4.4,83,86,1,8,5,6,64,68,74,59,52,66,59,1,86,67,Placement,Full Stack Developer,67.1,Average,76.8,81.7,Tech
B.Tech,CSE,4,7.61,60,3.0,2.5,6.2,9.7,77,83,3,5,3,3,73,31,71,75,41,48,52,2,83,89,Startup,Software Engineer,45.1,At Risk,61.3,63.2,Tech
BBA,HR,4,6.31,51,2.7,0.7,7.2,6.2,73,75,4,0,0,0,28,63,51,39,35,68,49,0,42,47,Higher Studies,UI/UX Designer,25.0,At Risk,20.2,30.5,Management
B.Tech,AI&DS,2,8.13,81,5.0,2.4,7.5,4.1,87,96,0,4,4,4,86,63,60,62,65,64,72,2,80,60,Placement,UI/UX Designer,74.9,Average,70.5,71.0,Tech
B.Com,Hons,4,7.07,82,3.9,1.8,7.3,5.6,87,89,1,1,1,1,50,77,43,68,42,71,58,1,60,78,Placement,Data Analyst,56.6,Average,45.0,39.0,Commerce
BCA,General,1,7.67,73,4.1,3.0,8.1,6.3,85,83,1,3,4,3,51,62,63,60,48,58,61,0,40,69,Placement,Data Analyst,58.3,Average,45.0,45.1,Tech
BBA,Finance,2,7.98,64,5.3,2.0,7.2,5.5,93,90,1,1,2,3,66,62,66,53,39,68,55,0,48,80,Placement,Data Analyst,65.3,Average,51.8,59.4,Management
B.Tech,CSE,3,7.23,76,3.3,6.0,6.3,5.6,83,83,4,10,8,8,72,53,100,74,67,73,49,2,100,100,Placement,AI Engineer,42.9,At Risk,93.2,95.1,Tech
BCA,General,1,6.88,59,2.4,3.1,6.4,6.8,79,78,2,6,4,6,75,31,86,61,68,51,51,0,60,78,Freelancing,QA Engineer,42.3,At Risk,64.7,53.8,Tech
BBA,HR,4,8.39,85,4.7,2.0,5.9,7.2,96,93,4,5,2,6,86,76,81,49,56,89,84,2,84,86,Placement,Business Analyst,58.2,Average,80.0,65.0,Management
B.Tech,CSE,4,7.45,79,4.2,1.7,7.4,5.9,90,79,1,1,1,3,61,33,62,52,39,67,70,1,52,74,Research,Machine Learning Engineer,63.2,Average,50.3,46.8,Tech
BCA,General,1,7.63,77,4.2,2.6,7.0,5.7,88,88,0,3,1,1,50,48,69,66,64,60,69,1,63,59,Startup,Data Analyst,71.2,Average,59.8,56.9,Tech
B.Tech,CSE,2,7.28,70,4.0,1.8,7.6,8.1,91,81,4,1,0,0,57,28,64,44,58,57,66,0,36,67,Placement,Business Analyst,37.3,At Risk,26.2,55.0,Tech
B.Tech,IT,2,9.57,82,7.0,4.0,7.1,5.2,100,100,0,8,4,8,100,49,74,64,68,60,91,1,78,92,Government Job,AI Engineer,92.5,Excellent,88.5,72.5,Tech
BCA,General,4,7.92,75,5.1,3.0,7.4,4.3,100,90,0,3,3,5,81,54,81,46,49,52,66,0,55,80,Startup,Cybersecurity Analyst,76.5,Good,63.6,43.4,Tech
B.Tech,CSE,4,8.04,76,4.2,0.9,7.4,4.5,95,89,1,3,0,3,41,61,47,48,52,59,56,1,61,69,Higher Studies,QA Engineer,64.9,Average,47.3,62.9,Tech
Law,Criminal,1,7.21,59,3.1,0.3,8.1,3.7,83,84,1,0,0,1,37,55,45,20,33,67,71,0,41,74,Research,Business Analyst,48.8,At Risk,26.7,48.2,Law
BBA,Finance,4,7.47,78,2.9,3.5,6.9,8.7,78,76,1,6,5,4,69,68,52,71,76,62,59,1,80,67,Placement,UI/UX Designer,63.3,Average,70.0,74.0,Management
BCA,General,3,7.96,74,6.5,2.6,7.3,6.9,95,90,1,5,3,2,51,75,60,39,61,55,57,0,64,80,Placement,Backend Developer,71.8,Average,53.1,62.7,Tech
Law,Corporate,2,7.57,71,3.2,1.1,7.4,4.8,94,89,1,2,0,4,39,47,54,50,38,52,60,1,59,76,Government Job,Business Analyst,62.2,Average,50.3,43.9,Law
Law,Criminal,2,6.84,87,4.8,1.8,7.9,3.0,90,88,1,3,3,4,66,43,65,46,40,35,53,0,49,65,Placement,Cybersecurity Analyst,65.7,Average,45.0,31.3,Law
BCA,General,4,8.62,97,5.5,4.4,7.5,3.8,100,100,0,4,3,5,78,43,81,66,62,35,48,1,53,87,Research,DevOps Engineer,91.4,Excellent,57.4,61.9,Tech
Law,Criminal,1,8.11,76,7.1,4.1,7.2,5.8,100,100,0,8,4,7,82,77,86,59,83,74,85,1,92,95,Placement,Product Manager,83.5,Good,92.5,67.9,Law
B.Tech,AI&DS,2,7.02,84,4.0,2.9,7.3,3.8,86,79,1,5,4,3,93,76,73,39,48,52,67,1,54,65,Placement,UI/UX Designer,60.2,Average,65.3,58.0,Tech
B.Tech,ECE,1,9.46,81,6.4,5.9,7.3,6.3,100,100,0,9,7,7,91,79,85,77,86,89,78,2,100,88,Placement,Cloud Engineer,94.9,Excellent,96.5,95.9,Tech
BBA,HR,2,8.08,92,7.0,4.7,8.1,3.6,100,100,0,7,4,8,86,58,82,86,81,71,74,2,99,95,Higher Studies,Product Manager,89.1,Good,96.7,57.9,Management
BBA,HR,4,8.82,73,5.8,4.0,6.6,7.9,93,96,1,6,4,2,71,68,76,95,67,79,72,2,76,87,Research,UI/UX Designer,77.2,Good,82.1,48.9,Management
Law,Criminal,4,7.41,63,4.6,1.8,7.4,6.2,91,84,1,6,2,4,49,75,73,57,34,88,91,2,98,89,Startup,Business Analyst,59.8,Average,70.0,49.1,Law
Law,Corporate,1,7.93,71,6.2,1.2,5.5,4.6,91,96,0,2,3,3,58,72,57,46,42,86,88,1,75,69,Placement,Product Manager,76.1,Good,57.1,46.7,Law
B.Tech,ECE,2,7.92,60,5.7,4.8,6.6,6.5,89,89,0,6,5,7,100,68,83,82,63,69,91,2,96,100,Placement,Full Stack Developer,65.7,Average,83.3,74.8,Tech
B.Tech,IT,3,6.78,73,2.2,2.0,8.1,6.8,83,80,3,5,6,5,78,45,65,54,50,44,47,1,52,81,Government Job,AI Engineer,41.8,At Risk,63.1,62.2,Tech
B.Tech,ECE,1,6.96,80,2.9,0.0,7.3,4.4,86,78,3,0,0,1,43,63,35,53,36,72,50,0,43,61,Government Job,Product Manager,42.5,At Risk,21.9,29.6,Tech
B.Com,General,1,7.71,72,4.7,3.4,5.6,6.6,93,89,3,5,5,3,69,47,88,74,62,62,68,2,80,74,Startup,Data Analyst,54.7,At Risk,74.3,75.9,Commerce
B.Tech,ECE,4,7.23,69,4.1,2.7,7.7,6.9,86,84,0,2,2,2,41,63,66,61,20,52,90,1,67,90,Placement,Business Analyst,64.9,Average,51.2,52.0,Tech
B.Com,General,1,8.02,71,5.5,3.7,7.6,3.6,100,91,0,6,4,5,80,39,74,48,75,54,61,0,72,90,Higher Studies,Product Manager,78.3,Good,72.9,67.6,Commerce
BCA,General,4,8.24,81,4.3,4.0,7.6,6.4,91,87,0,5,4,6,64,93,81,83,68,75,74,2,89,85,Higher Studies,Software Engineer,77.3,Good,85.0,91.4,Tech
B.Tech,AI&DS,3,8.11,87,5.3,3.5,8.1,6.4,90,95,0,7,5,5,74,43,76,61,68,43,54,1,58,82,Placement,DevOps Engineer,79.3,Good,80.3,76.3,Tech
B.Tech,ECE,2,7.69,69,4.6,2.5,7.2,9.3,93,97,2,5,3,5,64,62,86,62,52,48,52,1,59,88,Startup,Backend Developer,60.7,Average,68.6,57.2,Tech
B.Tech,IT,2,7.76,62,4.2,1.5,8.3,11.0,84,80,1,2,3,3,75,57,51,49,50,75,59,1,67,62,Placement,Frontend Developer,60.6,Average,50.6,53.9,Tech
B.Tech,AI&DS,2,7.92,85,5.1,5.9,8.1,3.0,97,98,0,8,5,9,98,70,75,65,82,62,79,2,99,100,Government Job,Software Engineer,80.1,Good,98.0,86.6,Tech
BBA,Marketing,4,8.77,80,7.5,3.9,7.0,3.8,98,97,0,5,5,6,96,54,83,60,50,75,84,1,75,86,Placement,Data Analyst,89.1,Good,76.5,74.9,Management
BCA,General,3,7.02,69,4.0,3.0,6.7,7.6,84,82,3,5,5,5,70,51,74,71,59,86,71,1,79,84,Freelancing,UI/UX Designer,40.9,At Risk,67.3,53.0,Tech
B.Tech,AI&DS,1,7.19,76,3.4,2.0,7.1,6.4,79,85,1,3,3,3,70,62,61,57,45,55,56,1,53,73,Placement,UI/UX Designer,58.4,Average,51.9,41.0,Tech
Law,Criminal,3,7.58,63,4.0,1.2,6.4,5.4,84,80,1,0,1,1,73,62,73,38,20,67,65,1,49,65,Higher Studies,Product Manager,59.3,Average,27.5,32.6,Law
B.Tech,AI&DS,2,7.12,73,4.3,3.0,6.3,7.0,92,81,2,3,6,5,82,54,75,58,59,56,65,0,62,66,Placement,Cybersecurity Analyst,51.3,At Risk,54.5,66.8,Tech
BCA,General,4,7.19,74,4.0,3.6,6.9,3.1,79,88,1,7,4,8,80,36,74,65,80,53,66,2,71,80,Placement,Cloud Engineer,58.6,Average,83.5,71.9,Tech
BBA,Marketing,1,7.67,80,4.7,2.3,8.1,5.4,95,93,0,3,1,3,54,56,69,56,39,72,64,0,67,75,Research,UI/UX Designer,77.8,Good,54.7,50.8,Management
B.Tech,AI&DS,2,7.74,92,6.1,2.2,5.8,4.5,100,100,0,6,1,4,49,79,69,65,52,85,84,1,82,71,Startup,UI/UX Designer,80.5,Good,69.6,47.2,Tech
BCA,General,1,8.07,73,6.4,4.4,7.1,4.5,97,97,0,5,3,5,45,65,66,66,65,72,86,2,81,74,Placement,Business Analyst,77.7,Good,77.8,52.8,Tech
BBA,HR,2,7.19,63,4.5,3.1,7.8,5.9,87,90,0,6,4,2,95,70,88,79,51,69,78,2,75,82,Placement,UI/UX Designer,58.6,Average,78.0,69.2,Management
B.Tech,CSE,3,7.36,62,3.6,0.7,7.1,7.7,83,76,1,2,2,1,38,34,57,42,42,47,49,0,47,57,Freelancing,Backend Developer,55.6,Average,30.6,29.0,Tech
B.Tech,ECE,3,8.18,81,6.7,5.2,6.8,5.2,100,100,0,10,6,8,91,31,95,95,76,68,70,2,100,100,Placement,Backend Developer,84.5,Good,97.7,92.1,Tech
B.Com,General,4,7.86,71,5.2,0.3,7.3,8.9,96,90,0,3,1,3,48,44,51,71,59,79,70,1,67,60,Higher Studies,Business Analyst,74.3,Average,56.4,42.4,Commerce
B.Com,Hons,1,6.36,58,5.3,0.8,6.6,7.3,80,77,2,2,3,2,78,62,62,36,56,71,50,0,62,63,Government Job,Business Analyst,47.4,At Risk,36.8,46.2,Commerce
BCA,General,2,8.4,76,6.4,1.5,7.1,5.8,100,100,0,2,2,3,56,68,75,90,55,74,77,0,46,71,Placement,Software Engineer,82.0,Good,59.9,60.8,Tech
BBA,HR,1,7.8,62,4.0,2.1,7.2,7.0,89,86,2,6,2,2,87,43,82,55,58,70,51,1,66,81,Startup,Product Manager,56.8,Average,67.4,64.0,Management
B.Tech,CSE,3,8.0,69,3.8,1.8,7.9,6.9,97,91,2,5,3,3,72,58,58,50,83,72,65,1,59,79,Startup,QA Engineer,60.0,Average,69.3,60.1,Tech
B.Tech,IT,1,8.6,68,6.2,4.5,6.3,4.7,94,89,1,6,4,3,75,59,69,76,54,67,75,1,66,77,Placement,Full Stack Developer,73.9,Average,76.9,87.3,Tech
B.Com,General,4,6.0,65,3.9,0.2,6.7,5.5,91,83,0,0,0,0,28,70,28,38,20,87,63,0,35,51,Placement,Business Analyst,55.5,Average,23.4,33.1,Commerce
BBA,Finance,2,7.64,83,6.8,4.7,6.5,8.1,100,96,0,8,7,7,90,44,100,100,89,65,64,3,100,96,Higher Studies,Data Analyst,81.8,Good,96.2,85.3,Management
B.Com,Hons,2,8.1,68,3.2,1.4,7.1,6.0,82,83,1,4,3,3,79,65,76,64,54,77,59,0,69,91,Higher Studies,Business Analyst,63.6,Average,60.6,52.1,Commerce
B.Tech,AI&DS,2,6.33,57,3.0,1.5,7.0,6.5,74,71,3,1,1,2,54,51,46,47,41,48,47,0,35,66,Placement,Data Engineer,30.0,At Risk,20.5,48.4,Tech
B.Tech,ECE,2,7.19,60,6.0,2.8,6.2,7.2,89,85,1,5,3,4,79,57,89,59,62,53,60,0,54,100,Placement,AI Engineer,58.7,Average,65.7,71.7,Tech
B.Tech,CSE,4,8.23,66,4.4,2.3,6.4,7.1,87,87,3,4,2,5,37,63,55,77,66,60,68,1,58,75,Placement,Data Scientist,57.7,Average,57.4,69.2,Tech
B.Tech,AI&DS,3,8.33,72,4.4,4.5,9.0,5.4,95,95,0,7,5,6,86,58,98,72,74,65,78,2,83,100,Placement,AI Engineer,76.7,Good,95.1,80.3,Tech
BCA,General,2,8.29,71,5.1,4.5,5.9,9.4,94,91,2,7,6,4,84,49,84,68,70,64,69,2,56,65,Placement,Cybersecurity Analyst,68.0,Average,71.3,73.2,Tech
B.Tech,IT,4,7.64,82,3.6,4.5,7.5,5.8,89,83,1,5,4,6,83,54,70,64,61,67,59,2,80,70,Placement,DevOps Engineer,69.8,Average,72.1,55.4,Tech
BCA,General,2,8.07,75,4.8,3.9,6.1,3.6,87,90,1,5,3,5,76,45,100,74,62,73,89,2,83,92,Freelancing,Business Analyst,70.5,Average,77.3,65.9,Tech
B.Com,Hons,1,7.58,72,4.6,1.4,6.8,6.8,81,86,1,2,1,5,29,75,52,61,55,64,80,1,60,64,Startup,Product Manager,61.6,Average,45.6,55.5,Commerce
B.Tech,CSE,1,7.95,73,4.2,2.8,7.7,9.3,92,84,0,5,5,3,58,39,64,100,62,82,64,1,68,87,Government Job,Data Scientist,75.8,Good,73.8,41.3,Tech
B.Tech,IT,2,8.22,80,5.9,4.1,7.6,8.6,95,90,2,8,6,6,74,63,70,62,59,60,63,1,73,75,Placement,Cybersecurity Analyst,68.5,Average,70.0,46.7,Tech
Law,Corporate,2,7.96,75,5.4,1.7,7.0,8.0,98,89,1,2,1,2,54,67,63,59,50,54,62,0,50,63,Government Job,Product Manager,69.5,Average,46.0,49.7,Law
B.Tech,AI&DS,1,6.81,74,3.9,1.8,7.1,6.9,84,80,1,3,3,4,89,56,62,69,47,71,55,0,53,72,Startup,Business Analyst,54.8,At Risk,50.1,53.9,Tech
B.Tech,CSE,3,7.81,79,5.0,2.6,6.2,7.7,87,86,2,5,4,6,79,28,53,68,44,30,64,1,82,78,Placement,Machine Learning Engineer,63.1,Average,77.8,62.3,Tech
B.Tech,ECE,1,7.87,84,5.6,2.9,7.7,5.4,100,91,1,8,3,7,100,58,93,86,65,64,84,1,73,84,Research,UI/UX Designer,74.1,Average,85.0,66.2,Tech
B.Tech,CSE,3,7.64,78,4.2,2.1,8.0,4.3,94,93,2,3,3,4,58,42,73,41,32,49,61,1,43,85,Government Job,Software Engineer,65.0,Average,46.8,67.9,Tech
BBA,Finance,2,7.45,75,3.7,1.4,6.9,6.6,87,83,3,0,2,2,43,60,34,58,31,64,61,1,51,42,Startup,Product Manager,47.9,At Risk,21.7,43.6,Management
BCA,General,3,7.88,67,3.6,2.8,6.3,6.6,90,93,0,5,4,2,67,81,74,65,46,68,86,1,66,69,Government Job,UI/UX Designer,71.0,Average,65.7,55.4,Tech
Law,Corporate,4,8.83,86,7.3,4.0,6.8,6.4,100,98,0,8,5,5,100,83,94,56,78,79,91,2,100,95,Government Job,Data Analyst,87.6,Good,89.6,57.0,Law
B.Tech,CSE,3,8.11,82,4.3,4.0,7.8,4.8,92,89,1,4,2,6,82,54,80,62,67,66,76,0,60,80,Startup,DevOps Engineer,71.7,Average,70.0,60.7,Tech
B.Tech,IT,3,7.61,81,3.2,0.2,5.9,6.1,91,85,4,2,2,3,40,51,58,56,28,60,54,0,46,68,Placement,Business Analyst,43.3,At Risk,28.6,30.3,Tech
BCA,General,3,7.52,67,3.2,2.1,7.8,7.0,77,88,2,4,2,3,64,57,75,40,62,57,71,1,55,73,Placement,Business Analyst,54.8,At Risk,55.6,51.8,Tech
B.Com,General,2,6.51,66,2.7,2.0,6.3,9.5,78,77,3,3,4,3,62,55,50,72,37,68,49,2,76,75,Placement,Data Analyst,37.9,At Risk,58.7,49.9,Commerce
B.Tech,CSE,4,7.86,64,3.2,0.3,6.8,6.0,87,84,1,0,0,1,71,73,63,52,20,67,62,0,43,49,Higher Studies,Business Analyst,58.0,Average,25.7,52.1,Tech
BCA,General,4,7.35,55,4.6,2.6,7.3,7.6,89,85,2,1,3,2,50,53,87,41,57,72,74,0,43,72,Research,Software Engineer,45.4,At Risk,49.1,41.7,Tech
B.Tech,ECE,1,7.37,68,2.5,3.9,7.8,8.3,77,82,2,6,4,7,51,65,60,83,52,69,87,1,92,72,Placement,Business Analyst,46.5,At Risk,78.2,68.4,Tech
B.Tech,ECE,1,7.62,74,4.3,1.4,7.8,3.8,90,89,1,2,2,2,62,80,76,56,30,55,59,0,58,79,Placement,Data Analyst,67.7,Average,50.8,66.8,Tech
B.Com,Hons,2,7.38,57,3.7,3.2,5.9,7.5,87,88,2,5,4,4,58,66,94,67,55,55,70,2,66,76,Freelancing,Business Analyst,53.1,At Risk,65.9,34.2,Commerce
BCA,General,4,7.22,83,4.1,4.6,7.4,5.6,85,86,1,6,6,6,82,73,94,75,79,58,57,3,82,100,Research,Data Engineer,63.6,Average,88.7,71.3,Tech
BCA,General,1,6.12,58,1.6,1.5,7.6,6.8,85,78,0,2,2,2,54,50,67,57,24,67,61,0,53,60,Placement,UI/UX Designer,50.6,At Risk,45.0,30.1,Tech
BCA,General,1,6.76,75,2.7,1.7,7.3,7.2,82,76,2,6,2,1,61,32,53,56,74,51,59,1,64,62,Placement,Backend Developer,47.9,At Risk,54.7,70.2,Tech
B.Tech,ECE,4,6.68,78,2.8,1.0,7.9,6.6,85,79,3,4,1,3,67,60,53,59,42,59,66,1,47,75,Higher Studies,Cybersecurity Analyst,37.0,At Risk,43.0,53.8,Tech
B.Tech,CSE,3,7.59,77,5.2,5.3,7.5,6.2,96,96,1,7,6,8,98,46,68,65,53,37,53,1,61,96,Higher Studies,Data Engineer,65.7,Average,73.9,64.6,Tech
B.Tech,ECE,3,6.94,67,1.9,1.3,5.8,4.4,77,72,1,2,0,2,65,49,46,39,50,68,52,1,55,61,Placement,Product Manager,45.6,At Risk,46.7,51.2,Tech
BCA,General,1,7.72,73,5.3,4.0,7.6,5.7,90,90,0,4,4,5,100,63,70,72,75,65,72,1,80,94,Government Job,Full Stack Developer,73.5,Average,82.6,78.2,Tech
B.Tech,IT,1,7.8,70,5.1,3.3,6.3,5.6,93,91,0,4,3,6,79,56,78,83,47,69,58,1,80,64,Research,Full Stack Developer,75.4,Good,73.0,70.4,Tech
B.Tech,IT,2,6.73,71,3.1,2.6,7.4,9.1,80,81,1,5,3,4,73,38,72,53,67,56,46,1,76,81,Placement,UI/UX Designer,54.6,At Risk,61.2,61.7,Tech
B.Com,Hons,1,6.76,71,3.5,1.2,6.9,7.3,91,80,3,4,3,3,41,23,64,60,54,54,46,0,49,69,Government Job,Data Analyst,43.1,At Risk,32.2,52.1,Commerce
B.Tech,AI&DS,4,8.73,69,6.3,2.6,7.0,7.9,96,100,0,6,3,6,88,29,95,66,82,46,62,2,76,92,Placement,AI Engineer,79.5,Good,85.0,74.7,Tech
B.Com,General,2,7.04,68,4.4,1.8,7.2,4.3,83,86,4,3,3,3,72,34,86,51,49,30,49,0,40,73,Freelancing,Business Analyst,41.2,At Risk,40.3,63.4,Commerce
B.Tech,CSE,2,7.79,77,3.7,2.0,7.4,2.0,92,89,1,5,2,4,59,66,69,67,60,61,54,1,73,75,Higher Studies,AI Engineer,65.5,Average,60.6,47.0,Tech
BBA,HR,3,8.22,85,5.7,2.5,7.1,8.0,100,100,0,4,4,4,72,62,79,83,57,81,70,2,68,69,Startup,Product Manager,82.6,Good,78.0,61.1,Management
Law,Criminal,2,7.33,71,1.8,1.3,6.6,5.7,85,84,3,3,1,2,58,60,55,54,52,61,54,0,63,72,Government Job,Data Analyst,45.2,At Risk,57.0,57.1,Law
B.Tech,CSE,1,8.3,71,6.5,3.8,6.8,5.9,94,100,1,5,3,3,70,60,61,56,41,47,62,0,58,70,Government Job,QA Engineer,73.5,Average,51.0,60.3,Tech
B.Tech,ECE,3,8.36,90,7.1,2.9,6.4,2.0,100,100,0,4,2,1,72,33,60,59,44,72,83,1,57,64,Research,Product Manager,84.0,Good,62.5,50.1,Tech
B.Com,General,3,8.24,70,3.7,2.2,6.5,7.1,93,89,0,4,3,4,63,45,76,76,49,64,59,1,71,91,Higher Studies,Data Analyst,72.8,Average,71.6,75.6,Commerce
BCA,General,4,7.86,69,4.6,1.0,7.4,5.8,88,93,0,1,2,5,42,31,72,50,43,65,57,0,43,65,Higher Studies,Data Analyst,67.9,Average,45.3,58.7,Tech
BCA,General,2,5.85,52,1.3,1.5,7.6,4.2,70,76,4,3,3,1,61,67,69,57,58,51,43,0,55,73,Placement,Full Stack Developer,21.2,At Risk,45.0,67.8,Tech
Law,Criminal,1,8.33,73,4.6,2.4,7.3,7.1,98,95,0,5,2,3,66,47,67,66,36,36,69,0,76,84,Government Job,Cybersecurity Analyst,78.3,Good,60.9,49.4,Law
B.Tech,IT,4,7.5,79,3.9,4.8,6.3,6.7,93,85,0,8,4,7,96,66,94,76,79,70,61,1,85,84,Higher Studies,AI Engineer,74.6,Average,93.0,87.2,Tech
Law,Criminal,1,8.3,92,6.8,4.0,7.9,5.4,100,99,0,3,4,5,74,51,54,62,70,76,62,0,59,65,Placement,Business Analyst,81.5,Good,60.9,51.4,Law
B.Tech,ECE,1,8.1,76,5.8,2.6,6.7,7.8,100,96,0,5,7,5,72,65,77,84,58,72,79,1,88,91,Freelancing,Data Scientist,82.4,Good,85.0,77.7,Tech
B.Tech,IT,3,7.94,83,5.6,4.2,6.7,7.9,92,94,1,5,5,8,69,80,78,78,68,55,61,1,66,89,Research,Machine Learning Engineer,72.1,Average,79.1,76.3,Tech
BBA,Finance,4,7.22,84,4.2,1.5,7.4,7.3,94,84,0,1,0,5,70,61,28,52,51,72,85,0,65,67,Government Job,Business Analyst,68.7,Average,41.6,43.1,Management
B.Com,Hons,4,7.04,62,3.4,1.5,7.2,4.6,90,81,0,4,3,4,60,87,75,71,54,61,72,2,60,82,Startup,Business Analyst,59.7,Average,65.2,55.1,Commerce
B.Tech,CSE,3,7.27,71,4.6,2.5,6.6,6.4,89,86,0,6,2,3,75,56,62,83,38,56,60,1,75,75,Government Job,Product Manager,65.3,Average,71.5,81.3,Tech
B.Tech,IT,2,8.52,79,4.8,2.1,7.1,5.7,100,100,0,7,6,3,79,47,92,68,68,39,52,1,59,79,Placement,QA Engineer,78.8,Good,79.0,52.9,Tech
BCA,General,1,7.58,66,3.4,2.4,5.7,7.8,83,86,1,5,4,4,68,43,74,78,57,64,50,0,61,72,Placement,Data Engineer,62.3,Average,56.9,61.7,Tech
B.Tech,CSE,3,8.26,85,6.1,4.7,7.5,4.6,100,95,0,6,3,7,94,73,78,71,82,93,97,1,100,100,Placement,UI/UX Designer,83.1,Good,94.1,93.5,Tech
BBA,Marketing,3,7.35,74,3.3,0.4,6.8,5.7,88,79,0,2,0,1,52,25,58,47,34,43,46,0,35,65,Placement,Product Manager,66.0,Average,26.6,52.7,Management
B.Com,Hons,1,7.19,70,5.7,0.5,6.9,3.7,88,89,0,4,1,3,62,68,70,37,58,61,74,0,60,68,Placement,Business Analyst,68.6,Average,52.7,46.4,Commerce
BCA,General,3,7.59,72,3.3,2.1,6.7,8.3,83,91,1,3,2,3,52,35,61,75,43,66,70,1,62,60,Placement,Business Analyst,60.7,Average,52.5,42.6,Tech
BCA,General,4,6.56,84,3.2,4.3,6.6,4.1,82,81,2,7,3,4,86,43,79,71,61,37,38,1,56,87,Startup,QA Engineer,49.8,At Risk,61.4,69.7,Tech
BBA,Finance,1,6.56,77,3.2,3.8,6.3,2.0,91,78,1,5,2,6,62,80,61,49,50,72,56,1,71,72,Government Job,Business Analyst,55.4,Average,59.2,51.5,Management
B.Com,Hons,3,6.86,74,4.2,0.0,7.0,4.6,88,87,2,2,0,2,45,55,43,53,47,60,64,0,42,61,Placement,Business Analyst,53.7,At Risk,33.3,38.5,Commerce
Law,Criminal,2,7.77,92,3.0,1.7,7.8,6.0,89,90,1,1,2,4,48,74,54,58,50,70,60,0,36,82,Placement,Product Manager,67.8,Average,45.0,36.3,Law
Law,Corporate,3,7.04,68,2.4,4.1,7.0,6.4,79,78,1,5,3,5,100,71,82,90,60,73,73,2,90,86,Freelancing,Data Analyst,55.0,At Risk,78.8,51.2,Law
B.Tech,CSE,1,7.63,70,3.1,3.3,6.0,4.3,92,83,2,5,3,5,70,55,90,71,51,60,61,1,73,71,Freelancing,Full Stack Developer,58.8,Average,74.0,56.5,Tech
B.Tech,CSE,4,7.37,67,4.4,2.1,5.9,6.1,85,92,2,5,5,4,66,48,78,90,62,62,64,1,76,87,Freelancing,Product Manager,55.0,At Risk,73.0,62.9,Tech
BCA,General,2,7.0,53,3.7,2.3,6.3,7.2,87,89,2,3,3,4,64,29,67,71,58,64,63,2,56,73,Placement,Business Analyst,54.7,At Risk,53.1,37.2,Tech
B.Tech,IT,3,7.69,75,6.3,3.8,8.2,6.0,97,94,0,5,3,5,69,83,67,46,42,64,74,1,71,67,Freelancing,Cybersecurity Analyst,74.3,Average,62.6,75.0,Tech
B.Tech,CSE,1,6.99,65,2.7,3.0,6.8,6.3,92,89,0,4,3,4,71,57,58,57,80,85,65,1,75,81,Government Job,Data Scientist,67.7,Average,70.0,61.5,Tech
B.Tech,IT,1,7.93,86,5.2,1.4,6.0,6.4,93,92,0,3,0,1,37,52,48,59,55,51,62,0,35,76,Placement,Machine Learning Engineer,79.9,Good,38.7,60.7,Tech
Law,Criminal,4,6.56,66,3.5,2.3,8.1,5.8,91,88,2,4,1,4,54,61,50,47,38,47,52,0,51,62,Freelancing,Business Analyst,46.8,At Risk,36.3,52.4,Law
B.Com,Hons,2,7.83,65,4.2,2.6,6.7,5.6,93,94,2,6,3,3,62,51,88,44,68,55,50,1,61,73,Placement,Data Analyst,62.5,Average,76.1,51.7,Commerce
B.Tech,ECE,4,8.01,80,5.6,3.7,8.2,2.8,92,93,0,6,5,6,72,71,94,69,64,52,50,1,85,85,Placement,QA Engineer,78.4,Good,87.9,70.9,Tech
B.Com,Hons,4,6.58,67,4.1,1.5,6.9,6.8,89,86,0,6,1,3,58,49,57,58,56,64,75,2,79,71,Higher Studies,Business Analyst,63.1,Average,68.5,54.3,Commerce
Law,Corporate,3,7.85,58,4.2,0.3,7.4,5.7,80,88,0,0,2,0,40,56,65,66,29,78,55,0,47,57,Research,Business Analyst,62.3,Average,33.0,38.3,Law
BBA,HR,3,7.26,67,3.2,0.6,6.5,7.0,85,79,4,1,0,3,50,34,35,32,27,51,42,0,52,53,Government Job,Data Analyst,38.3,At Risk,25.0,38.5,Management
B.Tech,ECE,1,7.93,76,4.5,0.3,6.6,8.3,100,92,1,1,2,0,47,40,65,43,51,66,74,0,44,52,Research,QA Engineer,66.5,Average,35.8,46.5,Tech
B.Tech,AI&DS,3,7.28,54,3.8,2.8,5.3,8.1,96,86,1,5,3,5,84,60,60,68,40,66,65,2,87,83,Research,Software Engineer,58.7,Average,70.8,72.3,Tech
B.Tech,CSE,3,7.65,68,3.6,1.7,7.2,7.5,90,88,2,2,2,2,51,36,58,74,61,62,57,1,43,65,Placement,Machine Learning Engineer,60.2,Average,48.3,51.2,Tech
B.Tech,AI&DS,3,8.04,74,5.3,2.8,6.2,6.4,95,91,0,5,3,4,71,58,82,68,53,61,63,1,77,79,Research,Data Scientist,75.9,Good,71.9,56.8,Tech
BCA,General,4,8.53,79,6.0,2.1,7.4,5.1,100,98,0,3,1,2,69,34,73,44,48,68,62,1,52,87,Government Job,Data Engineer,77.5,Good,53.6,37.1,Tech
B.Tech,AI&DS,2,8.06,74,4.8,5.0,5.5,7.9,98,92,2,8,5,7,91,33,80,79,75,49,67,2,100,100,Higher Studies,AI Engineer,62.9,Average,92.2,80.5,Tech
Law,Criminal,2,6.63,59,2.9,1.3,7.7,7.6,91,83,1,4,2,3,61,55,64,43,54,73,71,0,41,62,Placement,Business Analyst,49.8,At Risk,47.7,41.1,Law
B.Tech,AI&DS,3,7.48,80,5.3,2.4,7.1,5.1,100,92,2,7,3,3,79,40,81,76,49,69,72,0,52,83,Higher Studies,AI Engineer,65.3,Average,69.7,65.3,Tech
BCA,General,2,6.8,64,2.1,1.3,6.4,8.5,76,79,4,2,0,3,32,56,52,70,46,84,62,0,40,82,Startup,UI/UX Designer,29.9,At Risk,22.2,35.2,Tech
B.Tech,CSE,3,7.98,87,4.8,3.7,6.1,6.8,99,93,0,6,5,4,56,44,81,56,73,64,56,2,63,74,Freelancing,Data Analyst,75.9,Good,80.9,69.7,Tech
Law,Corporate,1,6.92,64,3.0,0.1,6.7,5.0,80,82,3,2,1,0,34,56,49,57,42,45,52,0,38,53,Startup,Cybersecurity Analyst,42.7,At Risk,21.3,20.5,Law
B.Com,Hons,1,6.96,80,3.2,2.6,9.0,7.2,80,81,0,4,1,2,59,33,70,69,67,55,48,0,53,66,Placement,Business Analyst,63.3,Average,52.5,50.2,Commerce
B.Tech,CSE,1,8.03,79,5.2,1.9,7.7,7.1,91,90,2,5,2,0,59,49,100,38,61,72,72,0,52,84,Placement,QA Engineer,64.1,Average,65.9,52.6,Tech
B.Tech,IT,4,8.75,81,7.3,3.4,7.3,7.4,98,97,0,7,5,6,94,64,73,70,66,78,83,2,81,89,Higher Studies,Cybersecurity Analyst,84.2,Good,85.0,78.2,Tech
B.Tech,IT,4,7.54,78,4.0,2.5,8.6,5.2,90,86,1,3,1,4,76,15,72,54,54,37,30,0,43,81,Placement,QA Engineer,67.7,Average,46.7,75.9,Tech
BBA,HR,4,7.58,77,5.6,2.3,6.7,2.9,94,89,2,3,2,6,64,72,67,52,58,62,71,0,44,73,Placement,UI/UX Designer,60.6,Average,38.1,54.0,Management
BBA,Finance,3,6.34,76,3.5,0.4,6.8,6.8,81,84,1,0,0,1,61,54,54,54,28,53,55,0,36,50,Placement,Business Analyst,46.5,At Risk,20.7,31.9,Management
B.Tech,ECE,3,7.68,73,4.4,2.8,7.7,2.2,90,87,1,6,0,5,76,48,51,64,66,69,66,1,60,50,Startup,Business Analyst,62.1,Average,62.2,57.8,Tech
Law,Criminal,1,7.68,76,4.3,3.2,6.3,7.5,82,87,2,7,3,4,70,65,67,56,76,69,61,1,76,71,Freelancing,Data Analyst,55.6,Average,66.5,57.4,Law
B.Tech,IT,2,7.71,73,4.5,1.6,6.0,5.2,89,91,1,4,2,6,62,37,70,63,65,77,77,0,58,87,Freelancing,Frontend Developer,64.6,Average,59.4,57.1,Tech
BCA,General,4,7.76,88,5.8,0.7,7.0,4.2,100,97,0,3,1,6,72,54,54,67,55,77,78,1,58,76,Government Job,Business Analyst,80.2,Good,60.3,58.7,Tech
Law,Corporate,2,7.83,72,4.9,3.2,6.5,6.8,91,83,1,3,2,4,66,48,74,58,62,66,69,1,64,81,Startup,Business Analyst,64.0,Average,59.4,53.8,Law
B.Com,General,1,8.47,70,5.3,2.4,7.7,4.5,100,97,0,6,3,4,72,100,69,62,54,85,96,1,71,80,Placement,Product Manager,79.0,Good,70.0,60.4,Commerce
BCA,General,2,8.24,75,5.6,3.6,6.1,3.4,94,96,0,6,3,4,94,34,75,73,61,49,69,1,72,79,Research,QA Engineer,84.8,Good,75.0,74.1,Tech
B.Tech,AI&DS,3,6.85,61,3.7,1.6,6.5,5.8,85,75,0,2,2,4,81,44,73,73,47,47,77,0,51,60,Higher Studies,Business Analyst,58.3,Average,48.4,58.9,Tech
B.Tech,ECE,4,6.7,85,3.8,1.6,7.4,6.4,89,91,0,5,1,4,72,57,76,64,59,50,62,1,60,77,Government Job,UI/UX Designer,64.6,Average,59.9,74.9,Tech
B.Tech,AI&DS,1,6.5,58,2.3,3.5,6.5,8.0,76,83,4,5,4,2,78,64,73,72,46,76,62,1,63,73,Freelancing,UI/UX Designer,31.1,At Risk,54.6,62.1,Tech
BCA,General,3,7.75,73,3.1,3.0,6.4,5.9,89,85,1,6,3,4,48,35,50,58,62,55,71,2,72,81,Research,UI/UX Designer,60.7,Average,67.2,68.2,Tech
BCA,General,4,6.29,76,1.2,1.8,6.5,4.2,79,79,4,1,1,2,62,24,57,60,43,43,30,1,45,69,Placement,Cybersecurity Analyst,32.1,At Risk,23.9,67.6,Tech
BBA,Marketing,4,8.03,77,4.3,3.2,7.9,6.4,90,87,0,6,5,6,65,53,93,58,48,86,61,0,77,84,Startup,Product Manager,76.6,Good,75.6,49.1,Management
BCA,General,4,7.09,70,3.2,4.8,6.9,5.4,84,88,2,7,4,5,78,22,71,64,42,56,66,2,66,73,Placement,Cloud Engineer,52.2,At Risk,60.5,63.1,Tech
B.Com,Hons,3,7.22,77,3.7,3.1,6.9,6.2,96,83,0,5,4,4,80,80,69,73,50,66,87,2,85,80,Placement,Business Analyst,71.3,Average,73.0,69.9,Commerce
BCA,General,4,9.2,85,6.3,4.8,6.5,7.6,100,97,0,10,6,8,65,54,87,88,87,62,60,3,100,98,Research,Backend Developer,89.8,Good,95.9,89.6,Tech
Law,Criminal,2,7.54,79,4.0,2.6,6.3,3.3,93,92,0,4,1,3,70,61,62,55,52,79,65,1,83,73,Placement,Business Analyst,73.1,Average,64.4,49.9,Law
BCA,General,3,7.75,75,4.5,1.3,7.2,5.7,92,87,0,3,1,2,44,77,48,40,42,78,73,0,45,62,Placement,UI/UX Designer,69.4,Average,36.3,40.4,Tech
Law,Corporate,3,7.35,70,3.7,0.5,6.8,7.4,82,82,0,2,2,1,82,44,52,47,41,59,58,1,44,77,Higher Studies,Data Analyst,61.1,Average,47.9,30.0,Law
BBA,HR,2,6.02,62,2.5,2.9,6.5,7.8,74,76,3,5,4,2,67,60,66,59,70,67,54,1,70,79,Startup,Business Analyst,28.6,At Risk,59.8,51.6,Management
BCA,General,2,8.79,80,6.6,2.5,7.0,5.2,99,94,0,3,4,5,63,78,65,69,37,76,83,0,77,80,Higher Studies,Business Analyst,85.2,Good,69.0,42.2,Tech
BBA,Marketing,3,8.16,88,6.0,5.3,6.4,6.3,92,93,0,9,4,7,78,82,84,87,66,84,81,2,100,83,Placement,Data Analyst,80.8,Good,91.6,84.2,Management
BCA,General,1,7.46,70,4.2,2.9,7.6,7.8,88,83,1,3,1,4,71,67,78,48,48,78,82,1,57,87,Government Job,QA Engineer,60.9,Average,53.5,54.2,Tech
B.Tech,CSE,4,6.7,74,3.3,3.3,7.6,5.7,87,80,0,3,2,4,72,32,80,57,43,39,47,0,61,74,Placement,DevOps Engineer,59.1,Average,60.6,42.9,Tech
B.Tech,IT,3,7.21,59,1.9,3.8,8.0,8.4,84,77,1,4,3,4,70,55,65,47,57,69,61,1,61,95,Placement,DevOps Engineer,51.5,At Risk,55.7,74.0,Tech
B.Tech,ECE,1,7.59,71,4.3,4.1,5.1,5.8,84,78,2,10,4,7,76,61,90,54,65,98,69,1,100,87,Placement,Product Manager,53.9,At Risk,95.4,78.0,Tech
B.Tech,CSE,2,8.55,78,5.5,2.3,6.8,6.2,96,93,0,4,2,5,44,42,57,38,56,44,52,0,39,70,Research,QA Engineer,82.0,Good,40.8,34.8,Tech
B.Tech,CSE,4,7.91,89,5.1,3.8,7.3,5.5,98,89,0,4,3,4,71,37,56,90,67,73,71,1,64,73,Freelancing,Cloud Engineer,79.7,Good,70.0,66.3,Tech
Law,Criminal,2,7.49,73,3.3,3.2,6.6,7.8,85,85,0,4,2,7,58,55,65,76,62,68,65,1,77,78,Research,Cybersecurity Analyst,65.8,Average,64.8,52.6,Law
B.Tech,AI&DS,4,7.86,78,4.6,2.4,6.3,8.4,87,95,0,3,1,2,65,50,70,62,51,42,70,1,52,66,Placement,DevOps Engineer,74.6,Average,53.9,29.7,Tech
B.Tech,ECE,2,8.14,73,6.1,3.6,7.0,6.1,96,100,0,7,6,6,95,67,82,69,63,78,77,2,95,95,Startup,Business Analyst,84.4,Good,94.3,80.1,Tech
BCA,General,4,7.99,67,4.5,2.9,6.9,7.7,91,92,0,5,2,4,72,23,58,75,70,58,57,1,64,75,Placement,Full Stack Developer,73.6,Average,57.8,73.0,Tech
BCA,General,2,7.82,73,4.6,5.4,8.3,6.3,87,82,1,7,7,6,100,38,83,93,89,55,49,2,83,83,Startup,Data Engineer,71.1,Average,90.1,55.8,Tech
B.Com,General,4,7.66,81,3.5,2.6,7.5,7.0,96,87,2,5,2,3,73,88,48,66,29,81,60,2,80,63,Higher Studies,Product Manager,61.9,Average,60.4,52.9,Commerce
B.Tech,ECE,2,7.7,79,3.6,3.0,8.0,3.6,92,92,1,3,3,4,81,55,71,58,35,57,62,1,57,80,Placement,QA Engineer,70.5,Average,60.6,64.9,Tech
B.Tech,AI&DS,2,7.95,73,3.9,1.9,8.3,7.9,88,84,1,4,4,4,46,36,70,70,51,69,70,0,39,77,Higher Studies,Backend Developer,63.3,Average,52.6,54.9,Tech
B.Tech,AI&DS,1,7.64,75,4.8,2.6,6.7,7.1,93,92,0,4,5,5,60,62,72,66,59,69,80,0,67,91,Placement,Data Analyst,75.9,Good,67.9,72.0,Tech
BBA,Marketing,3,6.7,70,4.4,1.4,7.1,5.7,88,90,3,2,1,2,47,64,60,48,57,89,80,0,62,74,Placement,Business Analyst,42.1,At Risk,45.0,46.3,Management
Law,Criminal,1,7.32,73,3.8,1.0,5.1,6.7,86,87,3,4,1,2,60,49,71,67,47,73,66,0,43,77,Startup,Product Manager,48.5,At Risk,39.4,55.9,Law
BCA,General,3,7.05,73,5.1,2.7,8.6,4.6,98,98,0,4,1,4,71,44,71,51,43,68,61,0,75,87,Startup,Frontend Developer,70.6,Average,61.3,58.6,Tech
B.Tech,IT,2,6.67,76,4.3,2.2,5.7,7.0,85,85,3,6,4,5,68,52,74,64,56,53,43,0,66,69,Higher Studies,QA Engineer,39.7,At Risk,58.5,54.8,Tech
BBA,HR,4,7.13,70,2.9,1.7,6.1,7.1,90,84,1,1,1,2,74,46,55,54,52,58,62,0,45,67,Placement,UI/UX Designer,54.8,At Risk,38.2,46.6,Management
B.Tech,CSE,3,8.02,68,3.4,1.4,7.3,5.9,87,87,1,1,2,2,59,44,81,54,55,74,58,2,67,80,Research,Data Analyst,66.7,Average,62.6,57.7,Tech
Law,Criminal,4,6.72,62,2.2,4.1,6.4,7.1,79,71,2,5,2,4,62,38,72,77,60,53,60,1,75,74,Freelancing,Product Manager,44.9,At Risk,64.6,51.7,Law
BCA,General,2,6.99,59,3.3,2.2,7.6,5.6,79,74,2,5,3,3,61,47,72,55,80,55,43,0,56,73,Higher Studies,Backend Developer,48.4,At Risk,59.4,48.8,Tech
BCA,General,1,7.28,59,4.3,1.3,7.1,5.4,85,84,1,2,2,3,57,34,62,36,44,57,57,0,46,53,Research,UI/UX Designer,57.3,Average,29.3,32.4,Tech
B.Tech,AI&DS,4,8.74,100,6.8,4.7,7.1,3.5,100,100,0,10,6,9,98,56,78,84,70,74,82,3,98,98,Higher Studies,QA Engineer,83.9,Good,98.0,76.0,Tech
BCA,General,4,8.13,83,3.6,2.8,5.9,5.7,89,80,1,6,3,7,64,58,85,42,54,46,69,1,85,100,Higher Studies,Data Analyst,68.0,Average,87.4,57.0,Tech
Law,Criminal,4,7.14,67,4.7,1.2,8.2,4.0,87,84,2,5,0,3,58,35,53,58,46,60,65,1,69,67,Research,Business Analyst,50.6,At Risk,47.5,53.5,Law
B.Tech,CSE,3,8.74,71,6.8,2.1,7.0,7.4,100,100,0,3,2,2,58,44,71,71,49,56,80,1,67,62,Research,Business Analyst,82.9,Good,58.2,58.1,Tech
B.Tech,ECE,2,6.87,80,4.8,3.0,7.0,5.7,90,91,2,9,4,9,73,59,82,72,69,77,73,2,100,77,Placement,Data Analyst,55.0,At Risk,85.0,54.2,Tech
B.Tech,CSE,1,7.24,58,2.5,0.4,7.2,8.0,79,75,2,2,1,3,35,29,54,56,29,44,60,0,35,50,Placement,UI/UX Designer,43.1,At Risk,28.7,33.2,Tech
BBA,Finance,4,8.06,81,4.7,4.1,7.2,4.4,91,89,0,7,4,5,81,73,77,58,56,76,68,3,100,86,Placement,UI/UX Designer,74.3,Average,89.8,76.3,Management
Law,Criminal,3,7.96,77,4.7,5.6,6.9,5.3,99,90,1,9,6,8,71,50,91,82,78,59,75,2,91,96,Government Job,Data Analyst,75.5,Good,92.2,62.4,Law
B.Tech,CSE,2,6.09,49,4.2,1.8,6.7,6.4,83,77,2,4,3,3,51,40,65,42,50,39,48,1,48,80,Freelancing,Data Scientist,40.5,At Risk,45.6,54.8,Tech
Law,Corporate,2,7.36,61,2.6,2.3,7.0,8.5,83,81,4,2,3,3,54,58,70,56,44,53,53,0,64,86,Freelancing,Business Analyst,36.3,At Risk,46.6,41.5,Law
B.Com,Hons,3,7.87,85,5.3,2.5,7.8,5.2,97,96,0,5,2,5,89,47,68,79,78,59,70,1,64,75,Placement,Product Manager,77.4,Good,72.6,58.1,Commerce
B.Tech,ECE,1,8.5,86,6.4,5.1,6.2,6.7,100,100,0,7,3,6,75,44,88,91,47,57,74,1,73,74,Placement,Cybersecurity Analyst,89.4,Good,81.8,55.5,Tech
BBA,Finance,1,8.15,68,6.1,3.1,7.3,7.1,98,95,0,5,4,2,80,61,85,54,71,54,67,1,69,92,Placement,Data Analyst,79.2,Good,81.0,65.6,Management
BBA,Finance,1,6.84,69,3.1,2.9,5.8,6.7,87,76,3,4,2,4,50,40,70,58,49,57,62,0,73,68,Startup,Data Analyst,43.1,At Risk,56.6,54.2,Management
B.Com,General,4,7.2,83,3.6,1.5,9.0,3.9,94,92,1,3,1,3,73,82,66,50,35,46,43,0,66,63,Higher Studies,Product Manager,61.0,Average,45.7,69.9,Commerce
B.Tech,CSE,1,7.47,52,3.5,1.3,5.7,8.1,80,80,4,4,2,1,44,39,58,56,67,59,61,0,53,62,Startup,Frontend Developer,35.0,At Risk,41.5,62.8,Tech
BBA,Finance,4,7.11,65,2.5,0.0,7.6,5.3,80,75,2,0,0,1,38,33,29,28,24,65,30,0,35,55,Placement,Business Analyst,42.5,At Risk,23.6,36.6,Management
B.Tech,AI&DS,1,8.18,73,6.2,3.7,6.7,5.2,100,91,0,6,4,5,80,55,81,76,50,57,66,1,83,79,Startup,Backend Developer,74.7,Average,76.7,66.9,Tech
B.Com,General,3,6.75,76,3.2,3.6,5.6,6.6,76,77,3,5,2,3,45,16,74,59,51,76,63,0,51,61,Government Job,Business Analyst,43.7,At Risk,54.0,48.4,Commerce
B.Tech,CSE,2,7.71,73,5.3,2.5,7.3,3.7,97,95,1,4,4,2,70,42,57,61,54,77,69,1,61,76,Research,Data Analyst,68.1,Average,56.7,60.0,Tech
BBA,HR,2,7.38,77,5.4,2.6,6.5,5.1,86,94,0,2,2,3,72,59,61,65,67,56,57,0,57,64,Startup,Product Manager,69.8,Average,48.8,24.0,Management
BBA,Finance,1,5.62,60,2.2,0.7,7.6,6.0,66,72,0,0,0,3,59,59,41,51,36,68,47,0,43,70,Higher Studies,UI/UX Designer,40.4,At Risk,23.8,38.0,Management
B.Tech,ECE,3,7.66,76,4.9,3.8,7.2,5.6,87,86,2,6,6,3,70,66,82,76,55,80,61,1,77,82,Placement,Data Scientist,61.3,Average,79.4,74.9,Tech
B.Tech,CSE,3,9.05,95,7.6,5.9,8.1,4.4,100,100,0,8,5,8,95,75,77,74,80,85,98,2,88,90,Government Job,Product Manager,98.9,Excellent,93.6,78.4,Tech
BCA,General,4,7.38,74,4.0,3.3,7.1,6.6,83,83,1,6,5,6,88,40,67,76,58,48,46,2,67,84,Startup,Backend Developer,62.1,Average,75.5,53.6,Tech
BBA,HR,4,7.08,79,3.9,3.1,7.7,5.2,89,83,1,7,4,7,60,62,69,81,43,57,69,1,85,89,Placement,UI/UX Designer,63.1,Average,74.6,49.3,Management
B.Tech,AI&DS,4,7.19,66,4.1,2.4,7.9,8.2,84,90,2,5,3,0,92,17,64,59,36,64,65,1,52,78,Higher Studies,Cloud Engineer,50.0,At Risk,48.6,32.2,Tech
Law,Corporate,1,8.09,82,6.1,1.3,6.9,6.1,96,95,1,3,0,1,35,54,49,45,50,60,58,0,38,53,Higher Studies,Product Manager,73.1,Average,23.6,49.6,Law
B.Tech,ECE,4,8.35,96,6.1,3.6,7.7,5.8,93,97,0,7,6,6,85,43,66,48,54,64,62,1,76,82,Government Job,Data Scientist,84.8,Good,73.1,74.3,Tech
B.Tech,IT,2,8.54,83,4.8,5.4,7.0,5.5,93,94,0,8,5,6,100,81,88,96,66,72,79,2,85,99,Placement,Data Analyst,86.4,Good,86.0,89.3,Tech
BBA,HR,4,7.24,70,3.2,1.5,8.1,5.6,90,85,1,3,1,3,45,69,54,44,58,74,51,1,51,73,Placement,Business Analyst,59.2,Average,47.7,46.1,Management
Law,Criminal,4,6.89,65,2.1,1.4,6.4,6.2,77,71,1,2,2,3,52,34,37,51,32,56,49,1,49,75,Freelancing,Business Analyst,46.6,At Risk,41.2,36.5,Law
BCA,General,1,7.94,80,5.2,3.4,7.2,6.7,91,95,1,4,3,6,73,55,67,78,64,58,70,0,63,83,Placement,Cybersecurity Analyst,70.7,Average,66.2,42.0,Tech
B.Com,Hons,2,7.89,66,3.2,2.6,6.5,8.0,87,80,3,3,3,4,73,54,69,61,48,61,65,1,63,77,Placement,Data Analyst,48.7,At Risk,59.1,58.1,Commerce
B.Tech,CSE,2,8.46,69,6.7,3.4,7.7,7.3,100,98,0,5,3,6,74,45,96,60,63,76,78,1,63,100,Freelancing,Data Scientist,85.9,Good,76.3,51.1,Tech
B.Com,General,3,7.58,72,4.3,1.7,6.6,7.3,93,87,1,2,2,3,76,36,48,64,52,65,67,1,46,60,Government Job,Data Analyst,65.6,Average,46.4,37.1,Commerce
B.Tech,CSE,4,7.44,76,4.9,4.7,7.8,7.4,93,95,0,8,7,6,98,54,97,71,60,57,70,1,74,100,Research,Machine Learning Engineer,74.8,Average,80.2,82.8,Tech
B.Tech,CSE,1,7.4,64,4.8,1.7,6.2,8.5,92,90,1,3,5,4,85,23,78,78,63,49,50,0,50,73,Placement,Software Engineer,62.5,Average,57.3,69.3,Tech
B.Tech,AI&DS,3,7.08,64,4.2,1.8,6.0,8.0,89,83,0,2,5,2,63,46,65,45,67,51,39,0,36,69,Government Job,QA Engineer,65.5,Average,45.0,44.1,Tech
B.Tech,AI&DS,2,7.16,62,4.5,2.3,6.9,8.5,82,87,4,4,4,3,77,80,63,51,30,70,68,1,69,67,Startup,UI/UX Designer,38.1,At Risk,49.8,64.7,Tech
Law,Corporate,1,8.88,75,7.6,3.9,7.4,3.3,100,100,0,4,4,5,66,39,100,70,64,33,73,1,85,77,Government Job,Data Analyst,85.3,Good,81.1,63.2,Law
BCA,General,3,7.9,74,5.6,2.7,6.5,5.3,91,88,1,3,3,2,65,46,38,55,63,38,64,0,60,66,Placement,Cloud Engineer,63.1,Average,46.2,53.5,Tech
Law,Criminal,3,7.91,73,4.5,2.0,7.8,6.2,93,91,2,3,3,5,59,54,73,53,45,60,49,1,62,83,Startup,Business Analyst,64.5,Average,51.2,37.5,Law
Law,Criminal,1,6.87,40,3.1,2.0,6.0,7.3,78,84,2,2,2,2,49,44,45,56,43,56,55,0,45,66,Placement,Product Manager,43.7,At Risk,26.3,39.6,Law
B.Tech,ECE,1,7.03,64,4.1,1.7,7.1,6.6,91,82,0,2,2,2,39,14,55,52,52,63,47,0,43,74,Higher Studies,Data Scientist,64.7,Average,45.0,50.0,Tech
B.Tech,AI&DS,2,6.9,82,6.2,3.1,7.0,3.4,94,86,0,5,3,4,66,65,62,31,60,64,65,0,47,76,Government Job,QA Engineer,69.8,Average,58.1,57.5,Tech
B.Com,Hons,4,7.74,85,5.7,4.1,5.8,4.1,100,87,0,8,5,7,98,77,76,63,56,80,57,2,91,93,Research,Product Manager,81.9,Good,89.7,77.9,Commerce
B.Tech,AI&DS,4,9.12,72,5.8,1.7,6.4,8.9,98,100,0,2,4,2,66,58,53,46,55,50,75,1,49,72,Higher Studies,QA Engineer,82.8,Good,49.2,52.8,Tech
B.Tech,CSE,3,6.76,58,2.8,1.3,6.9,7.3,88,86,2,2,3,2,47,37,65,64,43,54,73,2,63,63,Higher Studies,Product Manager,50.1,At Risk,49.9,60.1,Tech
B.Tech,CSE,2,7.8,77,4.9,4.8,7.0,6.7,90,90,0,9,4,7,70,66,100,82,68,52,68,1,79,100,Higher Studies,AI Engineer,72.7,Average,87.5,63.3,Tech
B.Tech,ECE,4,8.49,73,6.6,3.2,6.2,6.9,95,96,0,6,1,5,57,77,75,50,48,76,79,1,69,54,Placement,UI/UX Designer,80.2,Good,53.6,58.4,Tech
B.Tech,ECE,2,7.86,94,6.1,2.8,7.9,5.2,94,100,0,2,2,5,72,75,46,56,60,60,70,0,39,64,Government Job,Product Manager,77.9,Good,49.8,38.6,Tech
BCA,General,1,8.02,66,3.7,1.3,6.5,6.9,88,86,2,4,3,2,71,44,75,55,49,64,74,1,52,72,Placement,Full Stack Developer,57.8,Average,59.4,56.3,Tech
B.Tech,IT,3,7.67,71,3.4,2.9,6.9,8.4,75,89,3,4,2,3,46,53,73,56,53,63,56,0,60,58,Placement,Full Stack Developer,47.9,At Risk,51.8,45.7,Tech
BCA,General,1,7.05,57,3.6,2.6,7.8,6.0,85,83,1,5,3,5,72,61,58,66,65,61,76,2,60,88,Placement,Data Analyst,56.1,Average,60.8,53.5,Tech
B.Tech,ECE,4,7.77,63,3.8,1.5,6.3,7.4,85,81,1,2,3,3,68,57,64,53,46,70,68,0,51,76,Government Job,Business Analyst,58.4,Average,47.2,44.5,Tech
B.Tech,AI&DS,2,7.94,76,4.1,4.1,7.3,6.4,98,91,0,6,4,6,80,68,94,67,78,59,70,2,88,91,Freelancing,Machine Learning Engineer,73.1,Average,82.7,66.3,Tech
B.Tech,IT,3,7.35,72,3.7,1.8,6.4,7.1,92,87,0,3,3,5,41,32,48,41,41,52,67,0,53,76,Government Job,QA Engineer,69.2,Average,39.1,57.0,Tech
B.Tech,CSE,4,7.71,79,5.5,0.7,7.7,3.9,94,91,0,3,2,2,53,21,52,68,51,37,50,0,45,66,Higher Studies,Cloud Engineer,76.6,Good,47.8,38.5,Tech
B.Com,Hons,3,7.71,78,4.5,2.4,8.2,5.1,98,100,1,3,2,4,60,32,77,46,61,60,58,1,61,72,Higher Studies,Data Analyst,72.3,Average,51.9,54.9,Commerce
B.Tech,AI&DS,3,7.26,56,3.9,3.4,5.7,7.5,84,82,3,5,4,5,46,45,78,49,37,50,57,1,71,100,Placement,Software Engineer,44.4,At Risk,58.6,66.9,Tech
B.Tech,ECE,3,7.63,58,3.5,0.3,7.0,6.2,94,91,1,4,1,3,64,11,57,70,61,52,61,0,59,64,Higher Studies,AI Engineer,62.2,Average,65.1,77.1,Tech
B.Tech,ECE,2,7.27,49,1.3,0.8,7.2,8.2,82,77,2,3,1,0,33,69,65,56,24,67,71,1,47,47,Higher Studies,Product Manager,39.8,At Risk,35.4,53.7,Tech
BBA,Marketing,1,7.5,59,2.9,0.9,6.3,6.5,83,82,1,2,1,4,61,32,73,47,49,53,52,0,43,76,Research,UI/UX Designer,55.1,Average,46.5,35.8,Management
B.Com,Hons,2,7.0,68,3.9,1.8,6.3,3.6,81,85,2,6,2,4,59,51,55,73,56,45,56,0,64,83,Placement,Product Manager,52.7,At Risk,59.4,39.2,Commerce
B.Tech,IT,3,7.37,77,4.3,1.7,6.6,6.8,79,84,0,3,5,5,70,44,69,71,27,61,63,2,75,72,Placement,Software Engineer,66.6,Average,61.6,63.8,Tech
BBA,HR,2,6.83,76,2.9,3.3,6.9,6.2,81,80,1,5,3,5,63,47,65,68,60,75,67,1,61,82,Startup,Data Analyst,53.2,At Risk,64.3,63.7,Management
B.Tech,CSE,4,8.05,85,4.9,3.1,7.5,5.9,100,100,0,3,0,2,44,73,55,71,49,76,85,1,76,67,Startup,Data Scientist,83.4,Good,68.8,52.7,Tech
B.Com,Hons,2,6.93,78,4.5,2.7,7.3,2.5,79,80,3,5,3,4,48,41,54,54,51,67,62,0,63,63,Startup,Business Analyst,44.4,At Risk,50.2,59.2,Commerce
B.Tech,IT,3,9.14,76,6.7,6.0,7.4,7.5,100,99,0,8,6,7,85,57,76,72,85,75,73,2,97,90,Placement,AI Engineer,91.8,Excellent,97.3,59.8,Tech
B.Tech,CSE,1,7.05,50,3.5,0.9,6.3,3.3,79,78,2,3,2,2,34,33,69,66,26,47,47,0,58,79,Higher Studies,Full Stack Developer,40.5,At Risk,47.9,28.1,Tech
B.Com,Hons,2,7.24,63,3.5,1.9,6.7,5.7,87,90,1,5,2,3,64,29,63,47,65,69,51,0,58,83,Placement,Business Analyst,57.4,Average,58.4,43.9,Commerce
B.Tech,ECE,4,8.08,72,4.4,5.0,6.2,9.5,83,84,1,9,7,6,80,34,89,82,63,55,60,2,97,95,Placement,AI Engineer,67.3,Average,95.6,85.8,Tech
BBA,HR,4,8.07,72,3.0,1.8,8.7,8.5,82,85,1,4,3,5,59,67,67,70,51,52,64,1,53,72,Research,Data Analyst,63.9,Average,53.9,62.0,Management
B.Tech,IT,1,7.93,77,5.7,4.4,8.3,6.5,94,85,0,6,4,6,93,41,72,83,86,72,73,2,99,89,Placement,AI Engineer,77.3,Good,90.2,77.6,Tech
BCA,General,4,8.38,80,6.6,2.9,6.5,5.6,100,100,0,7,5,6,84,78,97,99,71,74,98,2,100,99,Government Job,Business Analyst,83.7,Good,92.5,94.8,Tech
BCA,General,4,8.48,67,4.6,5.0,6.1,7.7,97,88,0,7,8,6,83,44,94,92,83,53,65,2,79,100,Startup,Cloud Engineer,78.1,Good,93.2,82.3,Tech
B.Tech,ECE,1,8.35,72,3.5,3.1,6.9,7.0,93,85,1,5,2,5,53,38,88,74,46,35,34,1,57,92,Freelancing,Backend Developer,70.1,Average,72.2,59.0,Tech
B.Tech,CSE,4,6.63,65,3.0,2.4,7.1,6.3,79,79,2,4,2,3,54,31,62,61,78,49,51,1,51,70,Higher Studies,Backend Developer,46.9,At Risk,55.8,69.2,Tech
B.Tech,ECE,1,7.8,68,3.1,3.3,5.7,7.9,85,86,2,6,6,8,89,60,85,73,67,73,69,3,79,100,Startup,Full Stack Developer,52.9,At Risk,90.6,82.7,Tech
Law,Corporate,3,7.7,77,4.1,0.6,7.5,7.4,91,91,1,4,2,0,60,31,54,54,54,70,63,0,47,64,Placement,Product Manager,64.3,Average,48.3,34.7,Law
BCA,General,4,8.64,85,5.8,3.8,6.9,4.8,100,96,0,8,6,6,68,58,82,61,65,68,68,3,92,100,Government Job,Cybersecurity Analyst,85.0,Good,91.3,83.4,Tech
BBA,Marketing,1,7.32,69,4.7,4.1,8.0,6.9,95,88,1,7,5,7,78,55,100,80,68,53,77,1,72,90,Startup,Product Manager,64.7,Average,84.1,56.0,Management
B.Tech,IT,3,6.05,48,1.0,0.3,7.4,7.3,67,65,3,3,3,2,55,57,57,41,50,63,49,0,49,71,Government Job,AI Engineer,25.6,At Risk,33.2,57.2,Tech
B.Tech,ECE,1,7.87,67,5.9,2.9,5.8,5.7,96,90,3,7,5,5,55,61,87,55,47,74,79,1,77,94,Higher Studies,Data Engineer,53.0,At Risk,78.6,66.9,Tech
BBA,Finance,3,8.07,69,5.9,0.7,6.5,7.5,96,92,2,1,1,1,53,80,51,41,29,74,73,1,69,63,Research,UI/UX Designer,64.3,Average,38.4,28.7,Management
B.Tech,AI&DS,2,6.82,93,4.3,4.2,7.6,2.9,86,78,2,6,2,7,79,46,58,45,56,55,56,0,69,75,Placement,DevOps Engineer,50.5,At Risk,64.5,72.2,Tech
B.Tech,ECE,3,7.45,76,3.4,1.5,6.4,7.1,97,93,0,6,3,5,59,62,70,54,40,54,52,1,74,82,Placement,Product Manager,69.3,Average,63.5,65.5,Tech
BCA,General,3,7.45,82,3.2,3.9,6.0,4.8,87,87,1,7,4,7,76,61,51,70,54,55,55,1,79,91,Placement,Cybersecurity Analyst,62.8,Average,82.3,64.2,Tech
B.Tech,CSE,1,6.57,56,1.6,1.5,6.7,4.7,79,77,2,5,3,4,63,45,66,54,53,58,42,1,69,83,Placement,Backend Developer,39.9,At Risk,59.8,61.2,Tech
B.Com,Hons,2,7.58,89,5.5,1.9,6.6,5.1,98,88,0,2,1,6,50,51,69,49,49,77,67,1,45,82,Higher Studies,Business Analyst,73.9,Average,52.6,58.7,Commerce
BCA,General,1,7.17,68,3.6,3.3,6.7,7.8,82,84,1,5,3,3,65,54,53,61,47,65,60,1,65,66,Placement,Software Engineer,56.5,Average,59.3,56.6,Tech
B.Tech,CSE,2,7.53,81,4.8,3.5,6.9,6.1,88,81,0,7,4,6,61,70,83,75,87,54,58,1,77,87,Placement,Cybersecurity Analyst,69.5,Average,81.4,70.7,Tech
B.Tech,IT,1,6.89,56,1.8,2.1,7.7,6.8,80,66,2,6,3,5,72,73,74,68,56,74,63,1,67,82,Government Job,Backend Developer,40.5,At Risk,71.3,75.1,Tech
B.Tech,ECE,1,7.39,94,6.7,1.6,7.7,4.9,97,100,0,4,1,4,52,66,60,49,53,82,72,0,67,71,Placement,Cloud Engineer,73.5,Average,62.0,52.5,Tech
BCA,General,3,6.59,59,2.2,1.8,8.5,8.1,72,72,1,4,4,2,61,49,55,55,61,74,50,1,66,66,Placement,QA Engineer,41.7,At Risk,53.0,55.9,Tech
B.Tech,ECE,3,6.74,65,4.0,2.0,7.9,3.8,78,79,2,5,2,3,62,81,60,70,60,77,58,1,55,64,Freelancing,DevOps Engineer,44.7,At Risk,55.1,73.6,Tech
BCA,General,1,6.43,69,3.1,2.7,7.4,5.1,80,89,3,3,1,3,60,64,40,49,63,66,50,1,74,83,Placement,Cloud Engineer,42.1,At Risk,51.5,53.5,Tech
B.Tech,AI&DS,3,8.17,63,3.6,3.7,7.0,5.4,94,91,1,5,5,5,76,49,77,73,69,60,57,2,75,92,Higher Studies,DevOps Engineer,70.6,Average,82.3,63.8,Tech
B.Tech,AI&DS,3,9.0,81,6.1,3.4,6.9,6.2,100,93,0,6,3,5,70,50,78,86,70,53,76,1,72,79,Placement,Data Scientist,93.6,Excellent,85.0,67.7,Tech
B.Com,Hons,2,7.1,82,4.8,2.0,7.0,6.8,98,92,0,3,0,4,44,56,58,64,48,92,68,1,61,73,Government Job,Business Analyst,71.6,Average,58.0,64.3,Commerce
BCA,General,2,6.91,66,3.7,1.0,7.2,6.5,86,84,1,1,1,2,53,36,61,29,38,59,51,0,38,73,Placement,DevOps Engineer,53.2,At Risk,26.2,32.4,Tech
BBA,HR,1,7.84,68,4.1,2.3,7.5,7.0,83,77,3,4,3,5,40,37,65,62,51,66,47,0,53,94,Startup,Business Analyst,49.1,At Risk,50.7,50.3,Management
B.Com,General,3,7.55,66,4.2,2.0,5.7,6.8,83,82,0,5,5,3,74,51,63,64,80,74,80,1,69,91,Placement,Data Analyst,67.0,Average,74.2,56.2,Commerce
Law,Corporate,1,6.47,67,3.0,0.8,7.3,8.5,75,79,0,3,2,2,52,52,58,65,37,70,47,0,60,75,Higher Studies,Business Analyst,54.4,At Risk,59.9,69.2,Law
B.Tech,CSE,3,8.34,84,5.8,3.1,8.3,5.7,100,98,0,4,4,5,73,60,85,58,57,80,81,2,75,91,Startup,Data Engineer,80.6,Good,78.4,83.8,Tech
Law,Corporate,2,8.67,74,6.3,1.6,7.5,6.8,100,96,1,3,3,3,72,65,61,59,61,68,74,1,64,69,Placement,Data Analyst,76.3,Good,53.2,54.8,Law
BCA,General,2,8.58,89,6.6,4.3,7.8,4.1,100,100,0,8,4,6,67,32,70,51,72,49,62,2,75,82,Higher Studies,QA Engineer,87.5,Good,83.2,81.8,Tech
B.Tech,ECE,3,7.28,63,3.9,3.1,6.4,5.0,93,80,1,4,3,2,51,55,83,56,62,50,70,1,54,83,Government Job,Machine Learning Engineer,55.9,Average,55.4,40.2,Tech
BBA,Marketing,1,7.8,75,4.3,2.5,7.1,4.8,90,88,1,3,3,1,66,48,61,54,36,44,44,0,45,68,Government Job,Data Analyst,63.0,Average,39.7,34.8,Management
BCA,General,2,7.71,85,2.7,2.9,6.4,5.8,87,80,2,7,3,3,63,62,78,56,61,58,61,0,78,83,Government Job,QA Engineer,60.8,Average,69.5,64.3,Tech
B.Tech,AI&DS,2,8.1,82,5.4,5.4,6.0,6.2,97,91,0,9,8,6,87,58,96,77,57,67,75,2,100,100,Startup,Data Engineer,74.8,Average,94.2,95.4,Tech
B.Tech,AI&DS,2,6.66,66,3.2,3.6,7.1,6.3,86,84,1,8,4,7,82,35,80,64,89,46,51,1,73,84,Placement,Cloud Engineer,55.3,Average,83.7,52.1,Tech
Law,Corporate,3,8.81,100,6.4,2.0,7.3,4.6,100,99,0,3,0,3,42,53,49,60,55,61,69,0,49,72,Government Job,Business Analyst,88.6,Good,37.6,44.5,Law
B.Com,Hons,1,7.27,53,3.6,1.5,6.6,4.5,88,83,0,5,2,1,39,74,63,65,41,74,85,1,57,48,Placement,Business Analyst,65.1,Average,49.0,43.8,Commerce
BBA,HR,4,7.4,61,3.0,1.9,8.4,5.2,84,76,3,4,4,2,40,41,67,64,52,56,42,0,40,73,Higher Studies,UI/UX Designer,44.9,At Risk,46.8,43.3,Management
B.Tech,ECE,4,7.46,68,4.3,2.7,8.0,4.7,81,82,3,5,4,4,61,64,75,74,61,66,82,2,89,81,Placement,Software Engineer,45.0,At Risk,82.8,72.6,Tech
BCA,General,1,7.25,73,5.0,4.1,7.6,5.6,92,94,1,6,6,4,69,38,74,76,45,72,57,1,72,75,Government Job,DevOps Engineer,68.5,Average,76.2,54.4,Tech
Law,Criminal,2,6.98,91,4.9,2.4,6.3,7.2,87,86,1,3,1,4,63,83,67,51,60,74,78,1,67,70,Government Job,Data Analyst,61.3,Average,64.4,69.8,Law
BBA,Marketing,2,7.94,81,5.3,2.7,7.3,4.8,90,85,0,3,2,3,34,37,55,64,57,58,75,0,58,66,Startup,Product Manager,79.2,Good,45.5,41.2,Management
BCA,General,2,7.11,79,3.0,2.3,6.1,4.7,82,86,1,3,2,3,62,51,76,57,58,66,57,1,68,72,Higher Studies,Business Analyst,62.7,Average,65.3,63.0,Tech
Law,Corporate,1,7.84,82,5.9,3.2,7.3,4.0,97,95,0,5,2,5,40,59,74,74,48,80,64,0,66,81,Freelancing,Cybersecurity Analyst,78.2,Good,76.8,46.4,Law
Law,Corporate,2,6.77,82,4.6,3.4,7.2,4.8,86,87,2,5,3,2,71,59,86,40,77,59,56,0,60,70,Placement,Product Manager,56.0,Average,60.8,42.4,Law
BBA,Marketing,4,7.08,54,1.9,1.7,6.8,9.3,79,77,3,2,2,2,65,41,60,42,59,70,56,0,46,70,Placement,UI/UX Designer,38.5,At Risk,37.5,25.0,Management
BCA,General,1,7.65,80,5.6,3.3,7.3,4.3,92,96,1,5,3,4,54,32,80,70,74,55,58,1,72,83,Higher Studies,Backend Developer,67.4,Average,73.1,79.1,Tech
BBA,Marketing,3,6.73,65,2.2,1.6,7.0,8.4,75,89,2,3,3,0,47,56,82,47,52,68,74,1,61,68,Higher Studies,Data Analyst,48.1,At Risk,56.7,81.2,Management
BBA,HR,3,8.09,74,4.1,1.4,6.2,6.3,92,91,0,4,3,2,73,58,57,50,37,70,72,0,48,75,Placement,Product Manager,75.0,Average,47.5,49.0,Management
B.Tech,CSE,3,7.96,65,3.9,3.2,5.9,5.9,88,83,0,4,4,6,79,38,85,87,63,61,73,2,84,79,Research,Data Analyst,72.0,Average,83.7,75.3,Tech
B.Tech,AI&DS,4,7.1,70,3.5,1.2,6.9,8.2,84,81,2,2,1,3,61,56,56,55,41,57,71,1,45,76,Startup,Data Analyst,52.7,At Risk,36.2,68.8,Tech
B.Tech,AI&DS,3,8.09,52,3.5,2.0,6.5,8.3,79,83,1,4,5,2,40,26,79,59,54,60,59,1,64,63,Freelancing,Software Engineer,62.6,Average,55.2,49.0,Tech
B.Tech,AI&DS,4,8.1,76,4.5,3.9,5.7,9.5,94,91,0,7,5,3,84,59,91,99,92,73,69,2,91,82,Placement,Cloud Engineer,79.4,Good,93.0,78.3,Tech
B.Tech,CSE,4,7.79,62,3.4,0.8,5.3,6.9,87,83,4,0,0,1,43,17,60,43,28,52,54,0,37,68,Higher Studies,Data Scientist,41.7,At Risk,25.4,31.2,Tech
Law,Corporate,4,7.83,77,4.6,2.0,6.9,7.1,90,86,2,2,0,2,46,33,52,60,50,40,40,0,38,69,Placement,Cybersecurity Analyst,60.2,Average,35.3,46.0,Law
B.Tech,AI&DS,3,8.79,84,6.4,4.2,6.8,5.1,100,100,0,6,3,4,55,29,72,63,56,47,50,0,64,78,Freelancing,Data Scientist,88.9,Good,73.5,64.5,Tech
B.Tech,ECE,2,8.52,92,6.8,4.5,7.6,6.6,100,100,0,5,5,6,80,56,79,88,63,68,67,2,67,84,Placement,Machine Learning Engineer,87.8,Good,74.8,79.7,Tech
BCA,General,3,6.71,60,1.7,2.7,7.0,8.2,86,78,3,5,4,4,75,35,70,53,43,52,55,0,57,60,Placement,Cloud Engineer,38.5,At Risk,49.5,62.0,Tech
B.Tech,AI&DS,3,6.59,79,2.4,1.0,6.6,3.6,77,72,2,3,2,4,66,61,63,57,48,57,52,1,49,75,Placement,DevOps Engineer,48.3,At Risk,51.2,41.6,Tech
BCA,General,3,7.0,83,5.5,2.1,7.6,4.4,89,88,1,3,1,4,58,68,76,58,65,61,87,1,77,80,Higher Studies,QA Engineer,63.8,Average,70.0,55.8,Tech
Law,Corporate,2,8.68,65,6.8,1.7,8.1,8.5,99,100,1,5,3,1,61,63,71,54,80,57,68,1,70,70,Research,Business Analyst,80.8,Good,70.3,58.0,Law
B.Tech,CSE,3,8.45,68,5.7,3.1,7.2,7.5,92,98,1,4,3,4,49,59,67,84,81,71,63,1,60,78,Freelancing,AI Engineer,71.2,Average,67.7,67.2,Tech
B.Tech,ECE,2,7.21,67,3.0,3.2,7.7,6.7,83,83,1,4,5,4,90,57,61,73,49,74,59,1,81,81,Placement,QA Engineer,57.3,Average,70.6,65.2,Tech
B.Tech,CSE,1,6.93,60,2.4,2.4,7.2,7.7,78,76,2,4,4,3,72,51,62,57,51,43,51,1,43,67,Placement,Frontend Developer,43.5,At Risk,33.0,52.8,Tech
B.Tech,CSE,4,6.39,57,3.6,4.2,6.5,5.7,82,85,1,5,3,6,80,70,63,43,38,66,63,1,72,74,Placement,Business Analyst,50.5,At Risk,53.3,67.2,Tech
B.Com,General,4,7.61,67,4.3,1.0,7.0,5.2,89,86,0,2,2,2,50,40,67,60,33,73,60,1,60,62,Placement,Product Manager,66.9,Average,53.0,46.0,Commerce
B.Tech,ECE,2,6.53,49,2.1,1.6,6.9,6.8,65,69,2,2,4,3,42,51,60,76,48,42,63,1,57,79,Government Job,Backend Developer,34.3,At Risk,45.0,53.0,Tech
B.Tech,AI&DS,3,6.69,70,2.6,3.4,7.4,7.4,80,77,1,8,4,4,60,64,54,64,72,65,63,2,89,84,Placement,Product Manager,51.2,At Risk,78.3,66.1,Tech
B.Tech,IT,1,8.27,88,5.5,4.9,8.5,3.7,92,93,0,8,5,7,98,71,91,85,59,74,60,2,96,86,Placement,QA Engineer,86.0,Good,92.9,65.6,Tech
Law,Corporate,4,6.99,87,4.2,2.7,7.7,2.9,90,86,2,3,2,5,73,51,61,70,72,53,68,1,45,71,Higher Studies,Data Analyst,58.1,Average,51.9,59.2,Law
B.Tech,ECE,2,6.82,69,2.7,1.6,6.6,6.1,87,79,3,5,3,1,54,33,51,47,66,30,41,0,44,60,Placement,Data Engineer,40.1,At Risk,43.7,64.5,Tech
BCA,General,3,7.24,54,1.8,1.3,5.9,7.6,79,74,4,4,2,1,56,43,40,44,25,50,55,0,51,60,Freelancing,Backend Developer,30.8,At Risk,26.5,39.5,Tech
B.Tech,AI&DS,1,7.32,62,3.7,2.3,6.5,5.5,74,81,1,4,4,3,57,38,71,77,42,59,57,1,55,65,Startup,Product Manager,56.4,Average,58.1,74.3,Tech
BBA,Finance,1,7.1,78,4.6,2.0,8.2,6.7,91,90,2,3,1,6,66,42,60,70,57,44,50,0,62,79,Placement,UI/UX Designer,57.8,Average,53.4,68.9,Management
BBA,Marketing,3,8.91,91,6.0,4.0,7.0,5.6,100,95,0,5,5,8,67,71,93,73,87,68,81,2,87,100,Government Job,Product Manager,87.0,Good,88.4,69.0,Management
Law,Corporate,3,8.71,61,4.3,2.2,8.1,6.8,92,94,1,6,5,4,58,41,78,65,68,55,63,1,61,67,Freelancing,Business Analyst,73.3,Average,59.7,49.9,Law
B.Tech,CSE,4,6.71,65,2.8,0.0,6.2,7.8,77,80,3,2,0,1,31,45,55,56,46,50,55,0,58,57,Higher Studies,Cloud Engineer,33.8,At Risk,29.9,36.2,Tech
Law,Criminal,3,6.83,60,1.3,0.4,5.8,7.8,75,81,2,0,1,2,47,27,55,75,44,42,44,0,35,72,Placement,Cybersecurity Analyst,40.9,At Risk,34.5,48.0,Law
BBA,Marketing,3,7.43,63,3.8,2.9,8.6,6.4,80,93,1,4,2,4,72,50,61,40,61,50,57,0,55,93,Higher Studies,Data Analyst,64.2,Average,59.4,68.2,Management
BCA,General,3,7.07,68,5.1,2.3,5.9,7.5,90,90,0,5,5,8,86,58,62,73,67,62,69,1,62,67,Placement,Software Engineer,60.3,Average,74.4,59.0,Tech
B.Tech,CSE,2,6.38,68,1.7,2.9,6.5,5.5,77,73,2,7,3,4,81,29,57,62,47,48,66,1,69,78,Placement,Backend Developer,40.8,At Risk,68.3,44.9,Tech
B.Tech,ECE,2,7.3,81,4.2,4.1,6.3,5.6,80,88,0,6,4,5,78,39,85,64,48,51,50,0,53,74,Placement,Machine Learning Engineer,70.8,Average,67.8,58.5,Tech
BCA,General,3,9.05,97,6.9,4.2,7.9,5.1,97,99,0,5,5,6,60,52,77,77,64,65,70,1,74,76,Placement,Cloud Engineer,91.1,Excellent,75.1,80.2,Tech
BCA,General,1,7.75,79,6.0,3.0,7.3,7.8,100,98,0,4,2,4,63,48,86,69,60,62,75,1,75,79,Higher Studies,Software Engineer,76.6,Good,78.4,69.6,Tech
BCA,General,2,7.13,59,3.5,1.7,7.6,9.0,77,80,1,4,2,4,52,44,73,68,49,70,68,1,64,85,Higher Studies,Data Analyst,50.5,At Risk,64.3,60.9,Tech
B.Com,General,1,6.13,60,2.5,0.5,6.5,7.9,76,67,4,2,2,1,44,54,56,44,63,79,71,0,51,60,Startup,Business Analyst,18.5,At Risk,28.2,22.8,Commerce
B.Com,General,1,9.8,83,8.0,4.7,6.8,6.9,100,100,0,6,5,6,82,85,100,87,81,89,91,2,97,81,Startup,Data Analyst,92.7,Excellent,95.1,82.5,Commerce
B.Tech,ECE,2,7.25,82,4.3,0.8,7.5,5.2,96,83,1,3,2,3,61,48,59,61,46,66,77,0,73,63,Higher Studies,DevOps Engineer,63.0,Average,60.7,52.8,Tech
B.Com,General,2,6.89,63,3.8,1.3,6.3,6.8,86,89,2,4,2,1,52,62,54,62,60,65,55,1,68,62,Placement,Product Manager,48.4,At Risk,48.4,50.1,Commerce
BCA,General,3,7.21,76,4.7,3.8,6.7,6.8,88,85,1,5,3,4,61,48,86,40,72,54,67,1,66,75,Placement,UI/UX Designer,62.3,Average,70.0,62.7,Tech
B.Tech,CSE,2,7.79,63,3.9,4.1,5.8,6.5,87,90,1,5,4,4,59,67,65,64,98,78,75,1,61,80,Government Job,Product Manager,63.9,Average,67.4,57.5,Tech
B.Tech,AI&DS,1,7.83,77,6.5,2.2,6.1,6.3,93,93,0,4,2,6,79,57,97,67,48,49,65,0,55,90,Placement,Data Engineer,76.5,Good,61.5,46.9,Tech
BBA,Finance,4,7.69,84,4.1,2.1,8.5,5.1,96,96,1,1,2,6,45,70,76,40,40,74,80,0,59,66,Placement,UI/UX Designer,65.5,Average,58.1,54.7,Management
B.Tech,AI&DS,1,7.49,91,4.3,3.7,7.4,6.2,89,97,0,6,3,4,74,43,72,70,55,62,51,1,73,73,Placement,AI Engineer,74.6,Average,74.8,69.8,Tech
B.Tech,IT,1,8.37,70,5.4,3.5,6.6,6.0,100,100,0,5,3,8,75,69,67,83,60,80,75,2,87,99,Higher Studies,AI Engineer,80.5,Good,82.8,93.6,Tech
BCA,General,1,7.03,76,4.2,2.5,7.2,3.2,84,88,3,4,3,4,51,65,63,67,57,64,59,0,66,78,Placement,Full Stack Developer,46.8,At Risk,46.2,50.6,Tech
B.Tech,CSE,3,7.34,79,4.7,2.5,6.2,5.4,92,91,0,6,4,5,82,84,66,76,72,41,58,0,55,66,Higher Studies,Backend Developer,68.9,Average,63.4,44.2,Tech
B.Tech,IT,2,7.21,62,4.2,1.4,7.1,8.9,86,81,2,3,3,4,48,53,77,75,34,61,48,1,71,77,Higher Studies,DevOps Engineer,45.0,At Risk,53.4,77.9,Tech
B.Tech,ECE,4,7.18,79,3.8,2.2,6.9,5.6,85,89,1,3,3,5,82,69,82,70,56,71,77,1,79,81,Freelancing,UI/UX Designer,62.6,Average,78.3,78.9,Tech
BCA,General,2,9.5,79,6.2,4.4,6.9,6.5,100,100,0,7,5,5,60,44,95,88,72,62,66,1,64,88,Freelancing,DevOps Engineer,93.7,Excellent,77.2,58.4,Tech
B.Tech,AI&DS,2,7.31,56,3.3,3.0,6.6,6.7,83,83,0,5,4,3,77,42,82,67,69,40,54,1,59,82,Government Job,Data Engineer,68.0,Average,72.1,58.4,Tech
B.Tech,CSE,3,7.16,82,3.9,1.8,6.8,5.3,86,82,1,5,2,4,81,65,57,42,29,76,57,0,64,63,Placement,Frontend Developer,61.8,Average,51.1,54.0,Tech
BCA,General,4,7.63,66,5.6,0.0,7.1,7.6,91,92,1,0,1,1,53,44,62,38,24,55,60,0,35,58,Research,QA Engineer,67.7,Average,20.9,52.7,Tech
BCA,General,4,7.8,84,5.3,3.2,7.8,3.6,92,94,0,5,3,4,69,57,70,67,55,55,63,1,59,73,Placement,Cloud Engineer,78.1,Good,64.8,58.7,Tech
B.Tech,ECE,2,7.75,71,3.4,4.9,7.4,5.1,81,77,4,5,5,6,81,41,90,81,46,66,79,2,97,100,Freelancing,Frontend Developer,42.5,At Risk,79.7,90.9,Tech
B.Tech,AI&DS,3,7.72,54,2.6,1.9,7.1,7.5,77,78,4,3,3,2,54,55,91,48,32,35,50,0,50,87,Startup,Backend Developer,38.0,At Risk,38.5,50.3,Tech
B.Tech,IT,1,7.0,62,3.3,2.1,7.6,4.3,78,88,0,3,2,4,57,46,50,46,68,66,71,1,65,88,Placement,Product Manager,57.5,Average,54.9,50.5,Tech
B.Tech,IT,3,7.81,67,5.1,3.9,8.0,5.5,98,88,1,5,4,6,87,66,90,72,60,80,71,2,92,84,Freelancing,Business Analyst,68.7,Average,74.8,74.2,Tech
BCA,General,3,8.35,81,5.6,3.4,8.9,4.7,96,91,0,6,3,4,58,45,65,73,50,58,63,1,70,65,Placement,Business Analyst,80.2,Good,62.9,41.1,Tech
B.Tech,CSE,2,7.55,70,4.3,2.7,6.4,6.5,99,92,2,5,3,6,75,55,85,66,58,50,66,1,70,94,Government Job,QA Engineer,58.0,Average,75.3,59.2,Tech
B.Tech,IT,3,7.34,66,3.0,1.8,7.5,4.0,89,84,2,7,4,5,76,72,88,66,74,62,58,1,79,89,Higher Studies,Machine Learning Engineer,55.8,Average,73.8,73.5,Tech
BCA,General,2,8.3,78,6.3,2.0,8.7,4.9,90,91,0,4,2,5,41,32,70,46,51,77,70,1,73,80,Higher Studies,UI/UX Designer,80.5,Good,62.5,53.1,Tech
BBA,Finance,3,6.63,48,1.4,0.0,7.2,7.3,75,78,2,0,2,0,49,17,46,24,47,36,48,0,35,55,Startup,UI/UX Designer,38.8,At Risk,20.7,30.3,Management
B.Tech,IT,1,8.67,69,5.6,2.9,7.8,4.5,99,94,0,5,5,4,67,39,89,81,75,64,66,1,65,83,Placement,Software Engineer,83.4,Good,79.1,52.8,Tech
B.Tech,IT,2,8.0,97,6.3,5.0,6.6,4.1,100,99,0,10,6,9,91,61,94,63,62,66,85,2,100,92,Government Job,Data Analyst,89.4,Good,97.8,82.0,Tech
B.Tech,ECE,4,6.87,63,3.2,3.0,8.3,6.1,79,70,2,8,6,7,80,61,74,79,42,55,54,1,87,97,Placement,QA Engineer,44.4,At Risk,85.9,55.7,Tech
Law,Corporate,3,8.19,81,5.7,2.3,6.5,6.1,88,88,1,3,2,3,69,85,44,56,56,81,94,2,66,59,Placement,Business Analyst,66.8,Average,52.5,48.8,Law
Law,Corporate,4,7.02,78,3.3,2.5,5.8,6.6,91,81,1,6,3,4,73,46,80,61,60,62,56,2,91,91,Government Job,Data Analyst,57.0,Average,82.3,75.8,Law
B.Tech,ECE,4,7.77,64,4.3,1.0,7.0,6.8,89,83,3,3,2,2,69,53,64,79,50,69,79,1,68,88,Research,Frontend Developer,51.2,At Risk,58.9,53.5,Tech
B.Tech,IT,3,8.99,93,5.7,4.0,6.5,4.6,100,99,0,5,3,6,94,60,75,55,52,76,82,2,82,87,Placement,Business Analyst,90.6,Excellent,77.4,80.5,Tech
B.Tech,ECE,4,8.12,86,6.2,3.0,7.8,4.4,98,97,0,6,3,8,71,32,62,57,47,67,60,1,75,85,Higher Studies,Data Analyst,78.1,Good,79.0,72.8,Tech
BCA,General,3,7.17,62,3.8,3.8,6.3,5.6,83,75,0,5,4,6,75,48,90,41,61,49,53,2,74,94,Placement,Backend Developer,64.8,Average,75.6,75.7,Tech
Law,Criminal,2,8.32,76,5.9,2.4,5.1,4.5,100,97,1,6,4,5,66,57,89,65,76,74,79,1,83,98,Placement,Product Manager,75.6,Good,81.6,59.1,Law
BBA,Marketing,3,6.65,70,3.9,2.4,6.7,8.4,88,77,2,7,3,5,48,40,76,65,68,49,44,0,65,81,Government Job,UI/UX Designer,52.3,At Risk,56.6,53.4,Management
BBA,Finance,3,8.23,72,5.7,3.9,7.2,8.1,100,97,1,4,4,5,82,71,66,63,41,61,71,2,53,85,Government Job,Data Analyst,77.5,Good,62.2,48.5,Management
B.Tech,AI&DS,4,8.08,81,4.6,1.4,7.0,7.0,88,82,0,3,1,4,40,39,53,64,57,61,65,2,61,74,Research,QA Engineer,71.6,Average,59.9,50.9,Tech
BCA,General,1,6.68,67,2.8,1.5,6.9,5.7,82,83,0,1,3,2,52,30,69,50,37,50,48,0,38,63,Research,DevOps Engineer,58.6,Average,37.2,38.6,Tech
B.Tech,ECE,1,7.47,80,2.0,3.4,7.4,3.2,86,92,3,4,3,4,49,78,55,65,58,54,38,0,59,67,Placement,Cybersecurity Analyst,49.6,At Risk,45.1,56.2,Tech
B.Tech,ECE,2,6.75,64,3.6,4.1,6.3,3.7,94,90,2,4,4,4,68,46,85,57,42,61,64,1,68,91,Placement,Full Stack Developer,50.9,At Risk,60.4,78.1,Tech
B.Tech,AI&DS,3,7.82,64,4.8,4.0,6.5,6.1,91,89,1,5,4,5,92,69,88,78,54,66,78,2,84,79,Freelancing,AI Engineer,65.3,Average,78.9,55.8,Tech
B.Tech,AI&DS,2,7.17,65,4.9,3.1,5.5,7.9,90,88,2,6,4,6,78,59,77,60,53,67,63,1,73,84,Placement,Business Analyst,56.1,Average,78.1,83.6,Tech
B.Tech,ECE,2,7.81,73,4.9,2.5,6.1,6.9,89,96,1,3,3,2,66,28,77,44,71,56,50,0,35,66,Higher Studies,Data Scientist,71.0,Average,50.4,23.2,Tech
BBA,HR,1,7.98,62,5.8,1.8,7.9,8.6,94,93,1,3,2,2,55,57,56,65,47,74,60,0,58,76,Higher Studies,Data Analyst,65.4,Average,42.5,26.2,Management
BCA,General,3,7.45,62,2.8,2.7,7.8,8.7,84,87,3,2,1,3,52,50,51,64,36,48,50,1,59,63,Research,DevOps Engineer,48.4,At Risk,37.1,66.3,Tech
B.Tech,AI&DS,4,7.59,74,4.1,3.3,6.3,7.4,91,87,1,4,3,5,54,24,83,69,64,34,42,1,63,77,Higher Studies,AI Engineer,65.0,Average,68.1,72.9,Tech
B.Tech,ECE,3,8.18,69,4.3,1.5,7.5,6.3,90,87,3,1,3,2,78,47,38,74,41,62,58,0,48,61,Placement,QA Engineer,54.0,At Risk,26.6,44.9,Tech
B.Tech,IT,2,7.05,64,4.2,2.4,6.7,3.5,85,81,2,6,4,4,52,46,74,54,37,59,66,1,77,77,Startup,QA Engineer,53.0,At Risk,62.1,64.0,Tech
BBA,Marketing,3,7.01,74,4.5,3.2,6.3,3.2,89,82,3,5,0,4,41,56,48,57,34,75,65,1,74,62,Placement,Product Manager,46.9,At Risk,46.4,52.2,Management
B.Tech,IT,2,7.72,67,6.5,4.4,6.4,6.9,95,98,2,10,6,8,100,41,84,70,81,68,75,2,100,100,Startup,Product Manager,67.8,Average,95.9,58.4,Tech
B.Com,General,2,7.57,56,5.6,2.3,5.5,5.7,87,91,0,4,1,3,70,63,69,77,92,76,70,0,53,64,Higher Studies,Product Manager,67.1,Average,60.4,57.6,Commerce
B.Com,General,1,6.82,56,4.3,2.0,7.3,7.4,83,83,2,3,2,2,50,52,67,52,35,75,62,0,39,68,Startup,Business Analyst,44.8,At Risk,34.9,36.4,Commerce
Law,Criminal,3,7.6,83,4.2,1.7,7.0,5.4,93,88,0,3,2,3,42,53,63,57,66,61,60,1,70,68,Government Job,Cybersecurity Analyst,74.2,Average,60.9,30.6,Law
BCA,General,1,7.15,65,4.0,2.0,6.2,4.5,79,75,2,3,3,3,52,52,67,70,55,50,53,0,49,59,Freelancing,Full Stack Developer,44.4,At Risk,51.5,54.9,Tech
BCA,General,4,9.14,89,6.0,3.3,7.9,6.0,100,100,0,8,5,5,91,77,63,74,65,68,77,2,87,77,Government Job,QA Engineer,87.3,Good,84.0,80.3,Tech
Law,Criminal,1,7.27,68,4.2,3.0,7.2,6.0,82,77,0,4,1,4,66,58,62,50,44,61,66,1,69,67,Freelancing,Product Manager,62.8,Average,65.4,68.6,Law
B.Tech,CSE,3,7.15,69,3.9,0.7,7.3,5.3,85,82,3,3,2,3,28,28,57,57,41,46,54,0,36,67,Placement,Machine Learning Engineer,44.7,At Risk,27.4,52.1,Tech
BCA,General,2,6.79,62,3.0,3.1,6.5,7.2,81,78,2,6,4,4,75,44,80,46,70,51,53,0,52,68,Placement,Cloud Engineer,45.5,At Risk,56.4,50.5,Tech
BBA,HR,2,8.78,65,5.4,2.3,5.9,3.7,96,97,1,5,3,2,51,54,59,57,69,63,71,1,71,86,Placement,Data Analyst,69.9,Average,67.9,67.5,Management
Law,Corporate,2,7.17,76,4.4,3.4,6.4,7.8,94,82,2,5,2,4,54,37,83,66,46,55,53,1,62,76,Placement,Data Analyst,53.1,At Risk,58.1,52.1,Law
BBA,Marketing,1,7.7,65,3.7,3.8,5.8,7.6,92,83,2,7,3,3,75,65,74,69,69,90,77,3,88,81,Startup,Product Manager,58.7,Average,85.0,74.2,Management
B.Tech,ECE,1,7.51,66,3.6,2.2,7.7,6.5,84,84,2,3,1,1,62,35,63,72,45,71,54,1,58,88,Higher Studies,Data Analyst,54.8,At Risk,63.1,78.2,Tech
BBA,Finance,3,6.68,43,3.9,1.1,6.6,10.3,88,78,1,3,2,1,42,69,55,70,37,63,76,0,38,64,Placement,UI/UX Designer,46.5,At Risk,38.6,38.8,Management
B.Tech,ECE,4,8.2,58,4.7,3.7,6.0,6.2,85,82,0,6,2,4,71,42,68,71,46,45,55,2,78,89,Government Job,Data Engineer,71.0,Average,71.4,38.9,Tech
BBA,Finance,1,8.4,89,5.5,1.9,6.9,6.3,100,98,0,3,1,2,47,63,80,66,70,79,73,0,60,70,Government Job,Product Manager,84.1,Good,59.1,47.6,Management
BBA,Marketing,2,7.48,68,4.8,2.8,6.8,7.0,81,86,0,5,4,3,68,35,77,89,60,61,74,1,62,81,Placement,Product Manager,69.2,Average,73.2,44.3,Management
B.Com,General,4,7.08,65,3.4,1.1,5.5,6.2,83,76,2,2,1,1,42,68,58,62,48,57,57,0,38,65,Placement,Data Analyst,45.8,At Risk,28.4,26.3,Commerce
B.Tech,IT,3,7.46,77,3.6,3.0,7.9,6.1,95,88,2,4,2,6,57,56,85,51,57,71,61,1,64,87,Placement,Full Stack Developer,62.8,Average,66.5,77.8,Tech
Law,Criminal,4,6.88,81,3.0,2.1,8.4,3.6,84,82,2,4,3,4,56,65,70,34,20,60,70,2,64,63,Placement,Business Analyst,50.3,At Risk,54.8,57.8,Law
B.Tech,IT,2,7.4,66,2.4,1.8,6.1,7.3,83,80,3,6,5,4,85,34,81,64,61,56,61,1,76,98,Startup,AI Engineer,48.1,At Risk,74.8,59.3,Tech
B.Tech,CSE,3,7.29,69,4.2,5.3,6.9,5.3,88,82,1,8,6,8,80,47,95,80,77,77,63,2,86,100,Startup,AI Engineer,64.0,Average,93.4,77.9,Tech
B.Tech,ECE,3,7.52,74,4.4,3.2,6.8,5.2,87,87,0,5,4,4,78,70,72,31,38,60,52,1,69,75,Research,Frontend Developer,67.2,Average,68.6,72.9,Tech
BCA,General,3,8.48,85,5.3,4.7,7.7,3.0,100,100,0,5,4,6,79,68,84,68,53,81,53,2,79,72,Higher Studies,Data Engineer,84.8,Good,80.9,72.6,Tech
BCA,General,2,7.28,80,4.7,2.0,7.1,8.7,89,90,1,4,1,2,46,56,68,55,25,58,66,1,69,64,Freelancing,Business Analyst,64.4,Average,52.9,72.3,Tech
B.Tech,AI&DS,2,8.65,80,5.9,4.2,7.3,4.0,100,100,0,8,5,8,72,54,94,82,82,68,69,2,96,88,Higher Studies,Cloud Engineer,88.5,Good,93.8,68.1,Tech
B.Tech,ECE,2,8.11,65,6.0,4.3,7.0,5.1,92,91,1,6,3,7,69,42,63,54,63,60,67,1,71,90,Placement,Cybersecurity Analyst,66.6,Average,65.7,66.5,Tech
B.Tech,AI&DS,1,7.73,83,4.6,2.1,7.6,5.1,90,86,0,4,2,4,75,63,82,62,53,63,71,0,66,82,Freelancing,Cybersecurity Analyst,71.4,Average,56.9,57.6,Tech
BBA,HR,1,7.73,81,4.7,2.0,6.6,9.5,93,84,1,3,3,4,43,33,83,49,43,64,68,1,63,80,Placement,Product Manager,68.1,Average,56.7,46.6,Management
B.Tech,AI&DS,2,8.29,95,5.6,3.6,7.4,4.5,97,98,0,5,4,6,82,54,71,68,67,60,65,1,67,73,Placement,AI Engineer,85.7,Good,72.2,67.1,Tech
B.Tech,AI&DS,4,6.85,75,4.8,1.7,7.6,5.9,91,86,1,4,2,5,69,53,65,51,41,70,76,1,59,80,Research,UI/UX Designer,56.8,Average,53.4,64.2,Tech
B.Tech,ECE,2,7.56,80,4.7,4.3,6.9,6.9,93,100,0,6,5,7,78,44,91,79,72,51,61,2,85,92,Placement,AI Engineer,74.0,Average,85.0,86.5,Tech
BCA,General,3,8.77,95,5.8,3.5,7.7,6.8,98,94,1,7,3,6,59,45,67,59,61,59,69,1,91,85,Research,Cloud Engineer,82.3,Good,83.4,49.2,Tech
Law,Criminal,4,7.86,59,5.6,2.8,6.8,6.7,89,91,0,6,4,4,71,66,82,61,67,68,68,2,73,78,Higher Studies,Product Manager,68.7,Average,78.2,65.1,Law
B.Tech,ECE,1,6.63,75,2.8,2.3,6.3,5.6,86,83,1,4,2,5,78,51,59,64,56,66,53,1,50,85,Government Job,Cloud Engineer,55.6,Average,68.1,66.6,Tech
BCA,General,2,6.54,60,2.1,3.8,5.8,6.6,76,77,4,6,7,5,78,26,72,70,62,59,53,1,74,85,Freelancing,Full Stack Developer,32.8,At Risk,77.6,81.3,Tech
BBA,HR,2,7.76,68,4.6,1.5,8.1,6.3,93,94,2,2,1,3,59,51,42,39,36,54,58,0,49,79,Higher Studies,Data Analyst,60.1,Average,27.3,45.9,Management
B.Tech,IT,3,7.76,72,4.9,4.4,7.0,7.2,88,84,0,5,3,3,76,59,72,53,66,51,48,1,71,64,Freelancing,DevOps Engineer,65.0,Average,64.9,59.3,Tech
B.Com,General,4,6.77,61,2.4,1.0,6.9,5.9,79,73,2,1,3,4,45,38,79,47,59,54,48,1,46,75,Placement,Business Analyst,45.3,At Risk,55.6,43.8,Commerce
BBA,Finance,1,7.82,60,5.2,3.3,6.4,10.3,87,83,1,7,6,6,82,59,97,83,73,73,61,2,88,87,Freelancing,Business Analyst,65.8,Average,84.2,88.5,Management
BBA,Marketing,3,8.26,77,5.4,2.6,6.6,6.5,95,95,0,4,4,4,63,59,70,57,55,64,61,1,53,79,Startup,Data Analyst,82.6,Good,55.3,53.8,Management
BBA,HR,1,7.6,87,3.9,2.1,5.9,7.4,95,98,0,3,4,5,59,71,84,62,47,76,72,1,69,80,Placement,Product Manager,77.8,Good,70.0,78.6,Management
B.Tech,IT,2,7.55,67,3.7,3.0,7.1,6.6,89,81,2,6,5,3,58,26,66,57,68,54,64,0,54,86,Placement,Backend Developer,50.9,At Risk,58.1,57.4,Tech
B.Tech,ECE,2,7.87,87,4.2,4.3,6.5,3.7,93,81,0,9,6,7,82,65,80,72,41,56,44,1,80,96,Placement,Backend Developer,78.6,Good,92.2,77.9,Tech
Law,Corporate,2,7.35,82,3.3,3.3,6.3,6.1,87,85,1,0,2,2,63,71,70,40,72,65,67,0,47,67,Freelancing,Business Analyst,63.7,Average,36.9,32.7,Law
B.Tech,IT,2,8.77,73,5.5,2.7,6.4,5.3,92,94,2,5,4,5,60,72,74,78,50,54,65,0,72,78,Placement,Cloud Engineer,71.3,Average,76.4,49.1,Tech
BCA,General,2,6.91,60,2.5,2.3,6.8,4.7,74,74,2,4,3,3,55,70,58,56,67,80,65,0,64,71,Placement,UI/UX Designer,42.8,At Risk,47.9,56.6,Tech
BBA,Finance,2,7.34,89,5.9,2.4,6.8,2.0,88,83,0,4,1,4,49,93,42,49,46,64,70,1,62,75,Placement,Business Analyst,70.6,Average,46.2,49.4,Management
B.Tech,ECE,2,8.11,77,6.6,3.3,6.3,7.4,100,98,0,6,5,5,69,65,100,73,65,86,76,2,96,98,Higher Studies,Business Analyst,80.8,Good,95.4,94.4,Tech
B.Tech,AI&DS,2,7.31,73,3.9,1.9,6.9,6.1,88,86,1,4,2,3,60,47,68,50,54,67,52,1,58,70,Placement,QA Engineer,64.8,Average,56.5,40.8,Tech
B.Com,Hons,1,8.19,59,3.8,3.1,5.5,8.3,92,89,2,4,3,1,64,64,71,61,56,72,73,2,61,66,Freelancing,Business Analyst,61.2,Average,60.8,41.3,Commerce
B.Com,General,2,6.43,66,3.6,2.1,6.5,7.0,80,80,2,3,1,3,66,51,62,60,35,58,65,0,58,78,Startup,Data Analyst,44.0,At Risk,54.3,60.7,Commerce
B.Com,General,3,7.62,66,4.0,3.0,5.2,7.0,85,85,1,4,2,3,74,71,79,76,61,75,66,1,90,83,Placement,Data Analyst,58.4,Average,83.4,56.4,Commerce
B.Com,General,1,7.5,74,3.1,2.0,8.4,7.3,80,83,3,3,5,4,61,36,55,56,50,71,52,0,50,67,Placement,Data Analyst,48.4,At Risk,51.9,37.9,Commerce
Law,Criminal,4,8.23,85,5.6,1.7,7.1,6.5,92,93,0,2,0,2,55,53,43,60,35,75,68,1,45,56,Government Job,Business Analyst,78.8,Good,38.3,18.8,Law
B.Tech,ECE,1,7.37,82,2.6,3.1,6.8,7.0,87,85,0,4,4,6,74,51,62,70,50,57,68,0,66,73,Placement,Cybersecurity Analyst,68.6,Average,61.8,48.0,Tech
B.Tech,CSE,3,6.61,64,2.2,1.1,6.5,7.4,77,76,1,2,3,4,72,37,52,68,43,52,52,0,42,70,Higher Studies,Full Stack Developer,50.4,At Risk,38.8,52.3,Tech
BBA,Marketing,2,6.89,76,3.1,1.6,7.1,8.2,76,78,0,4,2,4,67,60,43,54,41,57,70,0,50,52,Higher Studies,Product Manager,61.0,Average,49.1,55.7,Management
BCA,General,1,6.97,79,5.3,4.2,7.5,3.8,87,92,0,8,5,7,91,35,62,62,69,65,66,1,76,75,Government Job,Backend Developer,69.4,Average,70.7,45.0,Tech
BBA,Marketing,3,8.44,63,4.8,3.7,6.8,7.1,98,96,0,6,5,6,85,26,88,78,70,58,85,2,93,79,Placement,Product Manager,79.5,Good,85.0,74.5,Management
BCA,General,3,7.55,82,5.0,3.2,5.8,6.4,91,89,1,6,3,5,67,35,78,76,57,68,69,0,75,61,Higher Studies,Full Stack Developer,67.4,Average,64.9,47.9,Tech
B.Tech,CSE,2,8.01,76,3.4,3.8,7.4,8.1,100,89,3,6,4,5,76,57,78,54,65,59,63,1,70,79,Startup,Machine Learning Engineer,60.2,Average,66.6,54.1,Tech
BBA,Finance,2,7.06,66,3.5,3.6,7.0,6.4,90,82,0,5,4,5,77,51,58,76,64,62,58,1,70,71,Startup,Product Manager,66.1,Average,76.7,68.2,Management
B.Tech,CSE,4,8.03,63,6.4,2.5,6.1,6.5,99,100,1,7,2,4,73,51,73,63,67,50,81,0,67,78,Higher Studies,AI Engineer,72.1,Average,59.7,53.3,Tech
B.Tech,IT,3,8.34,93,6.5,3.6,6.4,7.4,98,100,0,4,5,5,72,64,85,80,41,77,91,1,90,74,Higher Studies,Cloud Engineer,83.7,Good,76.7,71.3,Tech
BCA,General,2,8.12,70,5.9,0.6,8.0,6.2,100,92,2,6,3,1,62,63,58,79,68,59,57,1,63,72,Placement,Cybersecurity Analyst,66.6,Average,59.5,62.4,Tech
B.Com,Hons,1,7.13,69,3.7,2.3,7.7,5.4,82,85,2,3,2,6,80,34,84,78,41,58,58,0,41,78,Startup,Business Analyst,53.7,At Risk,51.1,53.5,Commerce
B.Com,General,3,7.41,77,5.0,4.2,7.0,6.1,100,88,1,7,4,7,88,69,87,64,78,86,80,3,100,82,Startup,Product Manager,65.3,Average,89.9,78.9,Commerce
B.Com,General,1,7.72,92,6.5,1.5,8.3,3.7,95,100,0,2,2,4,69,62,61,61,71,64,72,0,46,71,Placement,Business Analyst,80.4,Good,57.7,57.8,Commerce
B.Tech,IT,1,6.85,77,5.1,4.3,7.3,4.7,85,83,0,6,4,5,79,45,93,46,62,48,42,1,75,75,Placement,Software Engineer,64.8,Average,76.2,58.5,Tech
B.Com,Hons,4,7.89,72,5.9,4.0,7.5,3.1,100,91,0,6,4,4,77,67,65,57,55,77,72,1,79,69,Startup,Business Analyst,72.0,Average,63.7,48.5,Commerce
Law,Corporate,3,7.3,63,3.8,3.3,7.1,5.2,84,86,1,4,4,4,82,36,64,80,49,45,56,1,68,82,Higher Studies,Cybersecurity Analyst,58.8,Average,54.8,43.4,Law
B.Com,General,1,8.25,76,6.1,0.6,8.3,5.3,99,94,1,2,1,1,51,53,66,40,62,56,66,0,39,50,Research,Data Analyst,75.1,Good,43.9,39.5,Commerce
BBA,Finance,2,7.44,68,2.7,2.7,7.1,9.1,82,85,0,3,3,1,65,58,62,65,38,65,64,0,50,60,Government Job,Product Manager,63.0,Average,49.2,37.7,Management
BCA,General,2,9.19,74,6.1,3.6,6.6,5.0,100,92,0,6,5,7,85,45,75,64,85,61,77,2,84,98,Placement,Software Engineer,84.7,Good,82.9,75.6,Tech
B.Tech,ECE,3,7.49,63,3.5,1.7,6.4,9.4,85,82,1,4,3,4,54,44,70,60,50,56,59,1,68,92,Research,Cybersecurity Analyst,60.8,Average,63.9,59.1,Tech
B.Tech,ECE,2,7.42,65,3.3,1.1,6.7,5.6,85,89,0,2,3,1,70,45,73,51,51,64,64,0,36,74,Placement,Data Analyst,62.3,Average,40.2,61.3,Tech
B.Tech,CSE,1,8.42,66,5.4,4.2,8.8,5.3,96,96,0,6,6,6,89,63,80,62,63,79,75,2,93,79,Placement,Product Manager,77.3,Good,90.9,66.0,Tech
BBA,HR,4,7.0,78,5.2,2.2,8.0,6.6,90,90,2,4,2,5,61,61,71,52,58,82,73,1,78,88,Placement,Business Analyst,55.4,Average,62.0,73.4,Management
B.Tech,ECE,1,7.67,67,5.2,4.5,6.4,4.7,94,95,0,7,4,5,83,68,62,77,54,90,93,2,97,88,Startup,UI/UX Designer,75.8,Good,83.7,82.5,Tech
B.Tech,IT,3,7.81,69,4.7,2.7,6.0,7.1,89,85,1,6,2,7,59,61,71,64,70,57,65,2,95,96,Placement,Software Engineer,66.2,Average,82.3,97.3,Tech
Law,Corporate,2,8.53,64,3.9,3.1,6.4,4.2,95,86,2,5,3,2,86,44,66,61,64,69,79,1,73,70,Higher Studies,Business Analyst,62.5,Average,66.1,48.8,Law
BBA,Finance,3,6.91,58,4.2,2.0,7.5,7.9,87,80,3,1,3,2,55,40,53,66,57,54,55,0,38,72,Startup,UI/UX Designer,41.5,At Risk,36.0,48.0,Management
B.Tech,ECE,1,7.77,87,5.4,2.9,7.9,4.2,87,96,0,2,3,4,56,69,60,54,37,61,64,0,60,70,Startup,Product Manager,76.4,Good,53.1,47.1,Tech
BCA,General,4,6.56,66,1.9,1.1,8.3,7.9,80,74,2,4,1,1,60,37,70,51,34,69,63,1,65,80,Startup,Data Engineer,41.1,At Risk,45.0,48.4,Tech
B.Tech,IT,2,8.27,75,5.4,5.0,6.6,6.5,96,98,1,6,6,8,62,64,69,66,65,71,63,2,90,81,Freelancing,Data Scientist,73.1,Average,81.1,77.0,Tech
B.Tech,ECE,3,7.01,63,1.2,3.3,6.3,7.0,78,78,4,4,4,2,54,20,71,55,38,62,73,1,59,69,Higher Studies,Frontend Developer,31.1,At Risk,40.7,61.0,Tech
B.Tech,CSE,3,7.21,81,3.2,2.0,8.0,7.1,92,91,0,5,1,4,69,46,53,60,55,54,72,2,77,78,Startup,Cybersecurity Analyst,70.9,Average,75.3,80.4,Tech
BCA,General,2,7.06,51,3.9,2.6,5.3,7.6,82,77,2,6,3,6,74,41,64,75,53,46,50,1,70,88,Placement,Data Analyst,45.8,At Risk,73.7,60.3,Tech
BCA,General,2,8.1,63,4.9,2.0,6.4,8.8,96,98,4,4,3,2,67,65,71,97,51,68,73,2,77,85,Placement,Full Stack Developer,58.7,Average,71.1,58.1,Tech
BBA,Marketing,1,7.03,63,4.3,2.1,7.4,9.0,83,83,0,5,4,5,67,73,41,72,61,74,79,1,60,64,Placement,Data Analyst,63.3,Average,70.0,60.2,Management
BBA,HR,2,7.04,69,3.6,2.5,7.2,7.8,89,83,3,3,4,5,64,67,57,77,62,51,74,1,77,86,Placement,UI/UX Designer,44.2,At Risk,65.9,72.9,Management
Law,Criminal,2,7.58,59,2.8,3.3,6.9,5.1,73,82,1,5,3,4,61,35,68,89,90,51,54,0,61,72,Placement,Product Manager,55.8,Average,72.1,60.4,Law
Law,Criminal,4,7.04,75,5.3,2.2,6.5,7.9,91,96,0,6,3,5,77,69,68,65,68,52,65,1,64,77,Research,Cybersecurity Analyst,70.4,Average,74.8,65.2,Law
B.Tech,IT,2,8.42,67,3.5,1.1,6.6,4.7,91,90,2,4,2,3,48,81,77,57,42,65,70,0,53,71,Government Job,Product Manager,62.8,Average,48.2,60.4,Tech
BBA,Finance,1,6.81,66,4.9,0.4,7.6,6.7,88,81,2,1,2,1,47,31,45,53,35,44,72,1,59,75,Placement,UI/UX Designer,50.1,At Risk,45.0,48.9,Management
B.Tech,IT,2,8.24,73,4.0,2.0,6.5,8.8,94,94,1,5,3,5,91,33,65,72,56,61,69,2,91,87,Placement,Cybersecurity Analyst,71.4,Average,79.3,77.5,Tech
B.Tech,CSE,3,8.71,82,5.7,3.3,6.1,4.1,94,99,1,5,3,3,69,39,81,60,68,59,65,1,56,81,Higher Studies,AI Engineer,77.9,Good,74.6,83.3,Tech
Law,Criminal,1,6.16,82,4.0,1.9,7.8,2.7,89,84,2,5,1,4,42,64,74,67,48,46,59,0,56,71,Placement,Cybersecurity Analyst,50.3,At Risk,45.0,50.2,Law
BBA,Marketing,1,7.82,78,4.7,2.9,6.0,5.8,95,96,0,5,5,5,72,47,81,69,77,50,56,0,67,77,Placement,Business Analyst,81.7,Good,65.6,50.8,Management
B.Tech,IT,4,7.24,76,4.9,5.4,5.9,6.5,90,79,2,8,6,7,83,70,81,81,96,61,75,1,76,75,Freelancing,Backend Developer,56.0,Average,79.2,64.4,Tech
B.Tech,IT,3,8.55,75,6.3,3.0,7.1,3.8,100,100,0,2,2,5,67,65,59,76,56,75,80,1,63,71,Research,AI Engineer,82.9,Good,70.0,58.9,Tech
Law,Criminal,3,9.14,100,6.2,4.4,6.9,3.5,100,100,0,6,6,4,89,55,88,71,65,64,78,1,66,93,Research,Data Analyst,95.0,Excellent,82.5,67.5,Law
B.Com,Hons,2,9.3,78,4.6,5.4,7.8,5.4,100,99,0,9,6,8,82,89,80,76,92,75,65,2,100,78,Placement,Product Manager,92.6,Excellent,94.5,82.8,Commerce
BBA,Finance,1,6.31,55,1.9,0.2,6.6,8.1,73,70,1,0,0,0,39,59,54,34,25,69,59,0,44,49,Placement,Product Manager,43.3,At Risk,22.0,19.1,Management
B.Tech,IT,3,8.8,75,6.8,3.9,5.3,7.9,98,97,1,3,2,3,69,46,90,66,59,65,71,0,61,84,Placement,Data Analyst,82.4,Good,68.4,50.7,Tech
B.Tech,AI&DS,2,6.86,63,3.9,4.7,7.3,7.6,79,75,2,9,4,3,92,63,65,70,61,60,62,2,98,86,Government Job,Frontend Developer,47.3,At Risk,84.1,68.8,Tech
B.Tech,AI&DS,2,8.49,92,5.7,4.6,7.6,3.3,100,99,0,7,3,4,88,64,81,75,69,54,60,1,72,77,Higher Studies,Backend Developer,86.4,Good,85.0,55.4,Tech
B.Tech,ECE,1,7.0,67,3.8,2.8,6.5,7.5,90,75,4,3,1,4,60,49,55,69,47,65,67,0,70,74,Higher Studies,Cybersecurity Analyst,40.0,At Risk,45.9,30.7,Tech
B.Tech,ECE,4,7.3,73,4.5,3.9,5.9,4.0,85,94,0,4,3,6,70,41,89,81,57,66,62,2,68,93,Startup,AI Engineer,71.2,Average,82.6,56.7,Tech
BCA,General,2,6.11,63,2.0,1.6,8.1,8.5,76,69,3,3,0,1,66,42,60,47,24,77,59,0,54,62,Placement,Business Analyst,35.1,At Risk,27.9,53.6,Tech
B.Tech,AI&DS,3,8.61,71,5.8,3.2,7.1,5.7,97,86,0,6,4,4,55,47,79,49,47,60,55,2,81,77,Higher Studies,Data Engineer,83.5,Good,75.9,53.5,Tech
B.Com,General,1,6.98,63,2.1,0.8,6.7,7.0,84,75,3,3,0,1,37,69,71,41,53,54,63,0,54,58,Placement,Business Analyst,34.8,At Risk,51.2,61.0,Commerce
B.Com,General,3,7.43,80,3.8,2.2,8.0,4.5,87,89,1,2,3,3,70,76,69,67,69,57,65,0,35,78,Startup,Data Analyst,65.4,Average,47.7,45.6,Commerce
BCA,General,2,8.34,80,6.8,3.0,6.4,6.4,97,97,1,7,5,5,76,55,74,73,57,67,65,2,89,78,Freelancing,Cloud Engineer,74.7,Average,81.9,73.3,Tech
BCA,General,1,6.92,86,4.8,4.0,7.3,3.5,91,90,0,5,2,4,62,45,48,67,72,55,58,1,77,61,Research,Cloud Engineer,65.0,Average,70.0,80.3,Tech
Law,Criminal,2,7.09,59,3.0,0.9,6.9,6.9,80,88,1,1,2,0,44,47,45,59,24,59,72,1,36,59,Placement,Business Analyst,54.9,At Risk,21.0,55.5,Law
B.Tech,CSE,1,8.05,63,3.0,1.3,6.7,8.2,82,80,0,2,1,3,46,52,55,42,31,43,48,0,48,68,Placement,Full Stack Developer,65.7,Average,30.6,29.7,Tech
BCA,General,3,7.83,79,4.6,3.1,7.0,7.0,92,87,1,5,5,4,64,40,78,65,55,59,69,1,75,91,Placement,Cybersecurity Analyst,67.0,Average,72.0,76.6,Tech
BCA,General,3,8.37,75,5.9,2.9,7.6,5.5,92,97,0,6,4,6,77,29,68,80,78,54,62,1,79,88,Freelancing,Backend Developer,76.5,Good,85.0,76.1,Tech
B.Tech,AI&DS,4,6.43,64,3.5,1.2,6.7,5.7,80,73,0,4,3,4,51,56,40,50,43,53,49,0,55,76,Startup,DevOps Engineer,51.4,At Risk,38.4,40.9,Tech
B.Tech,IT,1,8.4,92,5.9,3.5,7.0,4.4,98,92,0,5,3,5,58,44,77,75,49,64,67,0,54,74,Government Job,AI Engineer,83.3,Good,74.4,55.9,Tech
BBA,Finance,2,7.99,80,5.3,2.2,7.8,4.8,99,93,0,1,3,4,62,54,60,59,51,36,44,0,35,82,Government Job,UI/UX Designer,74.3,Average,45.9,35.6,Management
B.Com,Hons,4,6.18,66,2.6,1.2,5.7,8.4,78,74,2,2,1,0,41,48,46,61,32,57,53,1,58,63,Startup,Product Manager,39.4,At Risk,34.9,60.4,Commerce
BBA,HR,2,8.71,81,6.6,2.0,6.7,4.3,100,98,1,6,3,4,70,36,75,77,39,59,60,1,64,81,Higher Studies,Data Analyst,79.4,Good,67.8,86.9,Management
Law,Criminal,1,7.89,78,4.8,2.2,6.7,2.9,93,84,1,1,2,2,56,39,66,64,62,69,71,1,61,56,Placement,Business Analyst,66.9,Average,47.6,31.3,Law
B.Tech,CSE,4,6.26,77,3.5,1.9,8.0,8.7,85,77,2,4,2,2,66,59,50,80,34,52,52,2,58,68,Placement,Backend Developer,46.4,At Risk,37.5,41.6,Tech
B.Tech,IT,1,7.93,65,3.3,2.8,6.5,7.5,98,92,3,4,3,4,51,43,58,71,44,81,83,2,75,68,Research,UI/UX Designer,55.1,Average,65.0,61.5,Tech
B.Tech,CSE,3,7.96,58,3.3,2.7,7.3,6.2,85,86,0,6,4,4,64,23,79,67,49,61,52,1,64,100,Freelancing,DevOps Engineer,64.9,Average,70.8,54.1,Tech
B.Tech,AI&DS,2,8.91,87,5.8,3.7,5.5,5.1,97,93,0,5,5,5,80,53,97,77,79,79,64,1,80,100,Research,AI Engineer,83.7,Good,92.1,86.0,Tech
B.Tech,CSE,4,6.55,68,2.8,1.9,8.0,6.2,81,82,4,4,3,3,55,31,68,38,50,45,45,0,54,62,Government Job,DevOps Engineer,33.8,At Risk,40.6,49.2,Tech
B.Tech,AI&DS,2,8.82,77,4.4,3.1,6.8,6.8,93,93,2,7,5,2,72,52,79,52,64,52,63,1,59,86,Government Job,Machine Learning Engineer,71.8,Average,70.0,58.5,Tech
B.Tech,IT,3,6.37,63,2.5,2.3,6.0,4.8,72,71,1,3,1,2,29,46,46,63,41,53,53,0,46,42,Placement,Machine Learning Engineer,45.3,At Risk,29.6,21.4,Tech
BBA,Finance,2,8.69,79,4.8,2.6,7.3,5.4,100,97,0,7,4,3,70,44,79,83,74,56,67,1,76,85,Government Job,Product Manager,82.2,Good,86.2,48.9,Management
BBA,Marketing,4,9.06,73,7.3,3.5,8.2,4.9,100,100,0,7,4,3,82,74,74,65,59,85,89,2,82,67,Higher Studies,Data Analyst,88.4,Good,80.0,66.9,Management
Law,Corporate,1,7.93,92,5.8,2.3,8.3,4.7,99,97,0,5,3,4,72,79,64,64,60,64,58,0,74,91,Government Job,Cybersecurity Analyst,76.5,Good,70.0,36.9,Law
B.Com,General,4,8.43,79,4.0,2.3,6.7,4.5,96,94,0,4,3,7,69,85,91,66,51,59,77,2,92,92,Research,Business Analyst,76.8,Good,83.6,78.7,Commerce
B.Tech,CSE,3,7.6,70,4.8,4.2,6.5,8.1,92,87,1,7,6,5,91,43,88,76,68,42,46,1,75,90,Startup,Backend Developer,64.7,Average,76.0,61.6,Tech
B.Com,Hons,2,7.12,76,3.5,2.5,7.7,4.6,80,73,1,5,2,2,83,57,80,44,54,66,58,1,60,73,Placement,Business Analyst,55.4,Average,57.6,63.2,Commerce
B.Tech,IT,2,7.99,66,3.8,0.8,6.7,4.3,95,94,1,4,3,2,85,64,83,63,57,71,75,1,73,77,Placement,Frontend Developer,65.8,Average,70.0,65.5,Tech
B.Tech,ECE,1,8.59,66,3.8,1.7,7.6,6.9,81,88,1,4,3,3,41,57,52,72,70,41,53,0,62,63,Startup,Data Scientist,65.9,Average,49.3,56.5,Tech
B.Com,General,3,7.55,85,5.4,2.1,8.2,2.0,93,93,0,3,0,4,48,65,72,39,43,59,71,0,46,59,Higher Studies,Data Analyst,71.6,Average,34.9,44.2,Commerce
B.Tech,AI&DS,1,7.67,67,4.5,4.3,7.5,7.0,91,96,2,4,2,3,54,39,84,64,49,54,45,0,45,81,Startup,AI Engineer,59.6,Average,57.2,44.9,Tech
B.Tech,CSE,4,7.87,72,4.8,3.0,5.7,9.7,91,88,3,5,3,4,64,43,94,61,78,58,81,2,80,91,Higher Studies,Full Stack Developer,55.5,Average,74.7,61.3,Tech
B.Tech,AI&DS,4,8.15,76,4.4,4.3,5.3,5.5,95,95,1,7,5,6,59,37,71,86,70,50,65,1,86,94,Placement,AI Engineer,67.9,Average,83.8,67.1,Tech
BBA,HR,1,7.77,79,5.3,4.2,7.9,3.6,98,91,1,5,2,5,76,51,80,73,57,62,76,1,77,71,Government Job,Business Analyst,68.0,Average,72.6,62.3,Management
B.Tech,AI&DS,2,6.35,52,2.1,2.0,6.5,7.0,79,74,1,3,3,2,40,46,51,54,57,63,53,1,69,63,Startup,Data Engineer,43.7,At Risk,49.9,62.4,Tech
B.Tech,CSE,3,6.46,62,3.3,1.4,6.1,7.5,83,79,1,3,3,1,70,57,54,40,51,47,64,0,50,60,Freelancing,Backend Developer,53.4,At Risk,36.5,41.7,Tech
B.Tech,IT,3,6.93,57,2.0,1.9,7.0,7.2,84,74,2,2,2,2,27,38,78,71,37,42,36,0,39,80,Placement,Cloud Engineer,46.1,At Risk,45.9,61.2,Tech
BCA,General,1,8.1,79,7.2,2.9,7.6,5.8,94,95,0,5,3,4,67,39,84,75,71,30,50,0,54,77,Higher Studies,Data Engineer,83.6,Good,69.5,51.4,Tech
BCA,General,4,7.8,60,2.2,1.6,7.1,11.8,88,73,1,5,5,4,67,42,71,60,37,59,56,1,67,75,Higher Studies,Backend Developer,60.7,Average,67.8,49.4,Tech
B.Com,Hons,4,8.63,75,6.4,2.1,6.4,6.4,98,92,1,5,3,3,73,54,67,56,69,80,75,1,54,77,Higher Studies,Product Manager,74.5,Average,65.3,47.9,Commerce
BBA,Marketing,3,6.96,58,2.3,1.7,5.4,6.7,74,73,4,2,1,0,39,42,66,58,27,67,51,1,62,81,Placement,UI/UX Designer,30.1,At Risk,38.6,41.1,Management
B.Com,Hons,4,6.63,60,1.7,2.0,7.2,7.0,68,67,1,2,2,3,55,54,55,63,53,70,64,1,58,76,Higher Studies,Product Manager,40.6,At Risk,53.1,66.9,Commerce
B.Tech,CSE,4,7.33,70,4.5,2.5,8.2,6.1,86,85,2,4,5,3,64,40,75,41,57,62,68,2,68,83,Government Job,Software Engineer,57.5,Average,63.1,72.0,Tech
BBA,HR,1,6.79,71,3.1,0.0,7.5,6.2,84,80,0,1,0,0,46,54,46,37,37,60,56,0,43,47,Placement,Business Analyst,60.6,Average,22.9,38.9,Management
BCA,General,4,7.25,79,4.2,2.3,7.8,2.3,92,92,2,5,2,6,56,41,62,47,41,57,70,1,65,87,Higher Studies,Backend Developer,59.7,Average,51.3,56.2,Tech
B.Tech,AI&DS,4,7.75,86,5.9,1.2,6.9,6.6,92,91,0,5,5,5,70,71,63,68,57,62,73,1,76,78,Government Job,Software Engineer,76.8,Good,65.9,66.4,Tech
BCA,General,3,8.2,71,6.1,4.0,6.5,7.1,92,92,0,5,5,3,61,65,85,54,71,84,80,1,64,62,Freelancing,Business Analyst,78.8,Good,65.0,47.2,Tech
BBA,Finance,1,8.01,67,6.3,0.8,6.1,7.4,95,88,3,1,1,1,57,69,52,55,30,47,49,0,41,51,Freelancing,UI/UX Designer,56.1,Average,20.8,60.6,Management
Law,Corporate,4,6.18,51,2.8,3.5,7.4,7.6,73,77,4,7,4,6,69,33,74,64,69,53,48,1,76,90,Placement,Cybersecurity Analyst,26.7,At Risk,76.0,68.4,Law
B.Tech,ECE,3,7.05,98,2.6,4.4,8.1,4.5,86,86,1,4,5,9,79,62,74,44,51,79,78,2,95,87,Placement,Business Analyst,66.8,Average,85.0,87.9,Tech
BBA,Finance,2,8.02,78,5.8,3.4,7.4,8.8,93,95,0,4,4,5,73,69,72,77,40,83,85,1,72,82,Placement,Product Manager,76.0,Good,75.5,77.4,Management
B.Com,Hons,2,7.94,87,6.0,4.2,6.3,4.5,93,100,1,6,5,8,90,63,70,94,60,52,61,1,65,80,Placement,Data Analyst,72.2,Average,76.0,61.9,Commerce
B.Tech,CSE,4,7.2,70,5.1,2.8,6.8,6.6,94,90,1,4,4,4,76,56,82,72,88,52,58,2,83,100,Research,Full Stack Developer,63.3,Average,83.0,70.4,Tech
BCA,General,1,6.84,64,3.7,2.6,7.1,6.5,79,79,3,3,4,4,60,58,55,66,51,68,50,1,66,78,Freelancing,DevOps Engineer,43.6,At Risk,55.2,48.3,Tech
B.Tech,CSE,4,7.91,62,5.8,4.0,7.3,5.3,92,89,0,5,4,4,87,61,68,73,65,61,64,1,54,69,Research,Data Scientist,73.9,Average,68.3,58.3,Tech
BCA,General,2,7.31,59,3.4,0.2,6.4,6.8,81,81,1,1,2,0,65,41,75,37,42,59,36,0,51,67,Government Job,UI/UX Designer,53.5,At Risk,38.5,43.4,Tech
B.Tech,CSE,3,7.49,89,4.7,5.3,6.9,8.2,92,89,1,6,5,5,100,32,100,100,69,71,64,2,73,88,Higher Studies,Machine Learning Engineer,71.5,Average,89.8,53.4,Tech
B.Com,General,4,6.79,73,1.7,1.2,8.1,6.1,80,71,1,3,0,2,50,31,23,42,32,56,59,0,47,62,Placement,Business Analyst,50.3,At Risk,25.3,39.3,Commerce
BBA,Marketing,1,8.03,82,5.9,4.3,7.4,3.5,100,100,0,9,5,4,100,79,93,66,74,69,79,1,79,100,Placement,Product Manager,77.5,Good,85.0,56.5,Management
B.Tech,AI&DS,2,8.45,77,5.0,4.1,7.6,7.4,92,86,1,7,3,4,89,67,75,64,84,68,52,2,75,89,Higher Studies,Cloud Engineer,69.9,Average,77.7,66.2,Tech
B.Tech,CSE,1,7.01,64,3.7,2.3,6.0,7.9,78,79,1,5,4,2,58,27,51,66,44,68,44,0,52,61,Placement,AI Engineer,48.2,At Risk,56.1,76.6,Tech
B.Tech,AI&DS,2,7.56,75,4.9,2.6,6.2,2.0,83,83,2,6,5,4,71,59,77,51,68,72,69,1,72,76,Higher Studies,Frontend Developer,55.7,Average,77.7,84.5,Tech
BBA,Finance,1,7.26,65,4.6,1.2,7.5,5.5,86,95,2,3,1,1,56,47,72,66,34,53,57,0,48,78,Government Job,Product Manager,53.4,At Risk,42.1,28.7,Management
B.Tech,ECE,4,7.26,73,3.7,3.6,7.4,6.7,95,81,1,6,5,5,87,45,95,70,81,55,61,2,63,91,Freelancing,Data Engineer,63.2,Average,74.6,68.8,Tech
BCA,General,3,7.42,79,4.1,1.0,8.2,6.0,83,84,2,1,2,2,51,35,75,75,42,43,36,0,49,74,Government Job,Cybersecurity Analyst,59.8,Average,40.1,49.8,Tech
BCA,General,3,7.64,82,4.3,4.5,6.6,5.3,90,90,0,6,5,10,76,45,79,82,67,60,63,2,92,92,Higher Studies,QA Engineer,72.5,Average,86.3,93.3,Tech
BCA,General,1,8.64,91,6.1,4.6,6.7,7.5,100,100,0,8,4,4,88,47,72,67,71,60,60,2,90,91,Placement,QA Engineer,88.3,Good,83.4,93.8,Tech
B.Tech,ECE,1,7.39,68,3.4,3.8,6.6,6.8,85,85,0,5,3,5,81,72,76,68,61,72,82,1,95,66,Startup,AI Engineer,65.4,Average,77.3,67.7,Tech
Law,Corporate,3,7.39,70,5.0,1.4,5.8,8.6,90,90,0,3,3,4,54,46,71,65,63,67,59,1,51,83,Placement,Cybersecurity Analyst,61.6,Average,58.1,46.8,Law
Law,Corporate,4,7.36,78,5.1,0.8,6.9,7.5,90,95,0,3,1,4,62,65,47,46,42,47,64,0,45,50,Government Job,Cybersecurity Analyst,68.7,Average,44.0,44.2,Law
BBA,Finance,4,7.58,73,3.0,1.3,6.8,6.8,85,83,4,2,3,3,74,52,43,54,45,68,66,1,62,55,Placement,UI/UX Designer,40.3,At Risk,38.6,53.0,Management
BCA,General,4,7.23,53,3.9,2.5,6.8,9.8,78,90,1,3,3,2,59,52,77,81,60,58,65,1,66,66,Startup,Business Analyst,56.2,Average,60.0,37.1,Tech
BCA,General,2,8.98,80,6.2,4.5,6.6,6.6,96,91,0,8,4,5,64,43,77,74,56,38,53,1,72,85,Higher Studies,Software Engineer,83.6,Good,75.7,67.6,Tech
B.Tech,AI&DS,3,8.05,67,5.1,0.0,7.4,7.9,96,87,0,1,0,3,56,70,49,43,45,72,76,1,43,57,Freelancing,UI/UX Designer,69.2,Average,41.5,42.3,Tech
B.Tech,CSE,2,8.85,71,5.2,3.6,5.9,7.2,97,92,1,6,5,5,65,39,100,74,54,44,65,2,78,92,Startup,Data Analyst,77.7,Good,82.5,88.4,Tech
B.Com,Hons,3,7.11,74,4.6,0.0,6.2,6.3,88,88,0,1,2,1,63,74,56,36,54,78,69,1,43,47,Higher Studies,Data Analyst,65.2,Average,39.3,49.0,Commerce
B.Tech,IT,3,7.26,74,2.9,3.7,7.0,4.8,94,78,0,5,1,3,71,56,59,60,76,71,55,2,69,78,Startup,Frontend Developer,64.6,Average,73.3,66.6,Tech
B.Tech,CSE,2,8.36,72,5.0,3.1,6.3,5.3,96,95,1,8,4,3,44,59,81,45,71,52,72,0,83,76,Government Job,Cloud Engineer,71.2,Average,70.0,70.4,Tech
B.Tech,AI&DS,2,8.64,79,7.2,2.8,6.3,7.1,95,94,0,3,1,6,85,67,71,64,63,78,66,2,74,78,Freelancing,QA Engineer,82.5,Good,77.2,65.6,Tech
BCA,General,2,6.84,57,3.5,2.3,7.0,6.4,80,77,4,6,3,3,66,49,65,68,76,61,66,1,83,80,Placement,Frontend Developer,35.0,At Risk,69.6,65.3,Tech
B.Tech,CSE,1,8.77,87,4.1,3.3,6.7,4.5,96,97,0,7,6,4,61,54,76,85,57,94,76,2,95,82,Placement,Product Manager,87.9,Good,85.9,79.6,Tech
BBA,Finance,4,7.12,75,4.9,2.2,7.4,4.8,91,94,2,4,2,1,65,37,62,70,42,52,65,1,52,73,Placement,UI/UX Designer,54.0,At Risk,49.2,29.6,Management
BCA,General,2,6.66,66,2.4,1.4,7.4,5.8,71,70,2,2,2,4,84,60,57,57,48,61,52,1,53,66,Freelancing,Full Stack Developer,43.2,At Risk,51.6,62.1,Tech
B.Tech,CSE,1,8.13,70,4.5,2.4,6.3,6.0,88,93,1,3,4,6,37,34,70,78,54,57,59,1,62,93,Placement,Cloud Engineer,68.1,Average,72.6,75.2,Tech
B.Tech,ECE,3,7.51,86,4.4,3.5,6.7,6.1,88,77,0,7,5,6,91,61,81,76,50,56,61,1,83,87,Government Job,Backend Developer,70.9,Average,85.0,78.6,Tech
B.Com,Hons,4,6.95,86,4.7,2.0,7.6,2.9,77,84,3,2,0,1,60,42,41,50,52,50,53,1,53,63,Higher Studies,Business Analyst,48.8,At Risk,26.1,50.7,Commerce
BBA,HR,3,8.16,77,6.4,2.0,7.3,4.2,94,93,3,1,0,1,50,54,55,53,24,42,50,0,45,65,Government Job,Data Analyst,57.7,Average,31.8,26.1,Management
BCA,General,2,8.21,72,7.3,3.7,7.1,3.8,100,100,0,7,5,6,56,60,92,62,55,70,53,2,77,77,Government Job,Frontend Developer,84.4,Good,88.8,74.8,Tech
B.Com,General,4,8.13,75,5.2,1.4,6.6,4.9,88,95,1,4,3,3,55,46,65,51,55,69,69,1,55,75,Research,Data Analyst,65.9,Average,55.5,50.4,Commerce
B.Tech,ECE,3,7.26,84,3.8,3.1,7.1,3.1,93,91,0,5,4,5,84,56,81,60,57,58,60,1,69,78,Placement,Cloud Engineer,70.3,Average,72.6,61.0,Tech
BCA,General,3,7.28,60,2.9,2.8,6.6,5.3,90,88,0,3,2,4,67,45,78,72,72,56,46,1,58,75,Placement,Backend Developer,62.9,Average,64.9,44.9,Tech
BBA,HR,2,8.55,78,5.8,3.0,6.4,6.3,98,94,0,5,2,1,56,66,64,52,60,79,63,0,66,61,Higher Studies,Product Manager,86.4,Good,57.4,41.7,Management
BBA,Finance,3,8.03,65,4.8,0.8,6.9,7.3,91,86,1,2,1,2,56,39,44,53,37,58,62,1,45,67,Placement,Product Manager,68.9,Average,43.9,44.6,Management
BCA,General,3,7.68,72,4.6,3.5,6.4,6.7,92,88,3,7,4,4,63,39,91,57,59,49,61,2,76,85,Government Job,Cloud Engineer,56.0,Average,76.9,55.7,Tech
BCA,General,3,7.76,85,5.8,4.5,6.6,7.2,95,86,0,6,4,5,61,40,89,72,89,65,58,2,80,94,Placement,Software Engineer,78.2,Good,91.7,70.4,Tech
B.Tech,CSE,2,8.68,75,5.6,1.6,6.3,7.5,100,100,0,3,2,3,55,70,79,48,53,71,66,1,63,76,Higher Studies,Business Analyst,81.9,Good,66.1,46.8,Tech
B.Tech,ECE,3,7.19,75,3.9,1.9,7.5,5.0,91,91,1,1,2,4,73,35,48,56,51,51,56,0,45,62,Startup,QA Engineer,66.5,Average,32.9,48.2,Tech
B.Tech,CSE,4,8.19,79,4.6,0.6,8.6,4.7,95,93,0,3,2,5,53,46,43,54,51,77,72,1,61,69,Placement,Business Analyst,80.0,Good,59.7,79.3,Tech
B.Tech,IT,1,9.8,100,7.9,5.4,6.0,6.8,100,100,0,8,7,8,100,52,88,90,96,77,73,2,89,87,Placement,AI Engineer,100.0,Excellent,97.7,84.3,Tech
B.Tech,ECE,1,7.68,56,3.6,3.3,6.7,7.2,86,86,1,4,3,3,79,40,91,71,73,79,73,1,64,69,Startup,AI Engineer,60.1,Average,72.1,60.3,Tech
BCA,General,1,8.35,67,5.1,2.0,5.7,7.2,95,88,1,3,3,4,64,40,62,65,62,54,61,0,65,76,Freelancing,Data Engineer,68.8,Average,59.5,40.8,Tech
B.Tech,ECE,4,6.71,67,2.2,1.6,6.8,4.7,79,76,2,3,2,5,42,52,55,75,33,54,37,0,49,83,Placement,Frontend Developer,43.7,At Risk,46.9,42.7,Tech
Law,Corporate,3,7.62,69,3.7,3.7,6.2,5.5,86,80,1,7,3,4,71,29,95,60,69,59,50,0,50,67,Startup,Cybersecurity Analyst,64.8,Average,66.9,57.5,Law
B.Tech,IT,2,7.55,64,3.1,3.4,6.0,6.4,85,80,2,6,4,3,66,20,79,75,70,57,59,0,54,77,Placement,Full Stack Developer,50.8,At Risk,60.2,56.4,Tech
B.Tech,AI&DS,4,8.34,74,4.4,3.1,7.3,5.4,97,99,1,5,4,5,75,50,77,55,83,54,44,1,76,95,Research,QA Engineer,74.2,Average,77.7,64.5,Tech
Law,Corporate,4,7.16,79,5.3,0.7,7.0,5.3,90,90,2,2,3,6,55,44,60,58,56,56,60,0,38,65,Research,Cybersecurity Analyst,60.6,Average,39.4,21.3,Law
B.Com,General,2,7.95,91,6.7,3.0,7.3,5.7,99,96,0,6,3,2,70,62,100,62,68,50,50,0,35,69,Government Job,Product Manager,84.2,Good,60.2,34.5,Commerce
BCA,General,2,7.06,80,2.8,0.6,7.2,4.2,85,86,0,2,2,1,53,68,72,62,45,55,70,0,41,63,Startup,Business Analyst,68.3,Average,45.0,49.0,Tech
BCA,General,2,7.92,88,5.1,4.0,7.9,6.3,90,98,1,7,3,8,88,53,98,50,74,45,71,2,80,95,Placement,Frontend Developer,74.0,Average,89.2,62.0,Tech
B.Tech,IT,3,8.06,82,6.0,4.0,6.9,5.9,96,98,1,6,4,6,76,35,90,78,79,68,83,1,74,84,Research,Cloud Engineer,76.0,Good,76.3,75.0,Tech
B.Tech,ECE,4,7.62,74,4.8,3.9,7.0,5.0,96,86,0,6,4,7,66,75,74,69,60,80,71,2,100,93,Freelancing,Frontend Developer,76.5,Good,90.1,78.7,Tech
B.Tech,IT,4,6.36,65,1.2,1.1,7.2,6.1,74,69,3,2,2,3,51,52,55,70,51,66,50,0,53,78,Placement,Frontend Developer,33.1,At Risk,44.3,38.8,Tech
Law,Criminal,2,8.79,83,6.5,4.5,6.6,4.2,100,94,0,8,7,8,82,63,95,67,75,66,79,2,100,79,Government Job,Cybersecurity Analyst,87.7,Good,96.2,94.2,Law
BCA,General,4,8.0,89,5.2,2.2,8.3,2.6,100,86,0,5,2,4,63,71,80,59,30,62,61,1,74,82,Startup,Business Analyst,77.1,Good,74.5,36.1,Tech
BCA,General,1,7.93,78,6.9,2.9,6.6,7.8,99,100,0,6,5,7,76,67,71,76,45,65,45,0,74,65,Placement,Cloud Engineer,76.8,Good,70.0,56.7,Tech
BCA,General,1,6.13,74,3.0,3.3,7.0,6.3,79,73,0,3,2,2,67,53,54,68,44,60,59,0,59,75,Higher Studies,Frontend Developer,58.3,Average,48.6,34.3,Tech
BCA,General,2,7.8,81,6.8,0.9,7.5,6.3,92,100,0,1,1,3,37,39,52,54,54,38,68,0,46,61,Higher Studies,Data Analyst,76.0,Good,27.6,35.8,Tech
B.Com,General,1,7.25,68,3.8,1.5,6.8,2.0,81,90,3,5,3,4,74,54,73,65,41,71,72,1,64,63,Government Job,Business Analyst,44.5,At Risk,63.2,60.3,Commerce
B.Tech,CSE,2,8.03,72,5.8,2.1,7.2,7.3,99,99,0,6,2,5,59,64,88,90,70,66,71,2,76,78,Research,Software Engineer,80.6,Good,87.7,83.7,Tech
B.Com,Hons,1,7.92,80,5.2,3.7,6.7,6.7,97,96,0,6,4,6,83,51,79,56,83,71,70,1,79,100,Higher Studies,Product Manager,76.5,Good,88.4,73.3,Commerce
B.Tech,CSE,4,8.47,65,5.8,4.3,6.7,5.6,100,96,1,5,5,5,59,41,59,87,58,48,56,1,79,74,Government Job,QA Engineer,71.9,Average,68.5,60.4,Tech
Law,Corporate,3,7.19,76,4.0,2.2,5.4,3.5,95,76,0,3,1,4,49,50,58,44,57,57,46,0,47,80,Freelancing,Cybersecurity Analyst,65.0,Average,51.5,48.1,Law
BBA,Finance,2,8.42,59,4.2,3.0,7.3,9.6,92,100,2,6,4,4,85,47,57,78,57,74,79,1,77,73,Placement,Product Manager,64.5,Average,69.9,48.1,Management
BBA,Marketing,2,7.52,65,3.5,3.2,7.6,3.9,83,92,3,6,5,5,80,76,61,82,64,63,72,1,87,85,Research,Data Analyst,50.2,At Risk,80.3,65.7,Management
BCA,General,2,7.71,73,4.5,4.6,7.9,6.3,90,90,0,6,3,5,93,67,60,87,49,71,69,1,82,74,Freelancing,Cloud Engineer,74.4,Average,75.3,73.7,Tech
BCA,General,4,8.06,75,5.4,1.3,8.2,3.8,95,95,1,2,4,3,51,49,52,54,50,52,59,1,66,68,Freelancing,DevOps Engineer,73.0,Average,50.1,57.1,Tech
B.Tech,AI&DS,2,8.93,81,5.0,3.5,7.2,5.9,100,96,0,7,4,6,82,58,78,79,63,67,62,1,74,90,Freelancing,Data Scientist,85.7,Good,80.7,75.5,Tech
B.Tech,AI&DS,1,8.65,78,6.3,3.2,6.7,7.4,97,91,3,7,3,4,69,34,72,77,59,69,66,0,56,96,Placement,Software Engineer,65.5,Average,67.5,54.6,Tech
BCA,General,3,7.15,51,3.2,1.4,7.6,6.2,82,85,3,1,2,2,45,28,62,77,28,45,52,0,49,74,Placement,Full Stack Developer,41.0,At Risk,36.7,51.1,Tech
BCA,General,3,7.02,74,3.7,2.4,8.0,5.0,86,87,2,4,2,5,46,17,80,68,55,37,49,0,50,92,Startup,Backend Developer,51.5,At Risk,57.7,51.9,Tech
B.Tech,ECE,3,7.72,93,6.2,3.9,6.8,3.5,100,96,0,7,6,6,89,67,76,73,72,65,73,1,78,92,Government Job,Data Scientist,82.4,Good,87.4,61.9,Tech
BCA,General,1,8.46,77,5.4,4.9,6.0,6.0,94,94,0,7,7,6,95,64,98,60,89,68,69,2,92,74,Placement,Full Stack Developer,82.5,Good,93.0,59.2,Tech
BCA,General,1,8.16,83,4.1,3.8,7.0,6.1,91,88,2,7,2,5,71,45,75,73,69,61,60,1,69,93,Research,Data Engineer,69.5,Average,82.0,41.1,Tech
BCA,General,4,7.2,77,4.9,2.5,8.2,6.6,87,82,0,4,3,4,49,45,72,57,42,66,53,0,48,67,Placement,Full Stack Developer,68.5,Average,50.4,40.6,Tech
B.Tech,CSE,4,7.67,83,4.2,3.5,6.5,4.1,93,90,0,6,3,5,85,54,67,56,60,62,88,2,87,82,Government Job,QA Engineer,72.7,Average,80.7,64.4,Tech
B.Com,Hons,1,7.15,89,5.6,2.3,8.7,4.4,93,94,0,6,4,4,55,71,72,68,49,77,76,1,82,69,Government Job,Business Analyst,74.7,Average,79.1,64.8,Commerce
BCA,General,2,7.34,80,5.2,3.9,7.7,5.1,85,84,0,8,3,6,100,46,76,62,47,83,71,2,83,87,Government Job,Cybersecurity Analyst,69.0,Average,85.2,64.0,Tech
BBA,Marketing,2,6.41,77,5.0,2.9,8.3,4.0,86,87,1,6,1,3,71,75,66,77,63,73,54,1,72,78,Startup,Business Analyst,60.8,Average,69.6,46.0,Management
BCA,General,2,7.49,82,2.2,2.4,6.5,9.1,83,81,2,6,3,6,61,65,75,56,58,57,52,0,69,96,Freelancing,Cloud Engineer,50.3,At Risk,63.1,63.8,Tech
B.Com,General,1,7.62,63,5.4,1.8,7.2,2.2,93,93,0,1,3,2,50,72,71,64,42,41,58,0,35,88,Higher Studies,Product Manager,69.3,Average,48.0,49.5,Commerce
Law,Criminal,2,6.97,66,1.7,2.4,6.6,6.9,76,76,0,3,2,2,55,37,56,63,48,56,61,1,54,57,Higher Studies,Data Analyst,55.4,Average,51.8,51.5,Law
B.Tech,ECE,4,8.88,81,5.3,3.5,6.9,7.1,97,94,0,6,3,6,77,72,82,75,65,61,63,2,94,91,Startup,Backend Developer,85.1,Good,83.6,77.1,Tech
BBA,Marketing,2,7.29,67,5.1,3.0,7.0,5.2,92,88,1,5,3,1,62,28,63,76,70,48,73,1,64,50,Freelancing,Data Analyst,62.4,Average,61.8,45.3,Management
BCA,General,1,7.7,85,5.5,2.8,6.9,4.5,96,99,0,3,3,4,79,56,64,62,49,69,79,1,51,81,Placement,UI/UX Designer,74.2,Average,53.6,59.9,Tech
BBA,HR,1,6.6,66,2.9,2.9,6.1,6.4,73,76,1,3,4,5,48,61,69,56,63,61,75,1,71,87,Placement,Product Manager,44.5,At Risk,54.5,62.6,Management
B.Com,Hons,3,7.24,92,5.7,0.8,7.9,2.0,98,96,0,1,1,1,46,66,54,27,27,68,70,1,56,67,Government Job,Business Analyst,75.5,Good,33.4,53.2,Commerce
BBA,Finance,4,8.21,67,5.4,0.4,7.3,6.3,92,87,1,2,2,1,44,59,47,55,23,69,77,0,51,71,Higher Studies,UI/UX Designer,70.7,Average,26.2,38.0,Management
BCA,General,2,7.47,71,3.5,2.7,6.2,6.4,81,87,4,5,4,6,55,41,71,66,52,65,61,1,76,77,Placement,QA Engineer,46.0,At Risk,63.5,50.9,Tech
B.Tech,ECE,3,7.48,67,3.2,2.5,5.0,6.6,83,82,0,1,1,4,51,45,62,57,68,70,55,0,41,82,Higher Studies,Data Engineer,63.8,Average,47.7,60.5,Tech
B.Com,Hons,1,8.61,75,5.6,3.3,5.9,6.2,99,100,0,5,4,6,93,61,87,55,66,69,67,1,65,80,Freelancing,Product Manager,84.9,Good,79.8,72.8,Commerce
Law,Criminal,1,6.62,78,3.6,2.9,6.4,2.1,86,75,2,4,3,5,73,72,70,65,43,75,61,1,72,58,Placement,Product Manager,46.7,At Risk,57.0,51.0,Law
BBA,Marketing,3,8.13,76,6.0,3.6,7.6,5.0,97,88,0,6,4,5,76,43,70,46,55,84,83,1,84,83,Higher Studies,Product Manager,74.7,Average,72.5,41.5,Management
B.Tech,AI&DS,1,7.56,57,3.2,1.6,6.9,7.5,76,79,1,3,1,2,44,63,69,61,30,71,67,1,69,69,Placement,Product Manager,57.6,Average,52.5,45.1,Tech
BCA,General,2,8.56,85,5.2,4.0,7.0,4.9,95,95,0,7,3,4,89,55,77,82,64,90,84,2,80,98,Higher Studies,DevOps Engineer,85.1,Good,82.8,83.0,Tech
B.Tech,CSE,2,6.57,69,3.0,1.2,7.9,6.9,85,80,3,0,1,0,51,45,39,53,24,55,58,0,35,41,Placement,UI/UX Designer,39.3,At Risk,24.3,27.6,Tech
B.Tech,CSE,1,7.09,78,4.1,0.8,7.4,2.0,87,82,1,4,2,4,49,77,56,49,35,59,52,0,49,70,Government Job,UI/UX Designer,57.8,Average,47.7,43.0,Tech
B.Tech,CSE,4,8.14,99,5.2,3.4,7.6,3.6,100,100,0,9,4,7,65,53,69,92,65,45,51,1,86,81,Higher Studies,Data Scientist,87.2,Good,85.0,80.7,Tech
BCA,General,3,7.09,71,4.3,2.7,6.1,5.8,90,90,2,6,3,4,61,55,69,65,53,44,58,1,63,77,Startup,Full Stack Developer,56.1,Average,65.0,59.4,Tech
BCA,General,3,7.72,61,2.9,2.4,6.5,6.5,85,88,1,5,5,3,67,48,70,73,58,58,45,0,67,83,Placement,Data Engineer,59.9,Average,60.8,58.0,Tech
B.Tech,IT,3,7.12,75,3.7,4.6,6.5,7.8,77,77,0,6,6,6,72,46,86,67,69,64,56,1,79,96,Placement,Backend Developer,63.9,Average,86.0,64.2,Tech
B.Com,Hons,2,7.73,70,5.6,1.9,6.2,6.4,84,88,0,3,5,3,65,52,68,60,39,70,51,0,51,81,Higher Studies,Business Analyst,69.9,Average,58.3,55.5,Commerce
B.Com,General,3,6.88,62,3.0,3.3,7.7,6.0,84,81,0,7,3,4,30,63,71,42,65,70,69,1,92,68,Placement,Product Manager,59.3,Average,75.1,64.2,Commerce
Law,Corporate,3,7.85,60,5.5,0.4,7.5,6.4,100,94,2,3,2,2,59,44,59,49,54,55,70,0,45,65,Startup,Product Manager,59.1,Average,27.3,43.6,Law
B.Tech,ECE,3,7.42,66,5.1,1.0,5.4,7.4,87,89,2,3,5,5,65,20,77,73,47,36,50,0,61,82,Placement,Frontend Developer,57.4,Average,57.4,36.4,Tech
BCA,General,3,7.29,72,3.0,1.6,8.2,5.8,84,82,0,3,2,2,47,45,60,50,69,70,55,1,56,67,Placement,Cloud Engineer,62.7,Average,51.6,65.5,Tech
B.Tech,CSE,2,7.71,64,3.1,3.2,6.0,7.5,83,79,3,4,5,7,94,45,86,65,74,37,42,1,69,100,Startup,Backend Developer,44.6,At Risk,63.4,82.7,Tech
B.Tech,IT,4,8.26,91,6.2,3.2,7.5,4.1,100,99,0,6,4,5,65,76,70,69,59,69,66,1,64,64,Government Job,Machine Learning Engineer,89.2,Good,66.9,65.6,Tech
BBA,Finance,2,7.29,64,3.8,2.9,6.7,5.4,87,85,0,3,5,5,79,38,60,74,61,81,77,1,70,54,Startup,Product Manager,68.4,Average,65.2,54.6,Management
BBA,Marketing,2,7.85,78,3.7,2.3,6.3,6.3,92,94,0,7,4,3,63,66,61,75,59,94,82,1,85,56,Higher Studies,Product Manager,75.5,Good,70.0,74.6,Management
Law,Criminal,2,7.91,90,3.8,2.8,7.3,5.6,95,95,0,2,3,6,67,59,69,67,61,77,54,1,76,79,Placement,Business Analyst,77.9,Good,74.9,74.9,Law
B.Tech,CSE,4,7.45,64,3.8,4.5,7.6,7.2,83,80,3,7,6,7,84,40,91,75,57,40,50,1,69,99,Placement,Machine Learning Engineer,47.9,At Risk,81.0,61.1,Tech
B.Tech,AI&DS,3,7.4,88,6.8,3.4,7.0,3.4,94,94,0,6,4,5,77,53,69,71,55,58,53,1,65,74,Research,Data Engineer,73.1,Average,70.0,60.9,Tech
B.Tech,CSE,1,7.56,78,2.9,5.8,6.4,5.5,84,87,2,8,6,5,96,58,100,67,80,64,67,1,98,86,Placement,Data Engineer,58.6,Average,91.7,77.2,Tech
B.Tech,ECE,2,7.14,64,3.4,2.8,7.4,6.8,87,81,4,6,3,4,62,70,71,43,51,80,75,2,88,91,Freelancing,Business Analyst,39.8,At Risk,78.6,61.5,Tech
B.Tech,AI&DS,3,8.22,75,5.2,2.5,7.2,6.4,97,100,1,5,3,5,71,51,69,73,55,75,78,2,85,91,Government Job,Cloud Engineer,73.3,Average,75.9,68.7,Tech
B.Tech,CSE,4,7.02,71,3.4,4.1,5.9,7.2,83,83,1,6,3,3,69,78,72,47,51,73,64,1,78,87,Placement,Software Engineer,59.0,Average,73.5,75.1,Tech
BCA,General,2,7.74,75,5.0,2.8,7.0,7.1,95,92,0,7,4,5,79,73,72,60,72,73,64,1,80,84,Placement,QA Engineer,72.6,Average,85.0,91.8,Tech
B.Tech,AI&DS,2,6.73,58,3.0,2.7,6.0,9.1,81,78,4,5,3,1,59,31,52,75,45,40,39,0,64,67,Placement,Cloud Engineer,33.3,At Risk,45.0,29.2,Tech
BBA,HR,1,7.2,63,3.8,2.2,6.5,10.8,88,79,1,4,3,1,72,48,65,59,49,78,72,0,51,75,Placement,UI/UX Designer,53.1,At Risk,56.6,57.9,Management
B.Tech,IT,1,7.5,72,4.9,3.4,5.8,6.8,84,91,3,3,5,5,54,62,61,51,67,86,82,1,65,83,Placement,Product Manager,51.8,At Risk,60.7,46.4,Tech
B.Tech,AI&DS,4,7.74,66,5.3,3.3,6.5,5.9,94,92,0,5,3,5,94,42,64,60,63,71,57,2,83,88,Placement,Software Engineer,71.7,Average,80.4,64.1,Tech
B.Tech,AI&DS,2,6.23,41,1.9,0.4,6.5,7.0,70,63,1,0,2,1,60,36,62,52,44,44,38,0,55,70,Placement,Cybersecurity Analyst,32.9,At Risk,27.4,49.2,Tech
B.Tech,IT,2,8.45,75,5.1,3.5,6.6,6.1,100,98,1,6,3,4,51,36,69,59,67,55,86,0,69,70,Government Job,Data Engineer,75.3,Good,58.8,44.5,Tech
Law,Corporate,3,7.41,63,3.1,1.2,6.7,5.5,86,86,4,1,3,2,55,18,74,63,43,90,69,0,56,68,Research,Business Analyst,40.2,At Risk,36.9,47.8,Law
BBA,HR,3,7.21,70,5.8,1.1,6.7,2.3,96,96,0,5,0,2,67,29,55,61,61,55,56,0,57,70,Research,Business Analyst,69.2,Average,48.9,41.8,Management
BCA,General,3,6.8,67,2.2,2.5,7.4,9.3,75,74,0,3,5,4,64,57,62,56,43,51,53,0,47,85,Freelancing,Cloud Engineer,58.1,Average,55.3,61.6,Tech
B.Tech,IT,3,8.13,70,6.9,3.0,6.9,8.2,100,98,0,8,5,7,73,54,89,79,72,42,52,1,87,96,Freelancing,AI Engineer,78.5,Good,93.5,59.4,Tech
B.Com,Hons,2,8.2,64,5.0,1.2,8.4,6.9,95,88,0,1,0,3,49,49,78,50,21,62,59,0,38,69,Research,Data Analyst,75.9,Good,35.2,60.9,Commerce
BBA,HR,3,7.26,76,4.9,2.8,7.5,4.2,83,86,0,6,3,5,68,54,50,52,44,63,74,1,85,75,Placement,UI/UX Designer,69.1,Average,74.8,53.4,Management
B.Tech,ECE,3,8.3,66,5.7,4.1,6.8,4.2,97,98,0,6,4,5,69,57,84,62,56,60,45,2,74,82,Research,Data Engineer,78.3,Good,77.5,60.8,Tech
BBA,Marketing,1,7.9,74,5.2,3.2,7.1,8.4,86,92,0,5,2,7,47,33,86,74,55,45,60,1,78,85,Placement,UI/UX Designer,77.2,Good,74.8,49.6,Management
B.Tech,ECE,4,7.35,79,4.3,1.6,8.7,4.1,91,85,1,4,0,5,74,33,63,68,48,53,51,1,63,61,Government Job,Product Manager,59.5,Average,50.9,66.0,Tech
BCA,General,3,6.58,63,1.7,3.4,7.5,4.5,77,80,3,3,2,7,63,26,82,46,53,53,44,1,61,92,Higher Studies,Data Analyst,38.9,At Risk,65.0,65.3,Tech
BCA,General,4,6.91,48,3.4,1.9,6.6,7.8,84,80,4,1,2,3,46,13,53,52,51,62,59,0,52,62,Higher Studies,Cybersecurity Analyst,33.2,At Risk,32.2,45.1,Tech
B.Tech,ECE,4,7.24,77,5.0,4.0,5.9,4.4,93,87,0,6,4,4,62,61,65,45,45,48,62,1,72,88,Government Job,Cybersecurity Analyst,72.7,Average,69.6,78.8,Tech
B.Tech,AI&DS,1,6.79,80,4.7,2.7,6.1,3.9,87,84,3,4,2,4,46,54,42,50,54,63,62,0,59,75,Government Job,Product Manager,43.3,At Risk,38.0,36.1,Tech
Law,Corporate,1,7.56,86,4.8,2.0,7.9,3.4,94,84,0,4,2,3,60,68,73,61,38,78,73,1,56,77,Government Job,Product Manager,69.7,Average,56.6,42.0,Law
B.Tech,ECE,4,8.43,81,5.5,2.4,7.4,5.5,94,100,0,2,2,2,69,67,58,69,59,68,72,1,47,61,Placement,Data Analyst,79.7,Good,51.8,54.0,Tech
BCA,General,2,6.52,57,2.3,1.0,5.8,9.6,77,75,3,1,2,3,47,58,54,56,60,77,52,0,55,71,Placement,Frontend Developer,33.9,At Risk,34.8,38.7,Tech
B.Tech,CSE,4,8.2,64,5.8,3.6,6.5,7.6,96,96,0,6,4,5,72,43,94,49,55,68,63,2,92,100,Research,Frontend Developer,78.0,Good,91.6,73.3,Tech
B.Tech,ECE,4,7.27,87,4.4,4.0,6.6,6.5,84,86,0,6,5,6,83,44,56,68,74,59,73,2,73,84,Higher Studies,QA Engineer,70.0,Average,77.6,66.8,Tech
Law,Criminal,3,6.98,79,4.3,4.1,6.3,6.6,84,89,0,6,4,6,61,44,84,72,75,58,69,1,93,80,Placement,Data Analyst,66.6,Average,81.7,62.3,Law
BCA,General,3,8.13,76,5.4,2.7,6.0,4.1,95,92,0,6,5,3,69,48,76,50,41,81,74,0,69,47,Higher Studies,Data Engineer,75.7,Good,54.8,57.2,Tech
BCA,General,2,6.73,70,4.1,1.8,7.4,6.7,87,83,1,3,4,3,62,52,54,77,81,58,59,2,65,91,Placement,Backend Developer,52.3,At Risk,67.1,51.7,Tech
BCA,General,4,7.92,85,4.8,2.7,6.4,7.3,99,93,0,5,4,4,56,15,69,51,65,43,58,1,60,74,Higher Studies,Software Engineer,77.3,Good,72.2,71.6,Tech
BCA,General,3,8.66,67,5.6,4.3,5.4,7.9,94,100,0,5,4,2,75,39,79,67,75,61,64,2,73,75,Placement,Software Engineer,83.3,Good,84.1,67.9,Tech
BBA,Marketing,1,7.93,74,5.2,3.0,6.2,8.9,85,90,0,5,5,1,56,54,79,34,60,85,71,1,73,79,Startup,UI/UX Designer,75.5,Good,63.0,52.1,Management
B.Tech,CSE,3,8.7,65,3.5,1.3,7.1,8.4,94,83,3,4,0,2,69,16,74,71,63,61,59,0,49,74,Freelancing,Machine Learning Engineer,55.4,Average,54.3,44.1,Tech
B.Com,General,2,7.95,75,5.0,2.7,5.2,3.5,96,95,0,4,2,4,68,66,82,73,41,76,88,2,79,84,Placement,Business Analyst,79.3,Good,71.6,66.1,Commerce
B.Tech,ECE,1,8.58,71,5.2,2.1,6.4,6.9,92,90,0,5,1,4,62,47,68,46,43,65,74,1,66,75,Placement,DevOps Engineer,74.5,Average,60.6,56.3,Tech
B.Com,Hons,2,8.12,75,6.9,3.6,8.3,5.5,97,96,0,4,2,4,65,46,60,58,29,85,69,1,73,81,Placement,Business Analyst,82.2,Good,49.7,59.9,Commerce
B.Tech,ECE,4,8.68,75,6.9,3.6,7.8,6.3,96,99,0,4,3,4,100,28,83,64,81,67,75,2,67,88,Government Job,Data Scientist,81.7,Good,75.1,81.6,Tech
BCA,General,3,6.7,70,1.6,2.0,7.3,5.7,68,69,4,4,2,2,40,71,41,72,51,67,58,1,57,80,Placement,DevOps Engineer,28.7,At Risk,33.9,49.0,Tech
B.Tech,IT,2,7.4,86,4.9,3.3,6.4,6.6,94,94,0,5,4,6,50,53,72,85,30,56,64,1,61,82,Government Job,UI/UX Designer,72.3,Average,74.0,46.4,Tech
B.Tech,ECE,4,7.05,59,2.9,1.8,6.5,8.8,80,79,1,5,5,4,46,28,81,82,60,34,51,1,52,79,Research,Backend Developer,49.9,At Risk,59.2,59.4,Tech
BBA,Finance,3,7.57,59,3.5,1.9,6.3,8.2,89,88,4,2,3,4,52,69,70,70,58,74,64,0,66,74,Placement,Data Analyst,41.0,At Risk,55.1,55.0,Management
B.Tech,ECE,2,8.37,87,4.7,3.6,7.3,2.3,95,92,0,6,5,7,87,64,74,69,30,54,62,1,75,89,Government Job,DevOps Engineer,84.6,Good,81.7,70.5,Tech
B.Tech,CSE,1,7.07,60,3.0,0.0,7.1,6.0,79,76,2,1,1,0,31,28,62,45,46,75,69,1,47,62,Placement,Data Scientist,43.0,At Risk,23.1,40.0,Tech
B.Tech,AI&DS,3,7.33,84,5.1,3.7,5.9,6.0,86,88,0,7,4,9,92,51,77,72,62,62,71,1,89,100,Higher Studies,Cybersecurity Analyst,72.6,Average,91.2,58.2,Tech
B.Tech,CSE,2,7.46,64,5.2,3.2,7.1,7.0,90,94,1,5,3,4,65,66,72,70,49,77,57,1,70,82,Startup,Cybersecurity Analyst,64.6,Average,75.7,62.0,Tech
B.Tech,AI&DS,2,7.99,74,5.0,3.3,7.2,7.4,93,94,1,6,4,5,64,51,73,81,45,60,70,1,82,81,Placement,Product Manager,70.9,Average,76.5,68.5,Tech
B.Tech,CSE,2,6.85,70,3.1,2.6,5.6,7.6,83,76,1,6,4,4,37,38,59,76,59,43,53,1,72,70,Placement,AI Engineer,54.5,At Risk,65.2,57.8,Tech
B.Com,General,3,7.09,89,6.1,2.3,6.5,3.6,93,90,0,2,0,3,50,56,50,49,52,43,60,0,52,67,Government Job,Product Manager,73.8,Average,48.5,60.6,Commerce
B.Tech,AI&DS,1,7.36,84,3.7,2.5,7.6,5.7,92,87,4,3,0,3,45,46,62,48,58,59,55,1,46,65,Startup,UI/UX Designer,43.6,At Risk,42.7,65.5,Tech
B.Tech,CSE,2,7.6,75,6.5,2.7,6.9,4.5,93,92,2,4,4,3,73,70,69,69,49,52,58,1,64,85,Government Job,Data Scientist,62.2,Average,62.5,38.7,Tech
BBA,Finance,3,7.93,90,5.8,2.8,7.0,4.5,89,91,0,5,4,4,57,76,59,64,76,88,88,1,73,90,Higher Studies,UI/UX Designer,78.2,Good,72.1,85.2,Management
BCA,General,4,7.46,61,3.3,0.3,6.3,6.0,90,87,2,1,3,2,58,46,73,49,49,57,53,0,44,75,Research,Cloud Engineer,51.3,At Risk,38.2,33.5,Tech
B.Tech,IT,3,9.0,91,7.2,3.1,7.1,5.0,100,100,0,8,5,6,90,53,71,82,79,71,72,2,97,77,Research,Machine Learning Engineer,91.4,Excellent,88.6,70.3,Tech
B.Tech,ECE,2,7.84,81,5.5,3.9,6.4,6.3,98,92,0,6,3,4,89,37,70,68,57,70,81,1,65,75,Startup,Software Engineer,75.5,Good,79.2,93.8,Tech
BCA,General,2,7.12,59,4.0,1.1,6.8,7.5,76,76,2,2,3,2,75,64,48,65,31,66,63,0,50,61,Freelancing,Frontend Developer,47.3,At Risk,48.3,66.0,Tech
BCA,General,2,7.97,86,5.6,3.7,7.0,6.8,98,89,2,5,6,7,89,61,78,52,43,59,71,1,70,94,Placement,Backend Developer,65.4,Average,74.9,77.9,Tech
BBA,Finance,4,6.28,71,3.0,1.5,7.8,5.2,78,84,1,4,2,3,49,79,64,59,47,85,67,1,70,80,Startup,Business Analyst,49.1,At Risk,65.3,48.0,Management
B.Tech,IT,1,6.18,74,4.9,2.2,7.0,2.2,84,81,1,3,2,6,35,22,38,55,62,51,52,0,53,82,Placement,Product Manager,54.4,At Risk,35.8,49.3,Tech
BCA,General,3,7.07,62,2.6,3.2,5.2,7.9,73,78,4,5,3,5,64,24,58,70,65,52,54,0,48,79,Startup,Full Stack Developer,36.5,At Risk,48.5,56.5,Tech
B.Tech,ECE,1,7.51,70,4.9,2.4,6.8,4.0,87,92,1,3,3,5,74,44,79,80,64,57,60,1,55,86,Higher Studies,Data Analyst,62.4,Average,58.8,47.9,Tech
BCA,General,4,7.95,63,4.2,1.7,7.0,9.0,86,88,3,4,3,4,75,47,90,69,72,59,73,2,78,88,Startup,Cloud Engineer,49.7,At Risk,79.8,72.9,Tech
B.Tech,IT,1,7.01,73,5.3,1.4,6.9,4.8,93,88,3,2,3,4,60,61,71,44,39,47,39,0,47,58,Government Job,DevOps Engineer,51.6,At Risk,41.9,31.8,Tech
B.Tech,CSE,2,7.78,62,4.5,3.5,7.0,6.7,92,87,0,5,5,5,50,55,79,81,56,52,51,1,81,83,Freelancing,Software Engineer,63.6,Average,78.6,82.5,Tech
BCA,General,2,8.35,79,4.5,4.0,7.4,3.7,84,93,0,8,5,4,65,76,71,86,70,68,60,1,78,85,Higher Studies,Data Engineer,80.5,Good,85.0,69.1,Tech
B.Com,Hons,3,7.88,61,3.5,0.3,6.6,5.9,87,80,0,3,0,4,56,40,56,52,36,73,57,1,62,75,Placement,Product Manager,68.7,Average,58.3,44.1,Commerce
B.Tech,ECE,2,7.09,64,4.1,1.1,7.4,6.2,86,83,0,0,1,1,33,61,63,57,36,40,55,0,39,65,Placement,Frontend Developer,59.6,Average,33.6,55.6,Tech
BCA,General,4,7.58,79,4.7,0.4,7.3,6.0,84,83,4,2,0,2,51,66,54,48,52,62,48,0,47,68,Government Job,DevOps Engineer,46.6,At Risk,29.4,51.1,Tech
BCA,General,4,9.01,90,6.9,3.3,6.1,5.4,100,100,0,4,2,4,69,63,84,43,58,73,76,0,65,66,Government Job,Cloud Engineer,91.2,Excellent,76.2,75.9,Tech
B.Tech,CSE,3,5.7,59,3.2,2.7,6.6,5.9,78,87,4,4,3,1,58,58,52,61,66,77,60,2,72,73,Placement,Data Analyst,28.5,At Risk,54.1,44.1,Tech
B.Com,General,1,7.48,84,6.8,5.0,6.9,4.7,95,95,0,8,3,6,80,64,79,61,71,84,60,2,99,96,Startup,Business Analyst,72.2,Average,86.6,66.7,Commerce
B.Tech,AI&DS,1,8.88,76,6.9,2.6,7.9,4.8,100,100,0,4,3,3,66,67,89,64,77,72,88,1,69,78,Placement,Data Analyst,85.2,Good,76.3,62.8,Tech
BBA,Marketing,4,7.87,68,5.6,2.2,7.5,6.8,93,90,0,3,3,3,69,56,53,64,43,64,75,1,55,65,Research,Product Manager,72.7,Average,54.9,34.5,Management
BBA,Marketing,2,6.45,68,2.1,0.0,7.4,7.7,82,78,3,0,0,2,41,36,47,43,37,54,56,0,52,48,Government Job,Product Manager,35.4,At Risk,26.0,38.2,Management
B.Com,Hons,2,7.39,83,4.7,1.6,6.5,3.8,88,89,0,5,3,4,60,91,70,38,33,78,75,1,65,75,Government Job,Product Manager,69.2,Average,59.5,56.3,Commerce
B.Tech,ECE,4,7.84,74,4.7,4.2,6.4,7.9,94,83,2,5,4,7,85,40,77,67,84,45,79,2,91,100,Higher Studies,Data Engineer,60.8,Average,86.6,72.1,Tech
BCA,General,3,7.68,80,5.6,4.0,7.4,6.9,94,96,0,7,4,6,76,55,82,60,73,48,61,2,80,91,Startup,Data Engineer,69.8,Average,84.6,70.2,Tech
BBA,Finance,2,8.2,72,5.4,2.2,5.5,6.7,92,95,3,3,4,1,57,76,48,68,59,64,58,0,54,68,Government Job,Data Analyst,58.3,Average,58.8,35.0,Management
B.Com,General,2,7.95,59,5.7,1.7,6.6,7.2,92,84,2,2,1,3,39,62,68,76,53,65,79,1,55,62,Research,Business Analyst,56.6,Average,48.0,53.7,Commerce
B.Tech,ECE,1,7.21,79,4.0,1.6,6.2,3.8,87,88,0,5,3,4,52,41,67,43,43,65,72,1,66,69,Government Job,UI/UX Designer,67.1,Average,64.5,73.9,Tech
BBA,Marketing,1,6.93,74,2.5,0.0,7.3,5.8,81,77,0,0,0,0,60,53,28,32,37,81,67,0,42,67,Placement,Business Analyst,57.3,Average,24.5,23.8,Management
B.Com,Hons,1,8.63,74,6.0,5.3,6.3,6.2,98,100,1,8,8,5,70,50,100,95,88,60,73,1,90,100,Startup,Business Analyst,79.0,Good,95.3,61.4,Commerce
BBA,Finance,2,8.94,75,6.9,3.4,7.3,5.1,100,100,0,3,2,7,92,70,84,59,60,92,83,1,55,89,Freelancing,Business Analyst,87.8,Good,79.9,64.2,Management
B.Com,Hons,4,7.17,75,3.5,2.4,8.4,5.8,91,84,3,4,0,0,73,73,57,53,39,71,74,0,48,57,Higher Studies,Product Manager,52.9,At Risk,32.9,25.8,Commerce
BCA,General,1,7.78,74,4.4,5.7,6.9,6.2,95,90,0,7,6,5,73,87,95,92,80,68,69,1,88,100,Placement,UI/UX Designer,73.6,Average,90.7,65.6,Tech
B.Tech,AI&DS,2,7.8,81,5.6,2.5,7.0,7.8,92,99,0,5,2,6,69,36,79,69,46,62,72,1,58,64,Placement,UI/UX Designer,81.1,Good,57.6,51.3,Tech
B.Com,General,3,6.22,53,2.9,1.4,7.3,7.9,79,79,1,4,1,4,57,37,60,52,43,75,69,0,63,88,Government Job,Data Analyst,44.6,At Risk,47.6,35.4,Commerce
B.Tech,CSE,4,8.1,76,5.4,1.8,6.1,5.4,90,98,0,4,3,4,62,66,59,65,63,74,71,2,66,84,Placement,UI/UX Designer,74.5,Average,80.0,49.5,Tech
B.Tech,IT,4,8.48,69,4.4,3.5,6.5,7.7,95,93,0,6,6,3,81,44,72,84,68,78,65,2,91,90,Higher Studies,Frontend Developer,74.9,Average,81.4,83.4,Tech
B.Tech,IT,3,7.91,87,5.7,3.5,6.5,6.6,94,88,1,4,4,3,81,70,98,65,51,70,65,1,75,74,Higher Studies,Software Engineer,73.8,Average,70.0,51.5,Tech
BCA,General,3,7.6,80,5.0,3.3,7.5,3.0,93,93,2,6,4,6,92,61,55,89,72,72,61,2,92,65,Placement,UI/UX Designer,58.8,Average,79.8,79.2,Tech
BBA,Finance,3,7.6,76,5.6,1.3,7.5,5.1,92,76,1,2,3,3,61,56,55,61,69,65,62,0,51,61,Government Job,UI/UX Designer,65.2,Average,46.2,37.8,Management
BCA,General,2,6.65,66,2.3,3.4,5.8,6.6,85,84,3,6,2,7,96,39,62,50,68,54,46,1,80,93,Placement,QA Engineer,42.6,At Risk,70.0,72.0,Tech
B.Com,Hons,3,5.82,71,1.8,0.9,5.7,7.2,66,62,4,1,0,4,57,43,44,65,32,54,45,0,45,52,Higher Studies,Product Manager,18.5,At Risk,20.0,28.9,Commerce
BBA,HR,4,7.41,80,3.0,1.7,7.9,5.0,92,90,3,4,1,2,45,18,42,52,35,66,71,2,75,55,Placement,UI/UX Designer,50.0,At Risk,42.1,34.0,Management
B.Com,General,1,7.82,80,5.0,3.8,7.3,5.4,92,93,0,6,5,7,61,38,58,75,59,55,50,1,82,88,Freelancing,Data Analyst,77.2,Good,77.4,70.3,Commerce
BBA,Finance,2,6.2,56,2.0,2.0,6.9,6.0,81,75,4,3,3,6,42,48,45,53,56,60,44,1,80,77,Placement,Data Analyst,27.3,At Risk,55.4,55.8,Management
B.Tech,IT,2,7.72,83,4.0,2.0,7.4,8.7,93,90,1,3,2,4,60,65,66,52,41,61,74,1,63,83,Startup,Data Engineer,69.3,Average,60.1,50.1,Tech
B.Tech,IT,1,9.58,89,6.4,4.9,6.7,6.5,100,100,0,8,5,5,94,44,74,69,69,76,64,1,87,81,Research,Product Manager,94.6,Excellent,83.9,93.8,Tech
BCA,General,2,8.35,73,6.2,1.5,6.7,7.4,100,99,0,4,3,4,70,39,76,69,67,58,64,0,70,78,Startup,Cloud Engineer,79.6,Good,75.0,79.8,Tech
B.Tech,CSE,3,6.73,62,4.4,1.9,7.2,6.1,82,85,2,5,1,5,64,57,60,65,47,52,58,1,59,58,Placement,Software Engineer,49.0,At Risk,55.4,40.3,Tech
BBA,HR,2,6.89,70,4.7,0.0,7.9,7.6,92,91,1,0,0,1,24,94,50,53,23,72,71,0,40,44,Higher Studies,Business Analyst,55.9,Average,24.8,33.8,Management
B.Tech,CSE,2,7.48,79,3.2,4.6,7.9,7.6,88,87,2,6,5,5,79,21,75,77,66,36,33,0,66,90,Placement,DevOps Engineer,60.6,Average,68.8,55.9,Tech
BCA,General,3,7.24,68,4.0,3.4,6.3,2.9,82,92,1,5,3,4,66,43,77,65,63,62,57,1,56,74,Higher Studies,Software Engineer,60.5,Average,60.2,47.4,Tech
B.Com,General,2,7.84,71,5.6,2.6,7.0,5.7,85,86,1,5,2,3,66,77,57,46,40,82,78,1,71,90,Higher Studies,Business Analyst,62.3,Average,62.4,63.1,Commerce
B.Tech,AI&DS,1,8.07,81,5.0,2.3,6.9,6.7,94,89,1,3,1,2,72,28,66,52,32,45,57,0,36,79,Government Job,Data Engineer,68.0,Average,51.0,55.4,Tech
B.Tech,CSE,3,6.94,82,3.3,2.7,9.0,7.0,93,89,0,6,2,5,66,64,67,51,63,70,59,0,77,66,Placement,Business Analyst,67.1,Average,63.9,69.7,Tech
B.Tech,AI&DS,3,6.86,82,3.9,2.8,6.4,4.3,89,83,0,4,4,4,65,45,65,43,48,30,68,0,36,59,Higher Studies,Data Engineer,61.2,Average,46.8,32.7,Tech
Law,Corporate,2,7.45,80,3.6,2.9,6.9,2.8,93,89,1,6,4,5,74,77,64,49,75,43,64,1,67,83,Freelancing,Cybersecurity Analyst,68.7,Average,74.0,64.2,Law
B.Tech,IT,3,8.48,74,4.5,3.7,8.1,6.5,94,97,0,4,4,5,76,48,82,65,45,62,70,1,69,88,Research,Machine Learning Engineer,82.5,Good,70.3,77.0,Tech
B.Tech,AI&DS,2,7.29,72,5.3,1.5,6.4,6.9,91,94,3,3,3,8,82,52,72,58,53,70,63,1,68,85,Startup,UI/UX Designer,49.0,At Risk,66.1,41.1,Tech
B.Com,General,3,6.76,67,3.2,1.4,8.0,3.2,82,75,3,4,1,4,74,73,37,65,42,65,67,1,69,62,Higher Studies,Business Analyst,39.1,At Risk,48.6,45.7,Commerce
BCA,General,2,7.56,82,5.5,3.6,7.5,4.2,99,100,0,7,2,5,58,50,63,48,69,52,58,0,84,79,Placement,Data Analyst,82.2,Good,78.7,54.9,Tech
B.Tech,AI&DS,3,7.98,53,4.0,1.1,6.6,8.0,80,90,2,3,2,3,67,41,83,24,53,51,53,1,60,69,Higher Studies,Data Engineer,55.1,Average,46.2,58.6,Tech
B.Tech,IT,3,8.5,85,5.1,5.5,7.8,5.4,90,96,0,9,6,7,100,59,84,74,77,76,56,2,98,85,Government Job,Software Engineer,80.3,Good,97.6,63.9,Tech
BBA,HR,2,7.03,65,2.8,1.6,6.7,5.2,78,79,2,2,2,2,60,38,71,55,64,58,60,0,42,49,Freelancing,Data Analyst,41.3,At Risk,32.3,37.7,Management
B.Tech,ECE,1,8.25,81,4.3,3.1,6.5,6.1,92,93,1,7,4,6,79,54,86,83,64,49,47,2,84,90,Startup,Software Engineer,68.0,Average,84.8,69.2,Tech
B.Tech,AI&DS,4,7.84,71,4.1,2.9,6.8,8.4,92,81,0,5,3,3,55,37,62,68,52,57,67,1,59,59,Government Job,Data Analyst,73.6,Average,51.6,43.8,Tech
BBA,Finance,4,7.43,78,3.5,0.4,7.1,5.1,79,79,4,2,0,1,51,57,58,52,55,78,67,1,45,56,Research,UI/UX Designer,40.3,At Risk,21.9,37.8,Management
Law,Corporate,2,8.62,86,6.2,2.0,7.6,4.9,96,100,0,2,1,4,61,49,57,53,43,58,58,0,53,86,Placement,Product Manager,81.3,Good,58.9,32.2,Law
BBA,Marketing,2,7.84,68,4.0,1.2,6.8,3.1,91,87,2,2,2,2,46,54,69,71,44,38,64,0,66,64,Freelancing,Business Analyst,59.7,Average,51.0,35.1,Management
BCA,General,4,8.28,69,4.2,2.0,6.8,5.7,96,90,0,4,4,4,59,33,74,65,74,43,57,1,70,81,Government Job,Data Engineer,74.6,Average,74.6,52.4,Tech
Law,Corporate,3,6.19,64,1.9,2.0,5.7,7.5,78,77,3,4,1,2,47,52,48,63,47,71,58,1,67,63,Placement,Product Manager,32.3,At Risk,45.1,54.9,Law
B.Com,Hons,2,8.13,87,6.2,2.6,7.5,4.2,100,98,0,5,4,6,58,63,65,71,44,50,70,1,66,77,Higher Studies,Data Analyst,81.1,Good,69.9,73.0,Commerce
BCA,General,4,7.22,77,4.1,4.1,6.4,2.6,90,81,3,6,3,7,90,51,64,89,63,71,62,1,84,74,Research,DevOps Engineer,48.8,At Risk,75.7,63.9,Tech
BBA,Finance,2,8.64,77,5.6,3.8,7.0,7.8,97,99,0,5,5,5,74,44,79,44,47,56,78,1,69,81,Higher Studies,UI/UX Designer,88.0,Good,72.6,57.1,Management
BCA,General,4,7.61,65,4.8,4.2,8.3,6.5,88,90,3,3,4,6,73,26,56,74,60,60,57,1,56,73,Research,QA Engineer,50.1,At Risk,63.6,41.3,Tech
B.Tech,ECE,1,7.78,73,3.8,4.4,8.1,6.3,92,90,0,6,3,6,97,64,76,75,55,64,57,2,79,89,Higher Studies,DevOps Engineer,72.3,Average,82.8,55.0,Tech
B.Com,Hons,4,7.88,61,3.4,0.8,7.4,7.7,84,82,3,1,2,3,42,53,70,58,49,59,59,0,61,67,Higher Studies,Business Analyst,50.7,At Risk,37.5,45.3,Commerce
B.Tech,AI&DS,2,7.26,40,1.9,0.4,6.4,7.5,78,79,4,1,2,1,51,43,53,35,32,73,62,0,35,61,Placement,Full Stack Developer,33.7,At Risk,25.9,51.0,Tech
B.Tech,ECE,4,7.66,88,5.8,2.8,7.2,6.9,88,90,2,6,1,3,65,59,59,49,49,76,70,0,49,66,Government Job,UI/UX Designer,60.3,Average,51.6,45.1,Tech
Law,Corporate,2,8.32,69,3.7,0.9,6.7,8.3,85,88,0,3,2,3,84,46,80,64,57,68,67,1,50,78,Placement,Business Analyst,76.7,Good,64.3,44.3,Law
Law,Corporate,2,7.73,89,5.2,2.2,8.1,3.3,97,94,0,4,1,4,65,75,68,65,40,56,71,1,84,72,Startup,Business Analyst,80.2,Good,70.0,50.4,Law
B.Tech,ECE,2,9.29,91,6.2,2.6,7.0,5.4,100,100,0,6,5,7,99,66,100,68,65,81,86,1,77,82,Startup,Product Manager,87.6,Good,91.0,78.8,Tech
BCA,General,3,7.04,62,3.5,2.6,5.4,7.8,72,81,2,5,2,3,59,53,53,79,50,54,62,2,75,53,Placement,Data Analyst,50.7,At Risk,59.7,70.6,Tech
BCA,General,2,7.12,74,4.1,2.7,7.1,4.6,89,90,1,6,3,2,69,50,56,96,48,69,63,1,75,75,Placement,Business Analyst,57.8,Average,73.3,62.3,Tech
BBA,Finance,3,7.18,73,4.5,0.3,8.4,6.4,91,86,0,0,1,0,26,55,32,56,30,42,58,0,36,56,Government Job,Business Analyst,67.7,Average,20.0,28.7,Management
B.Tech,AI&DS,3,7.83,79,4.7,4.0,6.5,5.9,91,86,1,9,3,5,99,69,74,71,69,83,75,2,95,100,Higher Studies,Data Analyst,65.2,Average,89.5,78.9,Tech
BCA,General,3,7.79,78,3.2,2.9,5.6,5.6,93,89,1,5,2,4,80,87,82,75,62,75,69,2,67,84,Placement,Software Engineer,62.4,Average,74.0,58.8,Tech
BBA,HR,2,8.26,72,5.5,0.6,7.1,4.5,94,92,0,1,0,1,39,39,66,45,41,56,72,0,35,72,Research,Business Analyst,78.1,Good,45.3,41.4,Management
BCA,General,2,6.96,67,3.3,4.7,6.7,9.8,79,77,4,7,8,6,57,67,72,83,62,82,58,2,100,93,Startup,Full Stack Developer,37.8,At Risk,78.3,88.3,Tech
B.Com,Hons,2,7.42,79,3.3,0.4,7.7,3.7,90,79,3,0,0,0,27,67,58,51,40,73,84,0,35,70,Placement,Business Analyst,47.9,At Risk,25.7,40.7,Commerce
B.Tech,IT,2,8.1,77,4.7,2.9,7.7,6.1,88,84,0,5,4,5,66,34,64,66,55,49,64,1,70,72,Research,Backend Developer,74.1,Average,71.6,45.2,Tech
BCA,General,2,6.61,70,4.4,1.4,6.2,7.5,87,84,0,3,4,4,56,55,71,66,54,45,69,1,71,81,Startup,Cloud Engineer,60.7,Average,63.3,80.9,Tech
B.Com,Hons,2,6.75,60,3.1,2.1,7.6,8.5,88,82,4,4,2,3,66,48,79,64,58,52,51,1,72,77,Research,Data Analyst,34.7,At Risk,58.1,84.4,Commerce
B.Tech,IT,3,7.77,70,4.9,4.3,7.1,7.9,93,89,1,7,6,4,59,44,52,70,69,61,73,1,63,77,Higher Studies,Software Engineer,64.9,Average,68.1,46.1,Tech
B.Tech,CSE,1,7.62,62,5.1,3.8,6.5,4.7,85,88,1,5,2,4,77,54,71,76,61,68,63,1,71,82,Startup,Business Analyst,64.2,Average,74.5,58.5,Tech
Law,Corporate,2,7.14,76,3.0,2.4,8.3,7.0,82,85,0,5,1,4,67,82,54,45,23,57,66,0,67,78,Placement,Product Manager,64.2,Average,58.5,56.9,Law
B.Tech,AI&DS,2,8.29,84,6.7,4.2,7.9,6.7,96,90,0,5,5,4,75,54,73,75,84,54,62,1,82,85,Startup,QA Engineer,81.2,Good,78.4,80.6,Tech
B.Tech,AI&DS,2,7.31,66,5.0,3.8,7.5,3.4,89,83,3,5,3,2,71,53,88,68,51,42,51,1,72,89,Higher Studies,QA Engineer,47.9,At Risk,68.8,41.2,Tech
Law,Corporate,3,7.56,69,2.4,0.0,6.7,5.4,81,78,1,1,2,2,35,79,55,46,53,95,77,1,48,69,Placement,Product Manager,55.2,Average,45.7,64.7,Law
B.Com,General,1,6.22,55,1.8,1.0,7.6,5.0,83,83,4,3,0,5,75,58,66,47,48,61,58,0,61,73,Placement,Business Analyst,24.4,At Risk,45.0,59.5,Commerce
B.Com,Hons,2,6.87,71,4.0,2.2,6.7,5.9,91,85,0,2,2,3,49,56,67,83,46,78,68,0,71,77,Placement,Product Manager,63.5,Average,56.1,60.0,Commerce
BCA,General,1,6.86,62,3.1,0.5,7.6,7.2,84,71,0,0,1,2,78,0,55,69,35,38,50,0,35,65,Government Job,Frontend Developer,53.7,At Risk,23.9,36.5,Tech
B.Tech,ECE,2,7.31,60,2.7,3.7,6.4,5.2,80,79,2,6,6,5,94,39,89,46,57,57,68,1,77,83,Freelancing,Software Engineer,52.5,At Risk,75.4,46.3,Tech
B.Tech,CSE,3,8.19,83,5.9,4.3,6.7,8.9,96,92,0,8,7,8,85,75,100,67,82,83,76,2,100,91,Placement,Backend Developer,78.4,Good,97.6,83.8,Tech
B.Tech,CSE,3,7.44,63,4.4,0.2,6.4,7.6,81,90,1,1,3,3,65,39,84,52,47,74,64,1,66,72,Government Job,Software Engineer,57.1,Average,54.7,48.1,Tech
BBA,Finance,3,7.66,52,3.6,2.2,8.6,9.8,76,77,1,5,5,4,53,65,100,73,62,71,65,1,63,89,Placement,Product Manager,54.5,At Risk,75.3,67.1,Management
BBA,Marketing,4,7.82,74,3.3,4.0,5.5,2.5,86,88,0,9,6,6,86,23,86,84,55,44,53,1,70,100,Placement,Data Analyst,73.2,Average,93.3,65.5,Management
B.Tech,AI&DS,2,7.48,78,3.7,4.2,7.4,5.6,91,89,1,5,1,4,51,54,65,54,49,43,53,1,65,77,Placement,Backend Developer,66.7,Average,57.3,42.1,Tech
B.Tech,AI&DS,2,7.05,70,5.2,2.7,7.1,8.8,83,85,2,3,2,2,55,68,58,85,48,50,57,0,42,54,Startup,DevOps Engineer,52.7,At Risk,31.8,62.9,Tech
BBA,HR,1,7.26,60,3.0,1.3,6.8,6.3,82,81,2,2,3,2,52,65,71,45,49,57,62,0,42,73,Placement,UI/UX Designer,53.8,At Risk,38.5,71.3,Management
Law,Corporate,2,7.8,76,4.9,2.3,7.8,5.5,95,86,0,5,1,4,64,65,64,63,48,63,58,1,77,67,Freelancing,Product Manager,73.2,Average,59.3,36.9,Law
B.Tech,CSE,3,7.93,58,4.6,2.2,5.1,3.9,89,85,4,2,1,5,55,37,88,63,65,53,49,1,47,73,Placement,AI Engineer,45.8,At Risk,54.8,55.4,Tech
B.Tech,CSE,3,6.91,76,4.1,1.6,6.9,6.0,89,85,2,4,1,2,58,40,75,57,56,51,49,1,59,54,Placement,DevOps Engineer,59.4,Average,56.5,40.0,Tech
B.Com,General,3,7.63,75,4.6,1.3,7.4,9.3,94,96,1,3,1,5,40,53,58,67,61,86,82,2,69,72,Government Job,Business Analyst,64.7,Average,52.2,63.3,Commerce
Law,Corporate,2,7.53,84,4.4,3.2,8.9,7.5,98,95,0,6,6,7,60,78,94,79,59,75,83,1,90,100,Placement,Product Manager,78.2,Good,94.9,63.3,Law
B.Tech,IT,1,6.55,75,1.9,1.5,8.0,4.0,81,79,4,4,1,2,59,40,46,57,47,47,36,0,47,65,Placement,Software Engineer,34.2,At Risk,35.7,48.1,Tech
BCA,General,3,7.95,89,6.0,4.1,7.1,7.6,98,91,2,8,6,6,93,53,74,100,62,55,50,2,85,86,Placement,Cloud Engineer,65.2,Average,83.4,66.6,Tech
B.Tech,IT,4,7.67,68,4.8,1.3,7.0,5.5,85,85,0,4,2,3,54,42,66,61,40,62,46,0,61,61,Higher Studies,Data Analyst,66.1,Average,54.5,58.7,Tech
BCA,General,4,8.13,86,5.5,2.2,7.6,7.4,98,95,0,6,4,4,52,78,66,49,44,53,56,2,77,89,Higher Studies,Full Stack Developer,82.4,Good,75.8,48.0,Tech
B.Tech,CSE,1,7.39,69,3.9,2.5,7.9,9.1,82,86,3,4,6,3,56,41,72,62,52,56,44,1,39,77,Placement,Backend Developer,44.0,At Risk,52.7,58.4,Tech
B.Tech,CSE,2,7.02,74,4.8,2.5,7.8,5.2,82,80,2,5,1,3,68,69,56,60,33,82,69,1,63,64,Government Job,Product Manager,51.0,At Risk,48.7,55.5,Tech
B.Tech,CSE,2,8.03,83,4.7,3.0,7.0,3.8,84,91,1,4,3,4,56,30,71,58,56,47,39,0,74,75,Government Job,Cloud Engineer,71.2,Average,58.3,60.6,Tech
BBA,HR,3,7.98,73,5.0,1.3,6.3,4.0,100,97,0,1,1,0,61,94,54,46,38,74,78,0,49,61,Government Job,Data Analyst,76.3,Good,27.4,41.1,Management
B.Tech,CSE,3,6.77,61,2.8,1.7,7.4,9.3,75,80,2,5,3,1,54,35,72,67,44,39,42,1,67,78,Startup,Data Engineer,44.3,At Risk,55.1,69.6,Tech
BBA,HR,1,7.89,66,4.3,3.0,6.7,6.3,94,87,0,6,3,4,67,26,74,45,68,53,49,0,72,72,Placement,UI/UX Designer,70.4,Average,62.6,68.8,Management
BBA,Marketing,4,8.79,99,7.6,1.2,7.6,2.0,100,99,0,3,0,2,67,75,91,66,21,85,87,1,62,70,Higher Studies,Business Analyst,87.8,Good,54.2,45.6,Management
B.Tech,CSE,2,8.04,65,4.7,3.3,7.6,6.1,92,85,3,6,4,4,70,26,71,71,73,48,63,1,72,87,Higher Studies,Machine Learning Engineer,53.0,At Risk,65.8,62.0,Tech
B.Tech,CSE,4,7.31,72,3.8,2.1,7.9,3.3,84,89,0,2,1,3,42,41,46,35,44,40,57,0,35,55,Higher Studies,Data Engineer,65.5,Average,32.6,30.7,Tech
Law,Criminal,3,7.35,79,5.4,1.2,6.8,5.7,93,82,0,1,2,3,54,65,54,63,46,77,72,1,53,74,Placement,Product Manager,70.7,Average,45.0,41.9,Law
B.Com,Hons,2,8.17,80,5.5,1.7,7.5,9.3,100,95,1,3,1,2,62,63,63,50,45,82,76,1,66,62,Higher Studies,Business Analyst,73.8,Average,58.3,71.2,Commerce
B.Tech,IT,4,7.44,57,3.1,1.3,7.8,6.3,86,76,3,4,4,3,46,34,82,52,40,49,62,1,61,87,Freelancing,Cloud Engineer,48.0,At Risk,57.7,46.8,Tech
B.Com,Hons,2,8.71,90,6.4,3.3,6.1,7.3,100,99,0,3,3,4,48,77,71,66,57,73,78,1,62,76,Placement,Product Manager,89.0,Good,70.0,67.3,Commerce
BBA,Marketing,1,7.17,73,3.0,2.1,7.1,7.9,86,81,2,4,2,5,54,50,62,66,60,66,79,1,73,79,Government Job,UI/UX Designer,52.4,At Risk,54.8,73.4,Management
BCA,General,1,7.03,69,1.1,2.3,7.1,4.5,84,71,1,3,3,3,72,55,58,55,25,56,68,0,56,71,Placement,UI/UX Designer,57.7,Average,46.6,57.7,Tech
BCA,General,2,7.64,52,3.3,1.4,5.8,9.9,81,83,2,1,1,1,53,44,63,49,51,54,58,0,43,69,Research,DevOps Engineer,49.8,At Risk,37.8,55.5,Tech
B.Tech,AI&DS,3,7.63,78,2.9,4.1,6.0,7.1,93,74,2,6,5,4,66,33,86,72,48,56,68,2,84,81,Placement,Backend Developer,55.2,Average,78.8,58.1,Tech
BCA,General,2,6.52,57,1.6,2.2,8.1,4.8,71,74,2,2,1,6,38,38,59,48,47,30,40,0,42,81,Startup,Backend Developer,38.8,At Risk,26.3,37.6,Tech
B.Tech,AI&DS,4,7.12,77,3.3,1.6,7.3,7.8,86,81,1,4,3,4,66,58,78,70,62,58,70,1,86,76,Higher Studies,Business Analyst,55.3,Average,62.6,52.6,Tech
BCA,General,2,7.27,64,4.5,1.5,6.5,6.2,90,84,1,3,0,2,54,45,62,34,46,47,52,0,66,66,Placement,Business Analyst,60.4,Average,41.4,62.2,Tech
Law,Criminal,4,7.81,65,4.1,2.5,7.5,7.3,91,92,1,4,3,3,65,43,68,65,50,78,67,1,59,76,Government Job,Business Analyst,68.6,Average,61.3,52.6,Law
B.Tech,AI&DS,3,6.93,70,3.1,2.8,7.5,6.4,86,81,2,4,3,3,66,28,54,70,61,52,55,1,66,75,Placement,Frontend Developer,51.7,At Risk,65.4,50.5,Tech
BBA,Finance,3,6.84,69,3.0,1.1,6.9,7.5,87,86,0,3,2,3,44,49,43,50,55,77,75,0,45,67,Government Job,UI/UX Designer,60.4,Average,43.6,45.1,Management
B.Tech,IT,2,8.63,100,6.3,4.9,6.0,4.3,100,100,0,9,5,7,78,75,100,90,85,79,86,3,100,87,Higher Studies,Cloud Engineer,89.8,Good,96.5,93.7,Tech
Law,Criminal,2,7.26,81,4.4,1.2,7.1,6.0,87,89,2,4,0,1,57,46,46,50,38,77,71,0,63,66,Placement,Business Analyst,57.4,Average,49.5,31.6,Law
B.Tech,CSE,2,6.14,77,3.4,2.6,7.0,4.0,75,71,2,4,2,4,62,40,63,59,45,76,59,2,69,76,Government Job,DevOps Engineer,44.5,At Risk,64.6,70.7,Tech
BCA,General,2,8.0,73,5.3,3.0,6.8,7.0,90,88,0,6,4,5,63,80,76,74,63,71,59,1,89,95,Placement,Cloud Engineer,73.1,Average,82.4,72.8,Tech
Law,Criminal,4,7.08,63,3.3,1.9,6.0,6.9,85,78,2,4,4,4,66,42,83,57,55,75,52,1,70,78,Government Job,Product Manager,47.5,At Risk,68.4,56.4,Law
B.Tech,CSE,3,6.23,76,2.7,3.2,7.5,6.6,84,78,1,3,3,4,66,60,36,68,37,59,59,1,54,61,Placement,Business Analyst,54.2,At Risk,42.4,53.8,Tech
BBA,HR,4,7.09,77,4.3,2.5,7.4,6.3,93,91,2,5,3,1,74,37,90,65,59,44,74,0,35,79,Placement,Data Analyst,57.5,Average,56.1,39.8,Management
BCA,General,2,7.18,71,4.3,1.3,7.9,7.1,93,92,1,3,4,1,45,48,57,49,34,53,64,1,47,52,Placement,Cybersecurity Analyst,62.8,Average,42.9,36.3,Tech
BCA,General,2,8.09,67,4.8,3.5,5.4,7.5,90,83,2,7,4,5,72,61,85,84,86,71,76,2,88,95,Research,Full Stack Developer,61.7,Average,90.9,59.9,Tech
BBA,Finance,3,7.39,79,3.8,0.4,8.0,7.0,94,89,0,3,2,3,47,48,45,79,33,69,67,0,60,84,Government Job,Business Analyst,67.4,Average,51.6,55.2,Management
B.Tech,CSE,4,6.57,77,3.2,2.2,6.9,6.9,83,84,2,5,4,3,71,77,55,72,44,67,58,1,69,87,Placement,Cloud Engineer,48.3,At Risk,68.8,47.0,Tech
B.Tech,ECE,3,7.72,80,5.6,3.5,8.2,6.4,100,90,1,7,4,6,53,76,79,57,71,82,77,1,96,81,Placement,Product Manager,73.5,Average,89.5,67.5,Tech
B.Com,General,1,7.67,58,3.4,2.0,6.0,10.7,84,84,0,6,2,3,62,51,90,62,57,81,79,1,80,91,Freelancing,Product Manager,64.4,Average,81.5,56.0,Commerce
BCA,General,3,7.4,84,4.5,2.4,6.9,7.0,90,89,0,5,2,3,55,38,86,58,66,67,65,2,72,80,Higher Studies,Cybersecurity Analyst,70.8,Average,72.2,74.0,Tech
B.Com,General,4,7.84,77,3.9,2.1,7.0,7.0,90,85,0,3,3,5,58,81,70,68,40,69,61,0,62,71,Government Job,Product Manager,72.2,Average,57.7,23.9,Commerce
B.Com,General,3,7.59,58,5.7,2.4,5.7,4.8,98,97,0,4,2,3,77,63,87,79,51,80,80,1,73,88,Research,Business Analyst,73.3,Average,76.6,57.8,Commerce
B.Tech,ECE,3,8.72,80,6.3,2.0,6.5,8.5,100,100,0,3,2,4,63,46,66,69,45,67,83,1,71,65,Placement,Product Manager,91.5,Excellent,60.7,57.6,Tech
B.Tech,AI&DS,3,8.22,87,6.8,5.3,7.3,4.0,100,100,0,8,4,8,78,65,89,87,71,75,83,2,100,100,Startup,AI Engineer,83.7,Good,97.8,83.2,Tech
B.Tech,AI&DS,3,7.66,74,3.8,2.7,6.8,6.0,92,83,2,4,4,6,59,40,62,73,77,69,71,1,93,72,Startup,QA Engineer,58.4,Average,76.1,67.3,Tech
B.Com,General,2,6.6,72,3.8,1.1,8.0,5.2,84,81,0,1,0,3,48,66,51,49,32,80,72,0,44,74,Freelancing,Product Manager,64.3,Average,33.1,50.6,Commerce
Law,Criminal,3,7.71,63,4.0,2.4,7.6,5.6,87,96,3,3,3,3,75,48,78,69,35,46,67,1,52,72,Higher Studies,Cybersecurity Analyst,52.0,At Risk,50.7,45.9,Law
Law,Corporate,2,7.47,95,3.7,4.2,5.2,7.3,89,94,1,8,5,6,88,60,72,71,71,58,73,2,82,90,Startup,Cybersecurity Analyst,70.1,Average,85.0,63.1,Law
B.Tech,AI&DS,1,7.43,62,4.4,2.5,6.9,7.0,87,88,0,7,3,4,62,44,93,93,68,65,75,0,70,77,Freelancing,AI Engineer,63.0,Average,81.8,65.8,Tech
B.Tech,ECE,4,8.2,62,4.9,4.3,6.7,7.7,96,93,1,5,5,4,87,36,79,83,74,68,49,2,82,89,Startup,Machine Learning Engineer,72.9,Average,79.0,73.9,Tech
B.Tech,CSE,4,6.77,47,1.6,0.4,5.3,7.5,75,72,2,5,2,4,68,45,68,58,56,66,63,1,64,65,Placement,Software Engineer,39.8,At Risk,57.2,58.3,Tech
B.Tech,ECE,1,8.52,96,6.4,3.4,7.3,4.5,100,100,0,3,1,4,75,64,82,58,64,56,65,0,39,84,Freelancing,Data Engineer,89.8,Good,57.5,55.5,Tech
B.Tech,AI&DS,4,7.83,69,4.8,2.5,6.4,3.9,82,86,3,5,3,2,85,49,66,65,46,66,64,2,72,77,Government Job,Business Analyst,50.7,At Risk,66.8,74.4,Tech
B.Tech,IT,3,6.73,62,1.2,3.1,8.2,6.6,79,76,4,4,1,5,54,21,77,83,59,56,51,2,63,84,Placement,Machine Learning Engineer,32.3,At Risk,63.2,75.4,Tech
B.Tech,IT,2,7.93,63,4.7,4.1,6.5,6.3,90,91,2,5,5,4,54,57,66,82,68,77,73,1,72,80,Placement,Data Engineer,60.6,Average,72.7,53.5,Tech
Law,Criminal,2,8.09,91,5.0,0.3,7.3,3.6,95,97,0,3,1,2,49,64,66,47,46,71,85,0,55,68,Placement,Business Analyst,81.1,Good,50.3,36.7,Law
B.Tech,CSE,1,9.0,67,6.4,4.1,7.5,6.9,97,100,0,8,5,6,66,47,79,100,75,63,67,2,98,82,Placement,Full Stack Developer,85.4,Good,91.6,98.0,Tech
BCA,General,2,8.2,67,4.2,3.6,6.4,6.3,92,85,3,6,4,5,73,60,73,85,34,65,60,1,89,81,Higher Studies,UI/UX Designer,57.7,Average,65.8,60.6,Tech
BCA,General,1,8.76,71,5.4,5.9,7.5,6.3,97,98,1,9,6,7,100,27,84,92,52,64,63,2,91,93,Placement,Cloud Engineer,75.3,Good,93.9,55.5,Tech
BBA,HR,3,7.31,80,5.1,1.4,6.3,4.2,95,86,3,4,1,5,70,60,61,61,73,79,76,1,76,85,Government Job,Product Manager,51.5,At Risk,66.0,58.8,Management
BCA,General,4,7.77,74,4.8,2.7,7.8,5.8,95,94,0,4,2,6,50,60,78,63,75,56,65,1,64,77,Higher Studies,Cloud Engineer,67.6,Average,70.0,65.0,Tech
BCA,General,2,7.1,62,2.6,2.2,6.2,4.6,73,78,2,3,2,5,49,40,62,38,26,50,47,1,56,76,Placement,Software Engineer,45.0,At Risk,48.8,65.2,Tech
B.Tech,AI&DS,2,7.7,68,5.0,2.6,6.8,7.7,95,91,1,1,3,3,93,31,64,74,44,39,56,1,42,71,Placement,Backend Developer,68.4,Average,50.1,54.2,Tech
B.Tech,ECE,2,7.66,71,4.1,3.0,6.0,6.5,88,89,1,4,5,4,64,68,56,69,76,64,76,1,73,71,Government Job,Business Analyst,63.7,Average,73.3,70.0,Tech
B.Tech,ECE,1,8.3,54,6.8,2.8,4.7,8.4,95,88,0,6,5,3,54,6,82,67,66,59,66,1,60,90,Government Job,Data Scientist,80.7,Good,71.6,65.3,Tech
B.Com,General,1,7.8,70,4.9,2.0,7.5,6.3,93,98,0,1,3,1,61,46,57,50,60,47,48,0,36,77,Placement,Business Analyst,71.6,Average,38.3,52.6,Commerce
B.Com,General,1,8.04,69,4.9,3.2,7.0,8.0,91,92,0,4,2,5,77,55,79,43,43,75,62,1,59,86,Higher Studies,Business Analyst,73.7,Average,68.4,41.2,Commerce
BCA,General,4,8.09,68,6.4,2.4,5.8,6.7,91,92,0,4,1,3,84,30,49,65,72,42,58,1,62,83,Freelancing,Data Engineer,73.0,Average,57.3,55.7,Tech
B.Tech,CSE,2,8.08,73,3.9,4.6,7.1,7.7,87,90,1,8,3,8,79,66,62,71,82,45,48,0,90,100,Placement,Machine Learning Engineer,67.1,Average,76.3,70.7,Tech
B.Com,Hons,3,8.63,81,6.0,2.1,7.7,4.9,89,95,0,5,4,4,68,69,53,56,52,54,44,0,66,74,Government Job,Business Analyst,79.8,Good,57.6,54.6,Commerce
B.Tech,CSE,4,8.69,83,7.8,4.9,6.9,2.8,100,99,0,8,6,6,72,47,87,61,61,70,72,2,87,95,Placement,QA Engineer,84.8,Good,94.2,90.2,Tech
BCA,General,2,7.86,79,4.7,3.2,6.7,5.7,86,79,2,4,4,6,92,44,78,64,61,54,57,1,84,84,Higher Studies,Software Engineer,56.6,Average,79.1,54.8,Tech
BCA,General,1,8.92,87,6.5,3.1,6.8,6.2,100,100,0,6,6,7,92,73,90,78,64,84,77,2,88,91,Freelancing,QA Engineer,93.7,Excellent,93.5,91.9,Tech
B.Com,General,1,7.2,61,4.3,1.6,7.0,7.0,88,84,0,5,4,5,67,31,65,34,51,75,74,1,75,75,Startup,Business Analyst,62.9,Average,72.4,70.2,Commerce
BCA,General,3,8.5,90,5.7,5.0,7.4,5.5,100,100,0,9,6,8,88,39,69,88,77,41,76,1,81,94,Government Job,DevOps Engineer,89.4,Good,90.2,60.7,Tech
BBA,HR,2,8.61,86,6.4,3.3,6.8,2.5,100,98,0,7,5,7,76,64,72,57,77,70,61,2,97,86,Higher Studies,Data Analyst,82.9,Good,82.3,70.7,Management
B.Tech,IT,4,7.0,57,3.7,3.4,5.9,7.7,81,83,1,4,3,3,85,56,78,63,59,71,59,2,62,81,Freelancing,Cloud Engineer,54.1,At Risk,66.8,61.5,Tech
B.Tech,CSE,3,8.48,84,6.1,2.3,5.7,6.2,97,99,0,8,5,5,94,88,77,93,56,98,83,1,100,88,Government Job,Product Manager,84.8,Good,88.6,52.8,Tech
BCA,General,1,6.77,52,1.4,2.1,5.9,8.7,69,72,3,4,4,3,71,32,60,61,34,30,52,0,40,69,Placement,Cloud Engineer,31.7,At Risk,30.7,42.2,Tech
BCA,General,2,7.69,74,5.5,2.5,7.8,4.4,92,87,1,5,3,3,68,62,58,65,78,67,76,0,57,69,Government Job,Cybersecurity Analyst,65.0,Average,51.1,45.5,Tech
BCA,General,2,7.9,83,6.3,3.4,7.0,7.4,96,91,1,9,5,6,83,53,85,71,65,49,51,2,85,81,Placement,Backend Developer,71.9,Average,82.1,64.4,Tech
B.Tech,CSE,1,7.8,69,4.6,2.7,7.1,7.2,91,82,0,5,4,4,80,62,74,57,55,70,72,1,63,65,Placement,UI/UX Designer,70.3,Average,62.0,37.6,Tech
BBA,Marketing,1,9.01,86,5.8,6.0,7.2,8.2,97,100,0,8,6,8,93,68,90,73,77,65,78,2,100,100,Placement,Data Analyst,91.9,Excellent,94.2,81.6,Management
BCA,General,3,7.97,63,4.3,3.4,7.3,6.3,86,89,1,5,4,4,65,18,82,56,77,50,51,1,46,76,Freelancing,Data Engineer,67.8,Average,66.6,71.7,Tech
Law,Corporate,3,7.94,68,3.0,2.9,7.3,6.9,84,87,0,1,2,4,66,49,36,40,33,64,50,0,53,79,Placement,Product Manager,66.0,Average,41.6,58.8,Law
BBA,Marketing,2,8.33,88,5.1,3.3,7.1,5.0,100,99,0,6,2,6,76,57,76,53,65,62,85,1,83,99,Research,Business Analyst,78.7,Good,80.8,80.1,Management
B.Tech,AI&DS,1,7.77,76,4.9,3.8,5.3,3.1,90,90,0,8,2,5,73,69,69,60,76,90,66,1,71,74,Higher Studies,Product Manager,73.3,Average,79.9,70.4,Tech
BCA,General,2,7.77,79,4.2,4.1,6.4,8.5,98,90,2,5,6,4,89,46,94,84,59,52,53,1,79,86,Placement,Backend Developer,63.9,Average,88.9,80.2,Tech
B.Tech,IT,2,6.77,75,1.5,2.3,6.1,6.3,78,73,0,4,3,2,56,44,57,53,69,68,63,1,60,73,Placement,UI/UX Designer,58.6,Average,49.0,38.9,Tech
B.Tech,AI&DS,3,7.97,71,4.7,3.5,7.6,8.8,96,82,1,5,3,4,66,55,85,62,63,70,81,2,76,83,Placement,Backend Developer,70.2,Average,66.0,58.9,Tech
Law,Criminal,2,6.64,59,1.3,1.6,6.8,8.2,77,73,3,2,2,3,56,41,64,48,20,57,49,0,49,49,Startup,Cybersecurity Analyst,32.5,At Risk,20.3,32.3,Law
B.Tech,IT,3,8.13,72,5.5,3.6,5.6,5.9,93,94,1,6,5,5,63,42,78,77,66,61,78,2,91,77,Research,Backend Developer,76.4,Good,77.7,70.6,Tech
Law,Corporate,2,6.95,66,4.5,3.8,6.8,7.7,88,83,2,6,5,8,100,35,58,54,63,43,52,1,76,99,Government Job,Data Analyst,52.9,At Risk,72.9,57.1,Law
B.Tech,ECE,3,6.83,81,4.8,3.8,7.4,3.2,98,93,1,3,5,8,52,53,63,56,60,72,55,1,58,92,Freelancing,Backend Developer,60.5,Average,70.0,63.7,Tech
Law,Criminal,3,7.44,67,3.2,2.6,6.2,5.2,73,75,4,4,4,3,61,65,54,54,51,50,65,0,45,61,Higher Studies,Cybersecurity Analyst,39.0,At Risk,38.2,49.8,Law
BBA,Finance,2,7.97,74,5.9,1.6,8.6,2.7,99,91,0,4,3,4,87,24,54,64,44,56,71,0,46,68,Higher Studies,UI/UX Designer,77.1,Good,49.7,33.6,Management
B.Tech,AI&DS,2,7.23,55,3.1,1.7,7.8,4.4,75,78,1,2,1,2,52,43,53,49,24,55,47,0,63,71,Placement,Backend Developer,52.2,At Risk,38.2,53.1,Tech
BCA,General,1,7.2,78,3.9,1.1,6.8,5.4,88,87,2,4,2,2,51,62,48,39,47,67,59,0,62,65,Placement,QA Engineer,50.7,At Risk,45.8,48.9,Tech
B.Tech,CSE,1,6.5,82,3.0,3.1,6.9,6.7,83,87,2,6,3,4,86,38,68,71,44,52,59,0,49,73,Placement,Cloud Engineer,49.4,At Risk,53.7,55.7,Tech
B.Tech,ECE,3,6.56,72,4.1,2.2,7.0,7.4,88,83,2,4,2,0,56,43,41,61,62,53,53,0,55,53,Placement,Backend Developer,49.7,At Risk,43.3,47.1,Tech
BBA,HR,1,8.73,70,7.0,2.3,6.5,6.9,99,98,0,6,4,3,77,76,94,70,69,83,83,1,69,86,Government Job,Business Analyst,83.1,Good,78.5,67.6,Management
B.Tech,IT,1,7.85,67,5.0,3.2,6.9,7.4,93,89,1,5,4,2,69,55,79,68,66,63,53,1,55,77,Placement,Data Scientist,68.6,Average,64.0,54.3,Tech
B.Com,Hons,2,7.46,62,3.8,2.5,7.1,6.5,82,83,3,3,4,2,78,32,66,59,56,59,62,0,64,82,Placement,Business Analyst,49.2,At Risk,56.6,62.6,Commerce
B.Tech,IT,4,7.75,73,3.2,2.9,7.4,4.9,90,95,1,4,3,4,71,60,79,60,63,76,80,2,64,71,Higher Studies,Business Analyst,70.0,Average,71.5,74.7,Tech
BCA,General,4,6.01,74,4.0,1.1,7.8,3.7,81,81,0,2,0,3,42,42,30,42,50,58,48,1,46,53,Freelancing,DevOps Engineer,58.2,Average,33.8,50.6,Tech
BBA,HR,3,9.43,100,7.3,3.0,6.1,4.2,100,100,0,6,4,3,63,58,64,73,67,54,86,1,81,89,Higher Studies,Business Analyst,94.6,Excellent,76.8,55.7,Management
B.Tech,IT,2,7.53,93,4.1,3.1,7.1,2.7,95,95,0,6,3,5,59,64,70,31,52,51,53,1,61,79,Higher Studies,QA Engineer,80.7,Good,68.0,57.5,Tech
B.Com,General,1,7.8,63,5.0,1.2,6.7,5.8,90,94,2,2,0,3,39,63,69,65,70,53,59,0,58,64,Placement,Product Manager,59.4,Average,36.8,43.9,Commerce
BCA,General,2,7.87,93,4.8,2.5,5.8,5.6,98,92,3,3,2,5,70,29,64,90,44,51,57,1,52,70,Government Job,DevOps Engineer,63.0,Average,45.0,71.3,Tech
B.Tech,IT,1,8.71,64,5.4,4.4,7.8,6.3,99,95,2,6,2,4,56,25,88,64,76,61,55,1,64,74,Startup,Cloud Engineer,69.2,Average,68.0,67.3,Tech
B.Tech,IT,2,6.96,60,3.1,2.7,7.9,5.5,80,73,2,3,5,5,55,38,73,71,55,34,51,0,54,90,Research,Backend Developer,41.9,At Risk,57.1,60.9,Tech
B.Tech,IT,3,8.45,70,5.7,2.0,7.3,5.0,86,91,0,3,3,3,60,33,64,69,57,38,61,0,41,69,Freelancing,Data Engineer,70.2,Average,48.2,59.4,Tech
B.Tech,CSE,3,6.8,59,3.2,1.8,6.6,10.4,74,74,2,3,3,1,38,26,73,56,63,44,51,0,51,77,Placement,Frontend Developer,42.8,At Risk,46.9,34.9,Tech
BBA,Finance,4,7.37,68,3.9,2.5,6.7,5.5,87,78,1,3,4,2,62,42,55,73,36,51,53,1,47,88,Research,UI/UX Designer,57.1,Average,56.3,59.3,Management
BCA,General,2,7.23,84,3.5,4.3,7.3,4.4,85,85,1,8,6,8,100,69,79,78,81,56,77,1,89,95,Startup,Backend Developer,62.6,Average,85.0,42.5,Tech
B.Tech,ECE,2,7.17,62,2.8,1.0,7.5,3.6,80,86,1,3,3,3,77,57,52,59,57,55,50,1,52,82,Placement,Backend Developer,56.7,Average,53.7,49.0,Tech
BCA,General,3,8.31,75,4.7,3.4,6.8,9.2,95,94,0,7,5,3,65,56,76,66,67,61,83,1,72,77,Placement,DevOps Engineer,75.0,Average,73.9,65.4,Tech
B.Tech,CSE,2,7.17,54,2.6,1.5,6.5,7.0,81,88,1,1,3,0,67,15,65,55,38,48,60,0,38,63,Research,Frontend Developer,49.5,At Risk,28.3,24.0,Tech
B.Tech,IT,2,8.47,68,4.5,3.6,8.0,5.1,96,94,1,6,5,2,83,61,99,74,85,59,81,1,80,80,Placement,Data Scientist,73.4,Average,84.3,42.7,Tech
BBA,Finance,4,7.23,67,3.5,2.2,7.9,2.9,88,78,0,3,2,2,83,44,65,49,51,62,65,1,70,81,Government Job,Product Manager,64.3,Average,64.2,41.9,Management
BCA,General,2,7.71,85,2.6,2.8,6.8,7.9,89,86,0,6,4,5,90,32,85,73,67,52,58,1,77,84,Freelancing,Software Engineer,70.8,Average,80.8,71.1,Tech
BBA,HR,4,7.93,82,4.5,2.6,7.0,6.3,90,88,0,4,3,2,38,62,68,68,51,54,74,1,61,64,Higher Studies,Business Analyst,73.1,Average,58.9,56.4,Management
B.Com,General,2,7.5,73,4.3,3.4,6.6,6.4,97,87,1,3,3,4,60,58,72,71,48,76,61,1,76,92,Startup,Data Analyst,61.8,Average,76.0,66.7,Commerce
B.Tech,IT,4,9.45,100,8.0,3.2,6.6,5.0,100,100,0,7,4,5,82,74,60,66,53,98,91,2,100,83,Freelancing,Product Manager,95.6,Excellent,85.5,73.6,Tech
B.Tech,CSE,4,8.19,77,4.1,3.3,7.3,4.8,97,89,0,7,3,8,66,60,69,48,62,56,50,2,84,99,Placement,Cybersecurity Analyst,75.4,Good,82.1,83.0,Tech
BBA,Marketing,2,8.75,70,5.7,2.3,6.8,5.8,99,98,0,4,4,7,85,34,95,37,35,75,86,1,84,80,Government Job,Data Analyst,83.7,Good,82.4,73.3,Management
B.Tech,CSE,1,7.12,73,3.1,3.1,5.9,5.3,89,80,1,6,3,5,85,58,78,65,45,79,56,2,78,76,Government Job,UI/UX Designer,61.0,Average,80.6,62.6,Tech
BBA,Marketing,3,7.9,78,5.5,1.1,8.2,4.2,88,96,0,1,0,0,35,68,42,38,48,40,65,0,37,50,Government Job,Product Manager,73.0,Average,20.9,31.5,Management
B.Com,General,2,7.6,83,5.2,4.1,6.8,6.1,100,91,0,8,4,4,65,75,85,63,55,82,88,3,93,97,Research,Business Analyst,78.0,Good,85.0,93.8,Commerce
BCA,General,2,7.56,82,5.6,2.7,7.2,6.9,92,87,0,5,3,4,74,56,53,53,55,57,58,1,66,71,Startup,Data Engineer,73.6,Average,68.5,54.1,Tech
B.Com,Hons,3,7.71,68,5.3,1.5,6.9,6.9,95,97,0,2,0,2,55,67,68,47,39,69,71,1,54,86,Higher Studies,Product Manager,75.1,Good,55.9,38.3,Commerce
B.Tech,IT,2,7.52,88,5.7,4.6,8.2,3.9,96,93,1,7,5,6,86,70,95,62,79,58,57,1,70,93,Government Job,UI/UX Designer,75.3,Good,85.0,54.7,Tech
B.Tech,AI&DS,2,7.32,72,3.3,1.3,7.0,5.6,85,89,0,2,4,3,57,63,60,56,52,55,75,0,73,74,Research,UI/UX Designer,67.4,Average,53.2,33.6,Tech
BBA,HR,4,7.47,70,4.3,1.9,7.8,4.5,91,91,1,2,0,1,47,50,41,42,51,55,60,1,68,78,Higher Studies,Business Analyst,65.1,Average,48.6,35.7,Management
BCA,General,3,7.27,75,3.7,3.3,6.7,2.0,88,80,1,6,3,7,70,79,58,49,84,53,61,1,75,65,Government Job,Cybersecurity Analyst,62.4,Average,64.3,73.7,Tech
BCA,General,4,6.73,61,1.4,2.2,6.5,3.8,74,76,1,4,4,3,42,45,75,40,74,63,53,1,60,92,Placement,Software Engineer,46.5,At Risk,57.7,65.0,Tech
B.Com,Hons,2,6.97,64,2.6,1.5,7.8,4.6,83,79,1,3,2,4,61,70,62,65,20,76,54,1,70,76,Government Job,Business Analyst,52.9,At Risk,64.1,62.1,Commerce
B.Tech,AI&DS,4,7.57,70,4.0,3.5,7.0,7.1,93,85,1,5,3,5,67,57,77,75,46,67,76,1,71,69,Placement,Data Analyst,65.0,Average,61.5,67.4,Tech
BBA,Marketing,2,7.74,65,5.0,3.5,7.0,4.7,95,96,0,7,4,5,64,50,75,73,55,60,66,2,95,98,Government Job,Business Analyst,77.0,Good,85.0,64.8,Management
B.Tech,IT,2,7.9,79,4.0,1.4,5.7,5.7,88,91,0,5,2,4,75,61,59,33,41,67,56,0,76,74,Placement,Data Analyst,75.8,Good,63.3,53.6,Tech
B.Tech,AI&DS,1,7.62,84,5.5,3.3,7.1,4.5,100,100,0,6,4,5,72,43,82,88,78,61,60,1,67,95,Government Job,Cloud Engineer,84.5,Good,84.8,69.0,Tech
B.Tech,AI&DS,4,7.39,69,3.1,1.6,7.3,4.3,86,79,1,6,4,5,72,46,70,43,49,40,59,2,83,69,Government Job,DevOps Engineer,55.1,Average,69.2,78.8,Tech
BBA,Finance,3,7.74,82,5.1,3.4,8.0,3.9,98,92,0,6,3,5,70,33,81,55,68,40,56,1,72,100,Placement,Data Analyst,76.8,Good,77.5,58.3,Management
B.Tech,CSE,4,8.95,75,7.7,2.9,5.2,9.2,100,100,0,6,3,4,67,62,87,67,92,60,87,1,70,83,Research,AI Engineer,83.2,Good,81.9,50.9,Tech
BCA,General,1,8.04,72,7.5,2.4,6.9,4.4,93,92,1,5,4,4,90,59,79,48,72,58,75,1,77,73,Placement,Cybersecurity Analyst,69.7,Average,74.7,54.1,Tech
B.Com,Hons,1,7.06,69,2.6,0.8,7.3,6.9,83,88,0,3,2,0,41,85,63,36,20,70,62,1,59,60,Placement,Product Manager,57.8,Average,48.3,62.5,Commerce
B.Com,General,4,5.97,46,1.8,2.4,7.1,6.4,75,77,2,3,3,1,62,16,59,52,55,43,37,0,48,78,Placement,Business Analyst,37.6,At Risk,42.2,42.2,Commerce
B.Tech,CSE,2,7.71,66,3.5,1.2,6.2,7.9,82,83,3,4,2,2,41,71,61,52,43,75,82,1,65,64,Research,Product Manager,49.2,At Risk,55.6,41.3,Tech
Law,Criminal,2,7.74,89,4.6,2.5,7.4,4.0,100,94,0,2,1,7,70,43,68,41,42,48,56,0,55,77,Government Job,Business Analyst,75.4,Good,54.4,51.0,Law
Law,Criminal,1,7.97,65,3.6,0.0,6.9,8.4,82,88,4,2,2,2,48,78,67,61,41,80,72,1,68,52,Placement,Product Manager,44.0,At Risk,49.1,55.7,Law
Law,Criminal,2,7.4,73,4.1,1.1,6.4,5.9,93,81,1,2,0,0,69,18,50,50,20,48,54,0,44,60,Government Job,Data Analyst,63.0,Average,26.9,25.0,Law
B.Tech,AI&DS,1,6.85,63,2.7,1.4,6.7,9.1,77,73,4,2,4,3,66,42,74,62,45,66,49,1,53,79,Placement,AI Engineer,35.6,At Risk,50.1,47.1,Tech
B.Tech,IT,1,6.88,69,3.6,2.2,6.4,3.9,84,80,3,7,3,4,66,31,56,46,60,45,38,0,68,73,Placement,Software Engineer,45.0,At Risk,52.0,42.2,Tech
BBA,Finance,4,6.78,76,4.2,3.3,9.0,4.6,83,76,2,4,5,5,83,43,72,66,44,53,53,1,69,78,Government Job,Data Analyst,50.0,At Risk,63.8,41.0,Management
B.Tech,ECE,1,7.15,67,4.0,2.4,6.0,2.7,87,83,2,4,4,4,73,59,85,76,52,60,59,0,52,79,Startup,QA Engineer,51.9,At Risk,63.0,51.4,Tech
B.Tech,CSE,2,8.16,70,6.1,3.3,7.1,6.7,100,98,0,9,6,7,81,70,92,86,85,85,79,1,100,100,Placement,Full Stack Developer,81.5,Good,96.8,87.2,Tech
B.Tech,AI&DS,1,7.71,61,3.9,1.9,6.6,9.7,88,89,2,5,2,1,70,46,74,84,48,56,69,1,52,54,Government Job,Full Stack Developer,56.7,Average,48.5,54.6,Tech
BBA,HR,4,7.72,73,4.7,2.0,6.9,7.2,88,88,0,5,1,3,81,47,55,76,53,59,71,1,63,71,Freelancing,Business Analyst,69.4,Average,57.8,51.6,Management
B.Tech,IT,3,7.99,61,5.8,2.9,7.0,6.9,97,96,0,6,3,5,69,61,50,66,80,77,72,1,83,71,Government Job,Cybersecurity Analyst,72.5,Average,73.7,49.8,Tech
BCA,General,4,8.29,79,4.3,2.5,7.5,6.2,85,92,1,2,3,2,71,63,59,70,52,77,75,1,59,68,Higher Studies,Data Analyst,72.3,Average,57.1,56.5,Tech
BCA,General,2,7.79,88,5.5,2.9,8.2,5.1,97,94,0,5,4,3,79,53,62,60,66,85,72,0,54,86,Higher Studies,Business Analyst,76.7,Good,70.0,70.4,Tech
B.Tech,CSE,3,8.84,77,6.2,5.0,6.6,4.2,100,92,0,8,5,7,75,56,80,66,63,60,77,1,75,87,Government Job,QA Engineer,85.0,Good,82.7,80.3,Tech
B.Tech,ECE,4,8.18,74,4.2,3.6,5.9,6.1,86,86,0,6,5,3,51,79,78,78,58,73,67,1,75,74,Startup,Data Scientist,75.6,Good,70.0,57.2,Tech
B.Tech,CSE,4,7.87,73,4.0,2.7,6.7,6.9,93,92,0,6,4,3,81,57,71,76,79,45,66,0,59,51,Startup,AI Engineer,73.4,Average,59.2,41.7,Tech
BBA,HR,1,8.02,83,4.3,3.4,6.3,6.9,97,81,1,3,5,5,84,38,70,62,57,51,44,0,58,79,Government Job,Data Analyst,72.5,Average,55.5,63.0,Management
B.Tech,ECE,2,7.94,65,4.3,4.0,7.0,6.7,90,88,1,7,4,5,65,54,84,82,78,82,70,2,92,100,Placement,UI/UX Designer,63.4,Average,83.0,75.8,Tech
B.Tech,ECE,3,7.6,92,4.4,4.1,8.1,2.0,96,94,0,8,3,4,62,52,61,73,72,52,56,1,80,72,Government Job,Cloud Engineer,79.5,Good,74.4,78.2,Tech
BBA,HR,2,6.85,59,3.5,0.4,7.1,5.7,79,78,0,0,0,2,29,35,20,35,43,44,50,0,35,35,Research,UI/UX Designer,52.7,At Risk,20.0,40.3,Management
B.Tech,ECE,3,7.03,69,5.1,4.3,7.0,8.3,95,84,0,9,6,4,64,49,71,80,81,54,67,1,84,85,Placement,Data Scientist,64.3,Average,81.9,80.8,Tech
B.Tech,CSE,3,7.34,66,3.8,0.0,7.2,6.3,95,94,1,1,0,2,58,45,58,75,43,48,62,0,64,72,Government Job,Cybersecurity Analyst,59.1,Average,53.6,50.9,Tech
B.Tech,CSE,4,7.13,58,4.2,0.3,6.6,5.9,80,79,3,2,0,0,24,38,69,45,45,42,38,0,35,71,Research,AI Engineer,40.9,At Risk,26.8,24.8,Tech
BCA,General,3,7.18,77,5.1,2.7,7.7,2.2,86,83,0,6,4,5,84,51,81,66,45,59,42,0,56,88,Startup,Cloud Engineer,65.3,Average,79.7,67.2,Tech
B.Tech,CSE,2,7.77,84,5.7,3.1,8.5,4.8,91,87,0,4,3,5,68,15,49,64,72,52,65,0,49,71,Placement,DevOps Engineer,71.5,Average,54.1,48.9,Tech
BCA,General,1,7.17,64,3.8,3.9,5.9,4.6,83,83,2,4,2,5,67,54,70,63,44,33,58,0,54,84,Government Job,Cybersecurity Analyst,54.7,At Risk,54.4,58.7,Tech
B.Tech,IT,2,6.43,73,2.7,3.1,8.1,5.5,85,79,2,4,3,5,61,25,46,67,54,51,63,1,63,79,Placement,AI Engineer,44.2,At Risk,51.4,53.5,Tech
B.Tech,ECE,2,7.26,71,3.2,0.9,6.2,6.0,82,89,4,0,1,3,33,40,50,64,41,42,68,0,49,75,Placement,QA Engineer,39.8,At Risk,22.1,47.0,Tech
B.Com,Hons,4,7.48,71,4.3,3.8,6.9,2.9,88,89,1,7,4,5,50,52,94,66,72,74,52,1,82,100,Placement,Data Analyst,64.4,Average,77.7,59.8,Commerce
B.Tech,AI&DS,1,8.45,90,6.6,3.3,8.0,5.2,100,95,0,6,2,6,81,50,72,74,59,55,73,1,63,75,Research,Machine Learning Engineer,84.1,Good,73.2,62.3,Tech
B.Tech,CSE,4,8.17,92,5.7,2.8,7.1,3.6,96,94,0,5,3,4,73,63,75,48,42,74,77,1,79,79,Research,Business Analyst,82.4,Good,75.8,76.1,Tech
B.Com,General,2,8.54,62,5.3,2.1,6.6,6.7,89,90,3,2,2,2,74,20,80,57,74,60,53,1,47,74,Placement,Product Manager,58.8,Average,60.8,66.0,Commerce
BCA,General,3,6.89,63,1.5,1.9,6.0,7.7,78,79,4,2,3,4,59,19,73,71,43,45,50,0,46,78,Freelancing,Software Engineer,32.2,At Risk,43.0,34.8,Tech
B.Tech,CSE,4,6.83,57,1.9,0.9,6.1,7.9,76,71,2,4,3,2,26,51,67,65,31,67,56,2,57,79,Startup,Full Stack Developer,43.0,At Risk,45.0,57.6,Tech
BCA,General,2,8.25,83,6.5,5.3,7.0,5.2,93,98,0,7,5,6,87,66,93,75,61,73,58,2,96,88,Research,Data Engineer,81.4,Good,87.8,78.8,Tech
B.Tech,AI&DS,1,7.29,61,3.9,3.7,7.7,6.4,87,87,3,8,4,5,72,46,73,73,49,64,71,1,86,87,Placement,Frontend Developer,45.0,At Risk,75.0,69.7,Tech
BCA,General,2,8.5,78,4.9,4.8,6.6,6.1,100,100,0,6,5,6,76,54,73,80,72,79,71,1,79,96,Placement,Software Engineer,84.7,Good,83.0,71.5,Tech
B.Tech,AI&DS,3,7.56,64,4.6,1.5,6.7,7.6,85,77,1,5,4,3,64,23,93,64,50,50,57,0,56,80,Placement,Backend Developer,56.1,Average,60.1,56.9,Tech
Law,Criminal,3,8.84,98,7.9,2.7,7.5,5.3,100,100,0,3,2,5,73,93,68,63,58,86,59,1,66,79,Placement,Business Analyst,91.9,Excellent,73.7,54.7,Law
Law,Criminal,3,8.16,59,4.7,2.1,6.9,6.7,88,87,0,4,2,2,63,55,70,69,63,72,63,0,55,71,Government Job,Product Manager,70.6,Average,54.6,53.0,Law
B.Tech,CSE,1,6.16,52,2.3,1.3,7.3,6.5,80,72,4,3,3,3,62,56,57,59,42,57,35,0,59,65,Placement,Machine Learning Engineer,23.7,At Risk,40.0,63.3,Tech
B.Tech,AI&DS,3,7.66,69,5.6,3.5,5.4,6.1,97,89,0,5,4,6,82,49,75,68,55,50,63,1,58,94,Startup,AI Engineer,75.0,Average,76.5,47.3,Tech
BBA,Finance,4,6.85,45,1.5,1.1,5.9,9.6,78,69,3,0,1,1,43,42,42,57,59,59,66,1,46,66,Government Job,UI/UX Designer,33.6,At Risk,25.1,55.1,Management
B.Tech,CSE,2,7.89,57,4.4,1.1,7.8,9.3,80,89,2,3,2,2,42,56,51,62,57,56,48,1,59,77,Government Job,Data Analyst,46.9,At Risk,52.4,39.9,Tech
BCA,General,2,8.52,64,5.5,0.9,8.0,8.4,98,100,4,4,2,2,48,34,60,36,60,48,67,0,43,57,Placement,Backend Developer,54.3,At Risk,34.2,37.8,Tech
BBA,HR,3,9.18,91,6.6,3.0,6.6,5.9,100,100,0,7,4,4,91,41,80,55,72,65,67,2,70,93,Higher Studies,Data Analyst,91.5,Excellent,85.0,58.7,Management
B.Tech,IT,3,7.74,70,5.5,2.8,8.4,5.8,92,90,0,4,4,3,83,30,78,75,51,72,48,1,63,84,Higher Studies,Data Scientist,74.0,Average,76.5,71.1,Tech
BCA,General,2,6.9,44,2.1,1.0,6.8,5.5,70,76,3,5,2,4,33,33,65,62,33,38,58,0,63,69,Higher Studies,Full Stack Developer,31.0,At Risk,45.0,46.5,Tech
BCA,General,3,7.06,78,4.2,2.9,6.3,4.8,88,77,1,4,3,4,62,51,46,76,49,38,44,1,62,73,Freelancing,DevOps Engineer,56.2,Average,55.4,60.7,Tech
B.Tech,CSE,3,7.22,89,4.5,4.0,7.4,2.2,94,88,1,6,3,5,88,28,49,49,59,30,50,0,42,73,Government Job,Cybersecurity Analyst,67.1,Average,58.5,30.3,Tech
BCA,General,4,7.36,75,4.1,3.6,8.0,4.4,88,84,1,5,3,6,78,60,69,70,64,69,61,2,74,83,Startup,UI/UX Designer,64.1,Average,77.7,67.8,Tech
B.Com,Hons,1,8.8,80,6.7,2.5,7.8,7.0,100,100,0,2,2,0,50,43,56,52,48,56,77,1,61,63,Research,Business Analyst,81.2,Good,60.0,59.5,Commerce
BCA,General,3,6.4,55,3.8,2.2,6.9,11.0,73,78,2,0,0,0,51,41,45,41,46,39,36,0,37,76,Placement,UI/UX Designer,36.6,At Risk,22.6,37.0,Tech
B.Tech,ECE,1,7.65,82,4.3,2.3,7.0,5.0,89,87,0,3,1,4,71,61,63,61,60,73,68,1,69,72,Placement,Data Analyst,70.2,Average,66.8,48.9,Tech
BBA,Finance,2,7.4,70,4.3,1.9,5.6,4.8,85,87,2,3,2,4,70,38,75,78,51,71,74,1,63,86,Higher Studies,Business Analyst,48.2,At Risk,74.6,61.7,Management
BBA,HR,3,8.14,82,6.1,5.3,6.8,3.8,96,94,1,10,6,7,90,48,75,88,65,86,84,3,100,100,Startup,Product Manager,74.1,Average,92.6,97.7,Management
B.Tech,IT,1,9.05,77,7.9,2.9,5.6,7.2,100,100,0,6,4,4,69,48,85,58,64,82,98,1,83,75,Higher Studies,Product Manager,90.7,Excellent,78.5,77.6,Tech
B.Com,General,3,5.56,56,1.0,0.0,7.2,5.3,72,77,1,1,1,3,44,55,61,50,43,67,57,1,55,70,Placement,Business Analyst,34.2,At Risk,45.3,60.4,Commerce
BBA,Marketing,3,8.61,84,7.7,4.5,7.1,5.6,100,100,0,7,5,8,78,59,66,79,59,62,77,1,81,93,Higher Studies,UI/UX Designer,88.3,Good,83.2,59.9,Management
B.Tech,AI&DS,3,7.53,70,5.3,3.6,7.2,4.1,93,84,1,3,2,3,71,55,80,48,44,62,68,0,69,79,Higher Studies,Product Manager,62.5,Average,60.4,56.1,Tech
BCA,General,4,7.3,74,3.8,1.3,7.9,4.9,90,81,0,2,2,3,78,47,57,65,37,47,53,1,38,53,Placement,Cybersecurity Analyst,66.9,Average,36.7,37.6,Tech
B.Com,Hons,3,8.18,81,5.0,2.8,6.7,4.1,98,88,0,4,3,5,72,52,64,70,44,52,60,1,70,72,Government Job,Business Analyst,79.9,Good,63.7,54.2,Commerce
B.Tech,CSE,2,7.38,49,1.7,1.0,5.2,7.6,88,81,4,4,2,2,48,33,67,74,66,70,61,0,58,67,Startup,UI/UX Designer,38.8,At Risk,45.0,39.1,Tech
B.Tech,IT,4,7.45,70,4.0,3.7,6.0,7.0,80,87,0,3,2,1,58,49,69,67,57,46,60,1,40,72,Higher Studies,Full Stack Developer,67.0,Average,53.3,42.4,Tech
B.Tech,AI&DS,2,6.42,69,1.6,2.8,7.6,5.6,74,65,2,4,3,4,69,37,57,62,31,61,46,1,78,64,Government Job,Frontend Developer,41.8,At Risk,55.0,71.3,Tech
B.Tech,AI&DS,1,8.09,95,5.1,3.8,6.3,3.9,99,100,0,4,5,6,85,79,76,72,66,81,73,1,97,100,Startup,Product Manager,84.7,Good,88.1,63.2,Tech
B.Tech,ECE,2,8.53,74,4.0,5.1,6.9,8.3,87,86,1,8,6,8,67,55,89,74,77,58,61,1,83,100,Freelancing,AI Engineer,69.9,Average,92.3,82.6,Tech
BCA,General,3,8.11,68,4.5,0.9,6.7,2.5,91,96,1,3,2,3,49,61,50,54,51,62,53,0,40,57,Placement,QA Engineer,71.5,Average,30.5,39.8,Tech
BCA,General,2,8.38,93,6.1,4.2,8.3,5.1,100,99,0,6,3,8,84,58,77,68,83,71,82,1,92,83,Startup,QA Engineer,84.9,Good,85.0,65.6,Tech
B.Tech,CSE,4,7.31,71,5.7,2.2,7.1,6.1,92,89,2,5,1,5,53,38,67,48,47,41,42,1,65,82,Government Job,Data Engineer,58.0,Average,60.9,64.7,Tech
BCA,General,2,7.93,75,2.4,1.5,6.0,7.1,82,81,1,5,3,3,50,46,72,47,58,38,49,1,69,67,Freelancing,Frontend Developer,67.4,Average,61.9,58.4,Tech
BBA,Finance,1,7.15,76,3.2,3.2,7.9,6.5,83,80,3,4,1,2,67,33,53,60,51,68,57,1,73,56,Placement,Data Analyst,48.3,At Risk,47.6,64.2,Management
B.Tech,CSE,2,8.12,68,4.6,3.3,7.8,6.4,98,89,0,6,2,6,62,82,60,68,68,73,77,2,87,85,Placement,Data Scientist,73.7,Average,75.3,91.2,Tech
B.Com,Hons,1,8.02,77,5.7,2.1,6.4,5.3,90,95,0,4,4,5,90,63,50,58,50,79,72,1,68,71,Startup,Business Analyst,76.9,Good,61.9,64.3,Commerce
B.Tech,IT,3,7.71,64,5.3,3.0,6.9,5.9,89,86,1,6,6,6,82,36,71,59,43,65,63,1,79,78,Placement,AI Engineer,62.5,Average,70.0,62.0,Tech
B.Tech,IT,2,7.55,68,5.2,2.7,6.5,6.3,88,82,0,4,3,3,59,46,76,63,50,77,68,1,62,76,Freelancing,Business Analyst,67.8,Average,61.0,52.1,Tech
B.Tech,ECE,2,8.22,69,5.0,2.1,8.0,7.7,95,91,0,5,3,5,69,32,66,61,53,49,66,0,68,100,Higher Studies,Cloud Engineer,72.1,Average,68.5,43.8,Tech
B.Com,Hons,3,8.19,70,6.9,3.1,7.2,6.0,100,94,1,5,4,5,64,69,59,64,64,82,75,1,75,82,Higher Studies,Product Manager,74.3,Average,76.0,64.3,Commerce
Law,Criminal,3,7.42,62,3.4,2.3,7.2,7.8,86,81,1,4,3,2,61,44,100,80,55,60,69,2,72,79,Placement,Product Manager,54.0,At Risk,72.4,53.0,Law
B.Tech,IT,1,8.68,85,7.8,3.3,7.5,5.9,100,100,0,5,4,6,81,64,79,61,57,63,88,1,68,89,Startup,AI Engineer,88.8,Good,76.9,89.1,Tech
Law,Criminal,3,8.29,84,4.4,3.5,5.7,4.5,92,97,1,8,7,7,89,47,72,85,95,69,58,2,100,86,Startup,Cybersecurity Analyst,75.0,Average,97.3,69.9,Law
B.Tech,IT,3,7.48,72,3.4,2.5,6.7,6.1,91,81,3,6,4,4,75,38,66,73,77,37,57,1,61,86,Research,Frontend Developer,51.5,At Risk,70.0,53.9,Tech
BBA,Finance,2,8.09,78,6.0,0.7,7.2,2.0,100,100,0,3,2,2,69,65,69,59,60,66,73,0,65,74,Placement,Product Manager,85.0,Good,58.5,42.4,Management
BCA,General,2,7.65,80,4.5,2.8,7.9,6.6,90,88,0,5,2,7,71,29,51,68,61,61,78,0,60,74,Startup,Cybersecurity Analyst,68.1,Average,62.6,55.6,Tech
B.Tech,IT,3,7.52,86,3.8,4.5,6.7,5.9,99,88,0,8,4,7,94,55,86,77,66,55,67,1,82,98,Placement,Machine Learning Engineer,72.3,Average,87.9,66.0,Tech
B.Tech,AI&DS,3,7.39,73,3.7,2.1,7.4,6.1,78,84,1,2,3,1,45,44,76,60,52,62,57,0,46,65,Higher Studies,Backend Developer,56.0,Average,43.3,27.9,Tech
BBA,Marketing,3,7.74,74,3.2,3.0,6.1,8.4,91,92,0,4,1,7,74,52,54,62,58,61,66,1,86,85,Startup,Product Manager,70.6,Average,71.0,74.8,Management
BBA,Finance,4,7.07,77,3.1,2.3,6.7,10.5,83,83,3,5,3,7,67,51,66,73,60,56,56,2,76,78,Higher Studies,Product Manager,47.9,At Risk,72.9,69.2,Management
BBA,Marketing,2,8.69,83,6.4,4.4,6.4,7.4,95,100,0,9,8,7,97,57,95,100,96,81,77,3,100,100,Placement,Data Analyst,85.2,Good,94.8,98.0,Management
Law,Corporate,2,7.98,96,4.2,1.8,7.1,5.6,95,97,1,1,1,3,32,43,48,61,45,42,72,0,46,69,Freelancing,Business Analyst,72.1,Average,32.9,45.3,Law
B.Tech,IT,3,8.17,71,4.5,1.9,7.6,10.0,96,93,4,4,4,3,56,53,57,60,66,79,73,0,61,82,Placement,UI/UX Designer,49.2,At Risk,63.0,58.6,Tech
BCA,General,1,7.73,87,4.9,4.3,6.5,5.4,90,94,1,8,4,7,100,61,79,75,60,67,68,1,88,92,Freelancing,Software Engineer,69.1,Average,86.8,82.8,Tech
B.Tech,CSE,1,7.56,69,4.1,1.8,7.4,6.3,92,95,1,3,2,3,68,50,54,30,63,43,67,0,41,77,Research,AI Engineer,63.6,Average,48.4,47.4,Tech
B.Tech,AI&DS,1,8.33,66,5.6,3.0,6.3,9.0,99,100,1,5,6,3,74,42,84,80,75,47,60,0,59,88,Placement,AI Engineer,73.7,Average,69.7,72.0,Tech
B.Tech,CSE,1,6.87,50,2.2,1.0,7.4,8.8,76,77,2,3,3,2,53,45,52,57,66,65,65,1,64,70,Placement,QA Engineer,37.4,At Risk,47.4,53.3,Tech
B.Com,General,2,7.78,78,6.1,1.6,8.2,2.0,99,92,1,3,2,1,38,79,50,57,24,71,70,0,57,68,Research,Business Analyst,70.0,Average,45.9,48.8,Commerce
B.Tech,ECE,2,8.28,59,4.1,1.3,7.0,8.9,95,97,1,3,3,3,51,18,100,75,56,49,76,0,54,74,Placement,AI Engineer,69.8,Average,67.5,36.7,Tech
BCA,General,4,7.81,76,5.0,5.2,5.7,5.5,90,84,2,6,4,6,71,76,81,80,66,69,72,2,86,91,Freelancing,QA Engineer,62.6,Average,76.6,66.7,Tech
B.Com,General,4,7.92,67,3.8,0.9,7.2,4.5,86,86,1,2,2,3,63,35,56,47,48,79,81,0,61,64,Freelancing,Business Analyst,59.4,Average,39.4,49.1,Commerce
BBA,HR,4,8.01,65,4.1,2.1,8.1,4.4,80,92,2,3,4,2,44,52,67,66,75,74,60,1,64,78,Research,Product Manager,59.7,Average,62.7,58.9,Management
B.Tech,CSE,3,7.97,74,4.4,1.8,8.3,5.2,95,91,2,4,3,2,67,54,67,74,47,62,64,1,57,66,Higher Studies,Data Scientist,64.4,Average,52.2,52.3,Tech
B.Tech,CSE,1,7.07,60,2.8,2.1,6.7,5.5,78,82,2,4,6,4,59,55,65,69,63,54,54,0,61,75,Placement,AI Engineer,47.6,At Risk,52.8,67.2,Tech
BCA,General,1,6.8,71,4.0,2.7,5.8,5.3,83,83,2,5,1,4,51,88,56,54,48,87,69,0,71,78,Placement,Business Analyst,46.8,At Risk,61.8,70.9,Tech
BBA,Marketing,4,7.41,84,4.5,3.4,6.9,6.3,91,86,3,2,1,2,76,58,90,63,59,80,79,2,77,79,Freelancing,Business Analyst,50.0,At Risk,65.2,47.3,Management
B.Tech,AI&DS,3,7.81,76,5.1,5.0,6.0,5.9,97,85,1,8,6,5,88,47,100,59,70,43,50,2,95,86,Placement,Machine Learning Engineer,69.7,Average,89.4,75.4,Tech
B.Com,General,1,7.08,80,4.8,2.0,6.4,4.0,89,88,1,2,2,5,58,52,49,73,40,34,52,0,54,70,Startup,Product Manager,59.4,Average,46.9,50.6,Commerce
Law,Criminal,2,6.86,71,2.0,0.9,7.1,7.5,73,76,2,4,2,4,59,47,56,53,51,50,61,0,38,53,Placement,Cybersecurity Analyst,40.2,At Risk,26.8,57.4,Law
BBA,Marketing,2,8.25,88,5.1,3.0,7.8,4.6,100,100,0,4,3,5,62,54,59,61,71,88,66,1,70,67,Higher Studies,Data Analyst,85.5,Good,70.0,63.9,Management
B.Com,General,3,7.98,75,5.4,3.0,6.6,6.4,97,87,1,3,2,3,61,48,49,55,62,80,75,1,46,55,Startup,Data Analyst,72.1,Average,45.0,41.3,Commerce
BCA,General,2,8.63,67,6.0,3.5,5.7,5.8,95,96,0,7,5,4,57,55,84,85,68,62,81,1,82,99,Startup,Backend Developer,82.6,Good,81.1,69.1,Tech
BBA,Marketing,2,8.19,85,5.2,3.0,7.5,2.9,100,98,0,6,2,6,64,62,59,65,69,70,70,0,71,63,Higher Studies,Data Analyst,85.2,Good,63.5,68.5,Management
BBA,Finance,3,7.2,53,4.2,2.3,7.4,7.6,81,76,2,6,3,1,58,58,48,73,63,75,58,2,71,69,Startup,Product Manager,49.4,At Risk,65.4,33.5,Management
B.Tech,ECE,3,7.22,75,5.5,4.1,8.0,7.6,97,97,0,7,4,7,86,41,76,69,73,51,53,1,74,100,Higher Studies,Backend Developer,70.9,Average,87.7,81.3,Tech
B.Com,Hons,4,6.56,66,3.4,0.7,7.2,4.9,82,80,0,1,1,0,53,52,47,50,39,62,50,0,43,52,Freelancing,Product Manager,59.5,Average,26.6,47.8,Commerce
Law,Criminal,2,7.03,66,2.9,1.6,6.9,8.3,86,74,2,4,1,2,65,45,72,72,53,64,69,0,67,57,Placement,Business Analyst,47.9,At Risk,47.2,42.9,Law
B.Tech,IT,2,7.67,72,3.8,1.1,6.4,6.8,88,88,2,2,3,2,49,52,80,52,47,33,54,0,52,79,Research,Cloud Engineer,57.9,Average,45.0,60.3,Tech
B.Tech,IT,4,7.39,68,4.5,3.2,6.6,5.2,94,85,1,6,3,4,68,71,75,58,70,69,67,3,82,67,Placement,AI Engineer,66.9,Average,77.7,61.0,Tech
B.Com,General,1,7.61,79,4.8,2.6,7.4,6.7,91,87,3,5,3,3,76,49,92,60,70,59,56,0,50,84,Placement,Business Analyst,55.1,Average,56.9,38.8,Commerce
Law,Corporate,3,6.72,55,3.8,1.4,5.8,8.1,77,78,4,5,3,4,62,19,73,70,51,34,36,0,68,73,Placement,Cybersecurity Analyst,34.8,At Risk,60.7,33.4,Law
BCA,General,1,6.73,82,3.5,2.2,8.0,7.9,79,77,2,4,2,2,60,52,63,49,48,42,30,0,42,61,Higher Studies,Backend Developer,48.5,At Risk,33.4,39.6,Tech
B.Tech,IT,2,8.23,95,6.5,4.4,7.2,2.2,100,98,0,9,6,8,100,62,99,88,64,61,58,2,95,99,Freelancing,Full Stack Developer,85.0,Good,97.5,84.7,Tech
B.Com,General,4,7.42,100,4.9,3.9,8.1,6.8,92,97,0,4,3,5,67,89,78,46,39,65,76,1,51,79,Government Job,Business Analyst,76.0,Good,63.3,56.3,Commerce
BCA,General,2,6.63,65,2.0,3.2,6.7,8.2,79,79,2,4,2,3,56,31,74,75,36,61,60,0,70,82,Higher Studies,Data Engineer,44.2,At Risk,47.4,38.5,Tech
B.Tech,CSE,1,7.43,61,3.9,2.7,7.4,8.0,96,89,1,3,3,2,79,61,76,56,64,59,47,0,47,81,Higher Studies,UI/UX Designer,58.3,Average,57.2,53.1,Tech
BCA,General,1,7.01,61,4.2,2.5,7.7,7.0,83,88,3,3,2,2,67,51,70,51,56,66,70,1,52,85,Government Job,Frontend Developer,44.3,At Risk,49.8,59.2,Tech
B.Tech,IT,4,9.02,82,6.6,3.3,6.6,3.8,99,100,0,6,5,5,80,36,86,71,85,48,54,1,68,93,Freelancing,Backend Developer,88.1,Good,80.1,71.4,Tech
B.Tech,ECE,2,7.46,71,4.2,3.8,7.1,6.3,96,89,0,4,1,6,75,74,88,58,59,74,58,1,64,79,Freelancing,Product Manager,70.1,Average,69.3,76.5,Tech
B.Tech,ECE,2,7.95,74,4.7,3.2,7.4,6.5,88,85,1,5,4,4,85,40,73,67,47,30,59,1,78,74,Placement,Machine Learning Engineer,60.9,Average,67.5,49.4,Tech
BBA,Marketing,4,7.38,71,4.7,1.8,6.3,6.5,85,83,2,4,2,5,63,69,62,49,39,67,48,1,68,73,Placement,Data Analyst,48.7,At Risk,49.7,57.2,Management
BBA,Marketing,4,8.16,61,5.2,2.5,7.2,7.8,91,92,1,5,2,2,58,72,87,62,60,85,85,1,87,87,Placement,Data Analyst,69.4,Average,77.0,63.3,Management
B.Tech,CSE,2,8.56,87,6.0,3.6,7.0,5.0,100,95,0,8,4,6,85,63,87,80,69,75,81,2,88,92,Startup,Data Scientist,82.8,Good,95.6,77.9,Tech
BBA,Marketing,1,8.12,74,5.9,2.1,8.1,6.3,93,91,1,5,3,5,65,62,60,54,69,63,66,1,78,83,Placement,Data Analyst,73.7,Average,76.3,57.6,Management
B.Tech,ECE,4,7.6,76,4.6,1.5,6.6,5.5,89,88,1,3,2,3,77,54,50,64,77,68,57,1,64,81,Freelancing,Product Manager,62.4,Average,64.3,59.5,Tech
BCA,General,2,7.21,86,4.2,2.6,8.7,5.9,96,95,0,7,6,6,63,53,67,70,60,55,64,1,65,96,Placement,Cybersecurity Analyst,73.9,Average,78.7,53.0,Tech
BBA,Marketing,2,7.13,57,3.1,0.4,6.9,8.0,79,79,0,2,2,2,68,24,58,40,25,50,48,0,38,55,Higher Studies,UI/UX Designer,53.8,At Risk,28.3,30.8,Management
B.Tech,CSE,1,7.67,60,3.1,2.0,5.6,7.3,83,85,1,5,5,4,92,40,70,90,66,54,58,0,45,80,Placement,Full Stack Developer,57.3,Average,61.3,65.1,Tech
BBA,HR,2,8.37,65,5.3,2.4,6.5,6.1,94,97,0,5,3,3,66,72,64,70,71,76,78,1,73,70,Higher Studies,Business Analyst,77.0,Good,64.6,52.0,Management
B.Tech,AI&DS,4,7.89,82,5.3,2.9,7.8,6.0,100,95,0,4,4,3,69,56,62,60,42,58,52,1,67,81,Higher Studies,Data Scientist,80.2,Good,67.3,57.5,Tech
B.Tech,CSE,4,6.86,65,3.5,2.6,7.0,6.4,82,84,1,4,2,2,73,42,61,62,25,48,46,0,48,61,Higher Studies,DevOps Engineer,58.9,Average,38.8,48.0,Tech
B.Tech,IT,1,8.08,80,4.8,2.1,5.9,4.3,95,91,4,5,4,6,56,43,73,83,62,51,42,0,64,76,Higher Studies,Data Scientist,55.1,Average,60.9,62.7,Tech
B.Tech,IT,3,6.69,68,2.1,1.7,6.2,5.3,78,77,2,2,0,3,47,46,61,40,37,81,63,0,53,80,Research,Product Manager,40.3,At Risk,29.7,58.3,Tech
BBA,HR,1,7.42,67,3.3,3.2,8.2,9.4,91,80,0,6,2,4,55,52,59,55,66,68,63,1,78,71,Placement,UI/UX Designer,66.3,Average,67.6,50.8,Management
B.Com,General,2,7.31,77,3.7,0.1,6.1,4.4,92,94,0,3,2,4,48,37,61,42,26,52,61,0,55,71,Placement,Business Analyst,68.3,Average,52.3,45.2,Commerce
B.Tech,IT,3,7.66,73,5.0,2.6,6.0,6.7,89,85,0,5,2,4,69,64,54,56,54,44,56,0,55,51,Higher Studies,DevOps Engineer,68.9,Average,51.3,34.6,Tech
Law,Criminal,2,7.56,89,4.7,4.1,7.8,6.9,92,89,1,7,4,6,88,44,87,75,83,62,58,0,73,86,Government Job,Cybersecurity Analyst,70.5,Average,83.5,66.6,Law
BCA,General,3,6.61,61,2.9,3.1,6.7,9.7,81,77,4,6,6,5,74,47,66,88,55,52,65,1,84,100,Placement,Software Engineer,36.4,At Risk,75.2,69.7,Tech
BCA,General,1,8.3,82,5.6,4.4,6.7,4.9,88,93,0,8,5,5,89,45,81,69,65,68,72,2,92,93,Placement,Software Engineer,78.3,Good,94.2,79.0,Tech
B.Tech,ECE,2,8.11,99,6.3,2.4,7.2,4.1,95,100,0,5,2,6,79,58,71,75,35,75,75,1,87,79,Research,Machine Learning Engineer,86.4,Good,76.3,55.7,Tech
B.Tech,IT,3,6.61,66,1.6,3.0,8.2,9.9,82,74,3,7,6,3,68,21,86,64,47,52,56,1,52,100,Placement,Backend Developer,41.3,At Risk,52.6,64.5,Tech
B.Com,General,2,6.56,60,2.5,3.7,5.5,7.9,82,77,1,7,5,5,63,53,83,64,74,47,39,0,50,73,Freelancing,Product Manager,47.6,At Risk,67.8,40.9,Commerce
B.Tech,CSE,1,8.0,78,3.7,4.2,7.2,6.4,100,95,0,6,5,6,90,67,70,76,70,48,64,1,69,98,Higher Studies,Backend Developer,82.9,Good,81.6,54.8,Tech
B.Tech,CSE,2,6.36,70,4.4,1.3,6.7,5.3,80,76,0,4,2,1,57,39,82,67,23,71,67,0,46,66,Higher Studies,UI/UX Designer,60.1,Average,52.0,43.3,Tech
B.Tech,AI&DS,3,7.72,56,3.6,2.1,7.9,7.7,92,93,2,3,2,3,45,40,57,53,31,52,52,0,44,76,Research,Backend Developer,57.5,Average,48.8,39.1,Tech
B.Com,General,2,7.3,82,5.3,3.3,5.3,5.0,91,85,1,6,4,7,73,70,88,60,71,57,70,1,89,87,Placement,Data Analyst,69.2,Average,84.8,73.5,Commerce
B.Tech,CSE,3,7.82,85,5.7,3.2,7.3,4.9,98,100,0,2,2,6,51,53,61,61,57,51,62,0,56,74,Higher Studies,QA Engineer,80.6,Good,53.8,53.7,Tech
BCA,General,2,6.87,69,3.5,3.9,7.5,3.3,91,86,0,6,2,9,64,33,78,42,71,62,73,1,80,88,Placement,QA Engineer,67.8,Average,77.6,59.7,Tech
B.Tech,CSE,3,8.23,87,4.1,3.9,7.6,5.0,89,88,2,8,5,6,73,43,70,54,61,58,57,1,83,100,Placement,QA Engineer,67.2,Average,94.6,85.0,Tech
B.Tech,CSE,1,7.99,82,3.5,3.4,6.3,7.5,93,96,0,4,4,4,75,49,74,60,36,55,64,0,62,77,Research,Full Stack Developer,74.8,Average,52.7,60.7,Tech
Law,Corporate,1,8.47,74,6.0,3.0,7.3,7.6,93,96,2,4,4,6,75,33,64,64,60,51,58,1,65,70,Startup,Data Analyst,69.0,Average,62.6,51.5,Law
BCA,General,1,7.41,77,4.1,2.9,7.7,2.8,97,94,1,5,3,6,60,51,74,44,54,75,67,1,72,100,Placement,DevOps Engineer,66.4,Average,72.4,58.0,Tech
B.Tech,ECE,3,7.7,66,4.6,3.8,5.4,6.5,92,90,2,7,7,7,77,65,83,75,64,52,65,0,72,85,Placement,Software Engineer,58.5,Average,81.0,55.5,Tech
BCA,General,1,7.18,80,4.0,3.0,7.2,8.5,93,86,1,6,2,4,44,58,74,47,61,61,63,0,63,74,Higher Studies,QA Engineer,60.3,Average,55.9,56.4,Tech
Law,Criminal,2,9.09,78,6.9,2.9,7.4,5.1,100,100,0,4,2,6,82,72,74,63,69,76,67,0,63,74,Startup,Business Analyst,86.4,Good,70.7,54.5,Law
B.Com,General,4,8.79,88,7.0,3.0,8.1,4.6,100,100,0,4,2,3,72,70,73,64,58,76,78,1,71,63,Placement,Product Manager,85.2,Good,58.9,56.6,Commerce
Law,Criminal,1,7.11,55,1.7,1.9,6.4,10.6,76,77,2,2,2,1,50,81,66,52,54,70,80,0,35,54,Placement,Business Analyst,46.6,At Risk,28.7,38.6,Law
B.Tech,IT,1,6.34,66,2.8,1.6,5.8,7.3,77,83,4,1,2,4,66,41,44,56,61,46,44,0,35,69,Startup,Frontend Developer,25.8,At Risk,31.4,44.4,Tech
B.Tech,CSE,2,7.71,76,4.7,2.3,6.3,2.3,94,93,0,5,2,5,62,64,50,75,78,65,52,1,70,73,Higher Studies,QA Engineer,74.0,Average,66.6,52.8,Tech
BCA,General,2,7.82,78,4.6,2.8,6.8,6.5,91,92,2,4,0,2,56,71,44,48,50,65,73,1,61,69,Higher Studies,Frontend Developer,60.7,Average,45.0,53.5,Tech
B.Tech,AI&DS,4,8.27,63,4.2,1.3,7.0,11.0,87,84,1,3,1,2,62,36,65,58,52,38,65,0,53,79,Startup,DevOps Engineer,61.4,Average,47.7,47.3,Tech
Law,Corporate,1,6.92,72,3.2,3.2,6.7,8.5,89,82,0,3,2,5,74,54,63,61,60,69,70,0,67,66,Placement,Product Manager,65.5,Average,53.4,25.8,Law
B.Tech,IT,2,7.46,73,5.7,2.2,6.8,3.4,98,87,0,2,1,3,53,73,56,66,45,52,62,0,35,59,Research,Business Analyst,70.0,Average,35.7,35.6,Tech
Law,Criminal,1,7.05,67,3.6,0.3,5.9,7.4,87,89,2,1,1,1,44,24,51,55,41,52,68,0,39,51,Higher Studies,Data Analyst,54.1,At Risk,23.6,43.7,Law
Law,Corporate,4,7.01,62,4.4,1.2,7.3,5.3,92,90,1,0,0,0,39,34,59,57,65,36,57,0,35,66,Government Job,Cybersecurity Analyst,58.1,Average,23.6,34.9,Law
B.Tech,AI&DS,2,7.97,72,4.6,3.3,6.4,7.9,87,91,0,7,5,1,74,57,93,76,74,65,57,2,82,83,Startup,Full Stack Developer,74.1,Average,84.4,65.0,Tech
BBA,Marketing,3,8.89,62,4.8,4.4,4.9,6.6,97,94,0,8,3,5,86,61,100,94,60,73,78,3,96,100,Startup,Data Analyst,81.2,Good,96.0,71.8,Management
B.Tech,ECE,2,7.97,81,6.1,4.0,7.8,4.7,98,94,1,9,7,5,69,65,82,87,74,70,66,1,86,96,Placement,Data Scientist,75.4,Good,88.2,77.8,Tech
BBA,Finance,2,7.8,82,4.9,1.0,6.9,5.1,92,94,1,4,0,4,51,55,40,37,41,85,79,1,65,69,Startup,Business Analyst,70.8,Average,48.9,47.3,Management
B.Com,Hons,4,7.71,70,4.5,2.1,7.5,4.5,94,93,0,5,5,5,65,28,86,59,50,53,73,1,63,78,Placement,Data Analyst,71.3,Average,67.4,41.2,Commerce
B.Tech,AI&DS,1,9.14,86,6.5,5.5,6.3,7.2,100,100,0,10,8,7,82,69,100,75,87,70,81,2,100,85,Placement,AI Engineer,91.6,Excellent,98.0,66.4,Tech
B.Tech,AI&DS,1,6.58,59,1.1,3.6,5.7,5.7,75,76,1,7,4,6,84,81,65,75,57,98,72,2,87,84,Startup,DevOps Engineer,51.6,At Risk,83.4,98.0,Tech
B.Tech,ECE,2,6.65,69,2.7,1.5,6.4,6.7,92,81,3,3,1,1,38,15,33,58,62,65,57,0,53,57,Freelancing,UI/UX Designer,40.9,At Risk,24.4,36.8,Tech
B.Com,Hons,4,7.89,78,5.1,2.3,6.5,5.5,94,95,0,4,2,5,73,50,73,65,60,65,73,2,82,74,Higher Studies,Product Manager,80.6,Good,77.5,63.8,Commerce
Law,Criminal,4,7.87,92,5.4,4.1,6.7,5.0,100,90,0,7,1,6,78,65,70,58,62,65,52,1,71,70,Government Job,Data Analyst,79.3,Good,79.2,60.6,Law
BCA,General,3,7.43,66,2.9,2.9,7.8,9.4,82,79,2,5,3,4,43,48,84,73,71,66,50,1,82,97,Placement,Data Engineer,49.9,At Risk,69.1,68.6,Tech
Law,Criminal,2,8.08,82,6.5,3.2,6.4,4.2,98,92,2,4,3,5,81,50,67,53,67,62,67,0,55,68,Research,Business Analyst,63.9,Average,59.3,56.7,Law
BBA,Marketing,2,7.18,49,3.4,1.4,7.0,7.1,76,76,1,1,3,0,33,32,56,62,40,65,61,0,47,69,Startup,Data Analyst,47.7,At Risk,38.7,44.0,Management
BBA,Finance,3,6.64,67,3.0,2.1,6.0,7.5,80,87,3,6,2,3,55,34,82,86,52,60,71,1,77,92,Placement,Data Analyst,36.6,At Risk,62.9,54.6,Management
BCA,General,2,5.95,62,2.7,3.4,7.0,5.5,71,72,2,4,2,4,63,44,63,62,67,43,46,0,49,79,Placement,Frontend Developer,35.4,At Risk,44.6,45.7,Tech
B.Tech,IT,2,7.71,73,3.8,2.5,7.0,2.2,98,88,2,4,3,3,63,47,80,56,44,59,68,1,62,70,Placement,Product Manager,62.3,Average,56.2,54.3,Tech
B.Tech,IT,4,8.53,88,6.2,2.3,7.3,7.0,100,98,2,3,4,2,33,49,65,63,51,53,69,1,57,74,Research,Machine Learning Engineer,72.9,Average,57.9,72.4,Tech
BBA,Marketing,2,6.25,72,2.8,1.2,7.1,4.4,84,77,3,0,1,0,67,30,57,38,44,67,60,0,40,54,Placement,Product Manager,35.9,At Risk,24.2,53.5,Management
BBA,Marketing,3,7.34,75,3.9,2.3,7.3,5.3,91,85,1,5,1,2,50,79,59,52,50,77,66,1,64,84,Placement,Product Manager,59.5,Average,57.0,62.3,Management
B.Tech,ECE,1,7.14,65,4.2,3.1,7.8,6.6,84,79,0,5,4,4,40,38,77,68,49,48,69,1,54,79,Higher Studies,Frontend Developer,61.1,Average,60.0,74.5,Tech
BBA,HR,4,8.18,69,3.7,3.2,7.1,5.7,96,95,1,5,3,4,70,37,65,67,71,57,48,1,95,90,Higher Studies,Data Analyst,66.7,Average,78.7,61.0,Management
B.Tech,ECE,2,7.72,68,5.1,2.4,6.7,2.4,95,92,0,4,3,4,75,42,67,54,61,59,52,1,66,72,Research,Data Analyst,69.6,Average,72.4,52.6,Tech
B.Tech,AI&DS,4,6.39,57,2.5,4.2,6.6,7.7,75,78,3,5,4,4,86,72,53,71,49,70,59,2,81,81,Placement,Data Engineer,40.3,At Risk,70.0,42.7,Tech
Law,Criminal,3,7.3,73,5.0,2.5,6.7,7.6,92,90,1,4,1,4,45,68,65,70,59,75,75,0,55,87,Higher Studies,Business Analyst,64.4,Average,51.3,57.2,Law
B.Tech,IT,4,7.86,67,5.0,2.9,7.5,5.4,96,87,0,5,5,3,71,59,55,83,68,55,51,1,74,64,Placement,Backend Developer,70.7,Average,72.0,66.0,Tech
Law,Criminal,3,7.46,87,4.8,2.8,8.1,6.2,96,82,1,6,3,5,80,71,74,71,61,73,66,2,85,83,Placement,Product Manager,68.4,Average,83.6,53.4,Law
BCA,General,1,7.85,64,2.7,3.0,6.5,6.0,95,90,2,3,3,2,65,35,41,63,46,61,64,0,57,60,Government Job,Data Analyst,62.8,Average,36.7,51.4,Tech
Law,Criminal,2,7.6,61,2.2,2.4,7.5,8.3,82,84,4,7,4,4,74,74,63,78,65,78,69,1,64,60,Placement,Cybersecurity Analyst,38.1,At Risk,62.0,50.4,Law
B.Com,Hons,4,7.97,86,6.2,2.4,7.4,6.4,88,87,1,3,2,4,49,44,61,71,74,53,71,1,65,88,Government Job,Business Analyst,69.6,Average,60.5,57.2,Commerce
Law,Corporate,1,7.05,76,4.8,3.5,7.1,6.6,89,88,1,5,4,4,80,62,85,62,75,76,68,1,81,84,Placement,Product Manager,58.9,Average,73.3,72.0,Law
BBA,Finance,2,8.13,87,5.4,0.5,7.4,5.4,100,97,0,1,0,3,58,65,67,75,49,60,61,0,61,65,Research,Data Analyst,76.2,Good,48.7,53.4,Management
BBA,Finance,2,7.32,54,4.8,2.1,7.5,6.6,86,83,0,3,2,1,54,50,65,56,53,65,64,0,35,56,Government Job,UI/UX Designer,66.6,Average,45.8,41.5,Management
B.Tech,IT,2,7.62,86,6.8,3.2,7.4,3.5,100,98,0,4,2,4,78,56,65,45,49,57,57,1,78,87,Higher Studies,Cloud Engineer,88.3,Good,70.0,58.4,Tech
B.Tech,CSE,2,8.24,66,4.8,4.0,5.7,7.6,96,87,0,7,6,7,65,53,100,76,62,66,74,2,79,82,Government Job,Machine Learning Engineer,74.1,Average,82.3,82.1,Tech
B.Com,General,2,7.02,53,3.0,1.6,7.0,8.0,81,79,2,4,3,2,79,45,42,56,52,61,84,0,65,68,Research,Business Analyst,41.1,At Risk,53.9,37.5,Commerce
BCA,General,1,8.57,79,6.1,2.9,6.5,7.9,100,95,0,6,4,5,86,64,74,67,47,68,61,1,63,97,Research,Data Engineer,86.9,Good,75.9,69.0,Tech
Law,Criminal,2,7.03,64,5.3,3.8,7.7,6.4,83,89,1,4,4,5,74,42,55,56,74,62,51,2,71,68,Placement,Product Manager,61.8,Average,54.1,64.1,Law
BCA,General,1,7.33,94,5.6,2.5,6.7,3.9,100,100,0,6,2,4,73,63,70,59,56,76,70,1,59,73,Government Job,DevOps Engineer,79.5,Good,64.3,72.7,Tech
B.Tech,CSE,3,7.42,56,3.9,2.3,7.0,8.0,84,84,1,4,3,2,62,65,68,53,62,60,59,1,65,73,Higher Studies,Full Stack Developer,61.0,Average,47.7,37.2,Tech
Law,Corporate,4,7.6,84,4.0,3.0,6.8,4.1,93,88,0,5,2,4,89,64,83,65,73,73,66,1,79,95,Government Job,Business Analyst,72.3,Average,78.3,68.0,Law
BBA,Finance,1,9.25,78,7.2,2.8,6.2,4.1,100,100,0,5,3,6,67,68,64,74,70,67,76,1,78,80,Government Job,Data Analyst,90.3,Excellent,86.4,64.1,Management
BBA,HR,1,6.36,60,2.3,3.0,8.3,6.4,78,74,2,4,3,4,71,54,56,35,46,56,61,0,62,81,Freelancing,UI/UX Designer,42.7,At Risk,58.6,51.0,Management
B.Tech,ECE,2,7.89,76,3.4,5.4,7.7,2.8,96,91,1,7,6,7,84,29,64,70,56,30,59,2,75,93,Placement,Backend Developer,69.3,Average,79.6,78.9,Tech
BCA,General,1,7.02,57,2.6,3.8,6.3,5.3,72,70,3,9,7,7,100,56,65,66,71,52,45,1,78,87,Placement,Backend Developer,38.2,At Risk,78.6,71.4,Tech
B.Com,Hons,2,6.8,92,5.9,2.4,7.0,4.5,97,92,0,4,2,5,86,68,52,88,58,60,60,1,56,70,Government Job,Business Analyst,71.5,Average,58.8,24.5,Commerce
BBA,Finance,2,7.93,58,5.9,3.0,5.4,4.8,92,89,0,5,4,4,52,43,82,77,49,70,73,0,71,91,Placement,UI/UX Designer,73.2,Average,70.0,67.6,Management
B.Tech,IT,3,6.97,58,2.9,2.1,6.5,7.1,82,78,1,5,5,3,42,45,100,71,48,56,54,2,84,97,Research,Data Scientist,52.4,At Risk,78.0,58.8,Tech
BCA,General,3,7.9,56,4.1,2.0,5.8,7.5,96,92,2,3,2,3,42,31,73,62,59,48,55,0,46,83,Research,Cybersecurity Analyst,54.1,At Risk,52.8,56.1,Tech
BBA,Marketing,4,8.07,75,4.2,2.2,5.2,4.9,99,91,1,3,5,6,66,72,72,73,76,71,63,1,65,77,Higher Studies,Business Analyst,70.5,Average,74.3,56.4,Management
B.Tech,ECE,3,8.39,83,7.2,5.5,7.0,4.2,100,100,0,9,5,8,94,50,90,84,77,59,59,2,76,95,Government Job,Data Engineer,83.0,Good,96.4,68.5,Tech
Law,Criminal,4,8.96,69,5.3,2.8,5.7,5.8,89,89,0,5,5,3,74,36,64,62,62,63,40,2,63,73,Placement,Cybersecurity Analyst,77.4,Good,72.5,59.1,Law
BBA,Finance,4,7.25,67,3.1,1.7,6.2,5.9,91,87,4,3,3,3,60,84,61,65,77,88,82,1,69,66,Higher Studies,Business Analyst,37.3,At Risk,46.8,58.3,Management
BCA,General,2,7.35,73,4.2,2.0,7.2,5.4,89,91,2,5,3,4,37,64,69,54,62,70,83,1,70,77,Placement,Full Stack Developer,58.7,Average,63.7,50.1,Tech
B.Tech,AI&DS,1,7.58,68,3.3,1.3,7.3,5.2,82,83,4,1,2,1,64,56,66,42,55,73,81,1,56,82,Freelancing,Business Analyst,39.9,At Risk,49.1,65.9,Tech
BBA,HR,1,8.37,76,5.3,3.7,6.4,4.8,89,84,1,5,5,3,52,68,95,95,58,98,70,2,81,91,Placement,Business Analyst,69.5,Average,85.0,65.3,Management
BBA,Finance,2,7.33,82,5.9,2.6,7.5,4.3,96,99,0,4,1,2,59,75,59,59,50,57,49,1,49,71,Government Job,Data Analyst,78.3,Good,56.4,54.1,Management
BCA,General,3,8.23,73,4.8,3.6,7.6,3.3,95,98,0,6,3,6,75,61,100,65,52,57,56,1,79,100,Government Job,Data Engineer,80.7,Good,81.2,87.3,Tech
Law,Corporate,4,7.17,78,4.6,5.2,5.7,2.5,89,88,1,8,5,10,85,53,80,70,65,49,63,2,87,100,Government Job,Data Analyst,63.7,Average,88.8,67.6,Law
B.Com,Hons,1,7.63,63,4.2,1.1,6.5,7.5,74,80,0,2,1,1,56,51,67,50,48,68,60,0,69,72,Placement,Data Analyst,57.0,Average,51.9,51.4,Commerce
B.Tech,AI&DS,2,8.03,69,4.4,4.6,8.0,8.5,88,89,1,6,4,5,85,65,82,80,62,60,65,1,78,93,Placement,Software Engineer,69.3,Average,82.9,76.0,Tech
B.Tech,ECE,1,7.77,60,3.7,1.8,6.6,5.8,86,84,1,3,3,1,48,63,70,75,58,51,64,0,52,69,Placement,Data Scientist,59.7,Average,54.4,59.1,Tech
B.Tech,IT,3,7.93,72,3.6,2.3,7.9,4.1,95,92,1,3,3,4,67,53,61,48,59,70,62,0,50,69,Placement,Cybersecurity Analyst,66.8,Average,54.0,62.4,Tech
B.Com,Hons,4,7.94,62,5.1,2.6,7.0,7.8,98,92,2,4,3,4,69,40,79,57,55,53,66,0,53,64,Placement,Business Analyst,63.8,Average,53.5,49.0,Commerce
BCA,General,2,8.59,70,4.5,3.8,7.6,6.7,96,93,1,7,6,5,100,43,100,95,72,43,63,1,71,94,Placement,Backend Developer,72.3,Average,84.9,69.4,Tech
Law,Criminal,3,7.41,77,3.9,0.9,6.5,6.3,89,82,1,2,0,2,46,31,62,44,41,54,63,0,35,62,Placement,Cybersecurity Analyst,60.7,Average,26.5,35.8,Law
Law,Criminal,3,6.87,52,3.3,0.0,6.3,7.3,79,77,2,1,1,1,24,52,48,63,36,71,61,0,53,59,Placement,Business Analyst,44.4,At Risk,28.8,32.7,Law
B.Com,Hons,3,7.49,72,3.9,1.8,7.6,7.4,88,89,3,4,3,3,66,70,70,46,32,65,61,2,66,77,Research,Product Manager,51.8,At Risk,53.7,36.1,Commerce
B.Com,Hons,1,7.17,48,1.9,2.1,5.8,10.2,74,70,4,5,3,4,59,35,65,85,51,41,38,1,59,63,Higher Studies,Business Analyst,27.6,At Risk,45.0,50.5,Commerce
B.Tech,AI&DS,2,6.59,60,4.0,2.7,6.3,9.0,81,84,3,5,4,3,67,50,63,68,50,67,56,1,60,69,Research,Backend Developer,43.8,At Risk,59.2,57.2,Tech
BBA,Marketing,1,7.02,83,5.2,2.5,7.2,4.3,94,91,2,4,3,1,82,45,82,83,56,46,68,0,58,77,Higher Studies,Business Analyst,61.4,Average,64.2,80.0,Management
B.Tech,IT,2,7.52,73,4.4,1.2,7.5,5.5,87,84,0,3,2,0,53,58,59,48,36,61,66,1,66,65,Higher Studies,Cybersecurity Analyst,72.1,Average,54.9,48.6,Tech
Law,Corporate,1,8.33,73,6.0,4.5,6.7,7.5,90,93,1,8,4,8,86,66,80,67,63,73,75,2,88,88,Freelancing,Data Analyst,72.8,Average,87.2,57.7,Law
Law,Corporate,4,7.64,79,6.4,3.2,7.9,6.1,92,93,0,4,3,4,74,39,85,48,64,77,73,1,65,82,Placement,Data Analyst,75.8,Good,70.0,51.3,Law
B.Tech,IT,2,8.42,66,5.0,4.9,6.0,4.9,90,94,0,8,5,5,77,55,92,63,76,59,50,2,100,96,Startup,Software Engineer,80.6,Good,91.2,71.3,Tech
BCA,General,2,7.21,40,3.7,2.2,4.9,6.8,73,75,2,4,2,4,53,58,69,52,64,60,61,1,59,81,Higher Studies,Business Analyst,43.4,At Risk,51.1,59.8,Tech
B.Com,Hons,4,8.09,63,3.6,0.7,7.4,8.0,90,89,3,3,3,2,66,52,50,51,43,56,67,1,43,67,Higher Studies,Business Analyst,52.5,At Risk,42.1,39.5,Commerce
B.Com,General,2,6.35,73,3.3,1.5,5.7,6.1,88,85,2,4,2,7,71,73,56,21,49,54,52,0,55,69,Government Job,Business Analyst,47.2,At Risk,36.5,50.0,Commerce
B.Com,Hons,2,7.32,66,2.2,0.6,7.2,6.7,74,79,2,0,1,0,68,20,39,62,48,67,69,0,55,64,Startup,Business Analyst,45.8,At Risk,30.1,33.3,Commerce
B.Tech,ECE,4,7.28,73,4.0,1.8,8.0,8.5,85,83,1,2,4,1,73,50,68,53,25,77,52,1,55,68,Placement,Business Analyst,57.6,Average,36.9,44.0,Tech
Law,Corporate,2,7.4,65,3.8,3.3,7.4,5.0,90,95,0,3,3,4,64,24,69,88,53,44,50,0,66,80,Placement,Product Manager,67.6,Average,70.1,55.6,Law
B.Tech,CSE,2,6.99,65,2.5,3.1,8.3,7.2,81,76,2,4,4,5,84,53,51,90,68,74,56,1,67,71,Startup,Full Stack Developer,48.2,At Risk,68.8,62.9,Tech
B.Com,Hons,3,8.24,80,5.5,4.8,5.4,5.9,98,99,2,7,5,3,72,68,94,68,61,79,65,2,78,99,Research,Product Manager,69.8,Average,80.7,53.7,Commerce
Law,Corporate,2,8.83,78,5.3,3.0,6.3,8.2,100,96,1,5,2,3,56,56,58,77,84,45,79,1,58,64,Government Job,Cybersecurity Analyst,75.1,Good,62.1,54.6,Law
BCA,General,1,6.57,77,4.8,1.3,8.4,3.6,85,81,2,4,3,2,60,40,49,43,63,35,33,0,35,58,Government Job,Data Analyst,49.2,At Risk,28.8,36.6,Tech
BCA,General,3,7.83,76,5.7,4.3,6.5,4.2,98,100,0,7,5,6,80,59,77,70,69,71,77,2,100,98,Placement,Data Analyst,83.3,Good,96.2,98.0,Tech
BBA,Finance,2,6.61,89,4.9,1.5,7.5,4.5,94,90,0,2,1,3,69,74,41,62,25,72,61,0,50,47,Government Job,Product Manager,71.2,Average,41.3,40.6,Management
B.Tech,ECE,4,8.41,84,6.2,2.7,7.3,7.0,100,100,0,5,5,6,72,61,68,60,74,77,79,2,70,80,Higher Studies,Product Manager,79.2,Good,78.5,72.2,Tech
B.Tech,ECE,3,8.69,70,4.8,2.4,6.6,4.2,99,100,0,3,4,4,73,54,48,74,59,51,65,0,45,52,Placement,Frontend Developer,79.9,Good,45.6,36.7,Tech
BBA,Marketing,4,7.19,59,2.5,0.9,7.5,7.2,81,83,4,2,2,4,61,40,62,62,50,57,62,1,67,79,Placement,Business Analyst,37.3,At Risk,50.2,58.4,Management
BCA,General,1,7.92,86,5.1,3.5,7.4,7.4,91,96,0,7,5,7,100,78,80,91,81,86,67,2,100,91,Startup,Cloud Engineer,78.2,Good,96.3,74.4,Tech
BCA,General,1,6.69,66,4.8,0.8,7.6,7.9,90,88,0,3,0,1,55,50,61,40,26,79,72,1,65,56,Government Job,UI/UX Designer,62.4,Average,47.4,52.2,Tech
B.Tech,ECE,2,7.28,45,3.3,3.1,6.4,9.7,87,86,1,3,4,2,70,22,70,57,47,39,54,0,50,71,Startup,Data Engineer,55.3,Average,49.9,58.0,Tech
BCA,General,4,7.3,72,3.1,2.9,6.7,5.4,83,85,1,5,3,4,66,38,71,76,51,52,56,0,65,76,Higher Studies,Frontend Developer,59.3,Average,58.1,40.9,Tech
B.Tech,IT,2,7.68,91,6.2,3.3,7.4,3.8,94,100,1,7,4,6,64,60,77,50,51,82,58,0,69,89,Placement,Data Scientist,71.1,Average,66.0,40.3,Tech
B.Tech,IT,3,8.31,76,4.5,4.9,6.3,6.5,100,94,1,8,6,5,92,40,87,81,67,54,71,2,89,100,Placement,AI Engineer,78.0,Good,89.1,72.6,Tech
B.Tech,IT,2,8.16,87,5.1,4.4,7.5,4.4,100,97,0,6,4,8,69,72,83,69,80,74,71,1,74,83,Placement,Data Analyst,80.2,Good,74.7,67.9,Tech
B.Tech,IT,2,7.44,74,4.0,1.4,8.3,6.2,87,87,1,3,2,6,66,50,55,70,53,49,58,0,49,80,Higher Studies,Backend Developer,61.2,Average,51.2,56.8,Tech
BCA,General,2,7.78,69,6.5,3.6,8.6,6.2,91,96,0,5,4,6,88,45,56,54,80,55,56,1,76,77,Research,Full Stack Developer,79.0,Good,81.7,79.8,Tech
B.Tech,CSE,2,6.66,62,1.8,2.2,7.3,7.2,71,72,3,2,2,2,64,54,87,63,44,60,42,0,42,70,Placement,Frontend Developer,36.7,At Risk,38.1,39.9,Tech
B.Tech,ECE,1,8.36,88,6.3,3.2,8.5,6.3,93,98,1,7,3,6,83,63,74,77,63,76,85,2,86,78,Placement,Product Manager,76.9,Good,82.1,67.1,Tech
B.Tech,ECE,3,8.71,77,5.8,4.0,6.4,5.3,100,93,0,6,4,7,83,52,100,87,73,68,68,2,85,92,Government Job,AI Engineer,84.0,Good,87.8,63.6,Tech
Law,Criminal,2,7.43,64,2.1,0.0,7.6,6.9,83,79,1,2,2,0,55,72,60,46,41,46,53,0,45,65,Placement,Product Manager,53.1,At Risk,44.3,44.7,Law
B.Tech,IT,4,7.93,77,6.5,2.8,6.0,4.6,94,96,0,6,3,4,93,45,75,79,54,61,58,1,66,83,Research,QA Engineer,76.6,Good,77.4,75.2,Tech
BBA,HR,3,7.15,76,4.1,0.8,7.9,5.7,87,78,4,4,1,2,32,56,61,51,44,56,64,1,65,69,Placement,Data Analyst,39.2,At Risk,46.1,48.1,Management
B.Tech,ECE,1,8.17,69,4.9,4.8,6.1,6.2,98,91,1,8,3,6,64,47,92,75,58,44,59,1,70,80,Government Job,DevOps Engineer,75.3,Good,82.5,74.6,Tech
Law,Corporate,2,8.36,74,5.3,3.1,6.1,7.9,100,100,0,7,5,4,76,70,88,78,55,86,83,2,85,95,Higher Studies,Data Analyst,80.6,Good,90.5,65.6,Law
BBA,Finance,1,6.92,58,4.1,2.6,7.7,7.6,87,80,2,4,2,3,73,58,66,55,78,98,63,2,70,78,Placement,UI/UX Designer,50.0,At Risk,74.0,58.8,Management
B.Com,Hons,3,8.06,79,5.9,3.8,8.2,4.6,100,98,0,6,3,5,42,50,77,82,62,62,59,1,74,77,Placement,Product Manager,82.2,Good,71.1,73.2,Commerce
BCA,General,2,8.29,69,6.0,4.4,6.5,5.9,92,99,0,8,4,6,79,39,93,85,56,60,71,1,79,99,Placement,Backend Developer,80.6,Good,85.0,83.4,Tech
B.Tech,IT,3,7.34,64,3.8,1.7,7.8,3.7,86,78,1,4,2,7,71,55,62,61,58,73,55,1,71,80,Placement,UI/UX Designer,56.3,Average,69.3,64.1,Tech
B.Tech,ECE,2,7.3,77,3.0,0.8,6.5,4.7,82,84,2,4,1,2,50,18,35,48,38,53,52,0,66,59,Placement,DevOps Engineer,54.0,At Risk,37.3,34.8,Tech
B.Com,General,2,6.76,78,3.4,4.4,7.8,6.5,84,81,1,5,6,5,81,45,79,70,65,65,65,1,72,85,Placement,Data Analyst,57.8,Average,77.0,66.0,Commerce
B.Com,General,4,7.11,90,5.9,2.4,7.3,4.0,91,91,0,6,3,5,89,66,64,46,41,81,78,0,71,87,Startup,Product Manager,72.5,Average,78.4,49.0,Commerce
B.Tech,ECE,2,7.73,83,7.0,1.9,6.7,6.6,95,95,0,5,2,4,88,60,58,51,29,85,80,1,69,62,Startup,Data Analyst,76.2,Good,59.2,62.9,Tech
B.Tech,AI&DS,2,8.15,73,4.9,3.8,8.4,6.4,88,96,0,5,4,5,97,76,75,78,45,67,72,2,85,75,Startup,Cybersecurity Analyst,71.2,Average,80.5,65.2,Tech
BCA,General,1,7.72,73,4.6,2.2,7.4,5.3,95,92,0,4,2,2,64,84,72,52,42,61,73,1,67,81,Placement,Business Analyst,75.0,Average,62.1,48.0,Tech
B.Tech,ECE,2,7.03,86,4.6,2.9,8.1,4.8,95,88,0,5,5,5,62,43,61,52,72,75,62,1,58,88,Government Job,Business Analyst,72.5,Average,68.8,61.8,Tech
BBA,Marketing,1,7.63,84,4.9,3.6,6.7,7.5,96,95,1,6,3,6,82,53,70,60,60,71,79,1,82,86,Government Job,Data Analyst,69.4,Average,70.0,89.0,Management
B.Tech,AI&DS,3,6.48,58,2.9,3.2,7.1,3.9,79,75,2,7,3,5,68,39,68,53,58,63,66,1,78,83,Government Job,Data Scientist,41.8,At Risk,70.6,69.1,Tech
B.Tech,AI&DS,3,6.04,63,2.2,0.8,6.4,7.1,80,72,0,2,2,4,81,66,71,57,50,57,53,1,45,66,Startup,DevOps Engineer,50.4,At Risk,54.9,57.4,Tech
BCA,General,3,8.61,57,4.6,2.7,7.5,4.8,98,90,0,6,6,4,57,65,85,58,53,68,59,2,89,87,Research,Data Engineer,74.4,Average,80.4,59.6,Tech
BCA,General,3,9.64,82,6.3,4.9,7.6,8.3,100,100,0,8,5,8,83,72,88,82,78,86,82,2,100,100,Placement,UI/UX Designer,95.4,Excellent,97.1,88.4,Tech
B.Tech,IT,3,7.77,80,4.5,1.3,7.8,6.6,87,93,3,3,2,4,71,46,50,49,47,66,50,0,54,54,Placement,Business Analyst,56.2,Average,32.7,27.6,Tech
B.Com,General,3,7.5,84,4.8,1.5,7.9,7.3,96,89,0,3,1,4,46,34,73,55,56,45,58,1,45,75,Higher Studies,Business Analyst,75.2,Good,51.6,41.0,Commerce
B.Tech,CSE,1,7.53,72,4.5,3.1,5.5,5.8,82,86,0,4,4,2,77,30,58,46,37,53,48,0,69,82,Placement,Software Engineer,70.3,Average,56.1,57.6,Tech
B.Tech,CSE,3,8.42,68,5.1,3.3,7.2,7.3,95,87,1,9,5,5,79,61,88,70,74,82,73,2,91,94,Higher Studies,AI Engineer,66.3,Average,94.9,98.0,Tech
B.Com,Hons,1,7.9,68,4.1,3.4,7.5,8.1,89,84,2,3,4,4,85,43,71,66,56,50,54,1,60,75,Placement,Product Manager,60.1,Average,59.9,46.0,Commerce
BBA,HR,2,6.83,57,2.8,2.7,6.8,8.3,88,82,2,4,3,3,46,47,54,86,56,57,58,0,61,89,Government Job,UI/UX Designer,46.5,At Risk,60.0,59.4,Management
B.Tech,ECE,1,8.84,74,4.8,3.1,7.3,5.6,99,99,0,3,2,3,77,73,55,63,61,46,60,1,68,74,Higher Studies,Cybersecurity Analyst,86.8,Good,69.2,55.8,Tech
B.Tech,CSE,3,7.0,62,2.6,1.3,6.7,7.4,77,79,3,0,1,2,44,60,54,34,58,54,49,1,46,51,Research,Cybersecurity Analyst,41.9,At Risk,24.1,20.2,Tech
BCA,General,3,7.21,75,5.2,2.3,7.5,4.4,93,85,1,6,4,5,66,55,67,59,74,55,59,1,74,80,Research,Data Analyst,64.8,Average,72.6,70.1,Tech
BCA,General,2,7.15,84,3.3,3.8,7.6,4.8,86,86,1,8,6,6,99,31,68,72,64,59,53,1,86,72,Placement,Data Engineer,61.9,Average,84.4,94.7,Tech
B.Tech,AI&DS,3,8.74,74,6.3,3.2,6.7,5.0,93,96,0,5,2,2,60,69,70,65,43,74,66,2,74,69,Higher Studies,Data Analyst,89.5,Good,65.3,69.2,Tech
B.Com,General,3,8.22,69,4.8,3.5,6.9,6.7,92,91,1,6,6,6,86,56,94,71,70,68,75,1,93,88,Placement,Product Manager,69.8,Average,89.1,62.4,Commerce
B.Com,Hons,2,7.42,67,4.7,3.8,7.7,6.3,88,81,0,3,3,4,55,61,54,61,34,69,62,1,56,66,Government Job,Product Manager,64.8,Average,47.4,48.0,Commerce
Law,Corporate,2,8.3,57,4.5,1.9,6.7,6.9,86,78,1,3,2,0,58,23,75,42,49,64,68,1,55,51,Higher Studies,Data Analyst,65.2,Average,44.4,48.4,Law
BBA,HR,1,7.23,75,4.0,1.7,8.2,7.4,86,88,3,1,1,2,62,22,50,61,53,66,72,1,60,50,Startup,Product Manager,45.0,At Risk,35.8,33.3,Management
BCA,General,4,8.28,76,4.9,2.8,7.2,4.4,87,86,1,7,2,4,72,71,78,74,51,68,73,1,97,59,Placement,Frontend Developer,73.8,Average,73.2,65.9,Tech
BCA,General,1,8.01,62,4.8,3.4,6.8,9.7,82,97,0,7,5,5,81,38,87,74,81,66,71,0,66,82,Higher Studies,Data Engineer,74.7,Average,85.0,59.1,Tech
B.Tech,CSE,1,6.85,74,2.5,3.0,6.5,8.8,88,85,4,6,2,3,65,37,69,66,60,63,47,1,66,86,Placement,Backend Developer,42.7,At Risk,69.4,60.8,Tech
B.Tech,AI&DS,3,6.62,66,3.2,2.0,6.9,5.7,86,78,2,4,4,3,50,31,82,48,58,51,61,0,44,88,Placement,DevOps Engineer,49.0,At Risk,57.8,48.8,Tech
B.Tech,ECE,1,7.83,77,4.4,4.0,7.6,6.2,83,90,1,4,4,5,64,24,67,65,55,56,51,1,65,76,Government Job,Software Engineer,67.5,Average,68.4,61.5,Tech
B.Tech,AI&DS,1,8.71,85,6.7,3.6,8.0,5.9,100,98,0,4,2,4,73,54,76,53,75,37,59,0,55,85,Placement,Cybersecurity Analyst,83.8,Good,68.7,59.9,Tech
B.Tech,CSE,2,8.27,88,6.4,3.9,6.2,7.1,100,100,0,5,3,4,92,81,99,55,54,81,70,2,87,87,Research,Data Analyst,83.6,Good,83.3,64.1,Tech
B.Tech,AI&DS,1,7.73,62,4.7,3.2,7.4,5.6,96,94,2,5,4,5,59,41,76,71,66,54,58,0,59,64,Placement,Backend Developer,62.2,Average,57.3,69.9,Tech
BCA,General,1,8.07,64,5.1,2.9,6.8,7.0,100,89,0,8,4,4,59,73,99,100,74,65,61,2,84,69,Research,Business Analyst,74.9,Average,81.3,57.4,Tech
BBA,Marketing,3,8.18,89,4.6,3.3,7.1,5.6,90,92,0,7,5,8,82,55,72,67,67,70,72,2,94,98,Freelancing,UI/UX Designer,79.7,Good,95.3,82.5,Management
Law,Criminal,1,8.56,90,6.7,3.8,6.6,4.1,97,99,0,9,5,7,79,96,80,89,67,83,70,2,91,76,Government Job,Product Manager,84.9,Good,91.2,91.9,Law
B.Tech,IT,4,8.52,90,4.8,1.1,7.0,4.0,100,100,0,3,3,4,70,60,85,70,35,36,33,0,59,78,Research,Cloud Engineer,82.0,Good,51.5,67.0,Tech
B.Tech,ECE,1,7.18,62,4.3,1.5,6.3,7.2,87,88,1,2,4,5,56,26,75,49,61,61,59,1,56,74,Placement,Frontend Developer,59.0,Average,51.2,53.2,Tech
BCA,General,2,6.37,63,2.1,0.3,5.9,6.0,71,65,4,1,3,2,41,52,54,41,49,67,57,0,48,48,Placement,Data Engineer,25.7,At Risk,26.6,46.3,Tech
BBA,Marketing,3,8.1,59,4.0,1.8,6.6,6.5,94,83,3,4,4,6,61,52,65,54,67,61,66,1,66,70,Freelancing,Business Analyst,52.4,At Risk,51.7,45.1,Management
B.Tech,CSE,1,8.07,55,5.0,2.7,6.2,7.6,91,92,1,4,6,3,68,38,93,84,67,51,63,1,66,67,Higher Studies,Backend Developer,63.6,Average,63.7,63.1,Tech
B.Tech,IT,2,7.44,57,5.4,3.3,6.0,8.0,95,92,1,6,5,7,66,32,69,65,60,68,55,1,68,100,Startup,Backend Developer,59.8,Average,66.3,55.2,Tech
BCA,General,2,6.53,72,3.5,0.5,7.9,7.7,80,79,1,4,0,1,79,52,51,49,51,67,68,0,56,58,Government Job,Frontend Developer,55.9,Average,40.5,57.3,Tech
BCA,General,3,8.17,70,5.8,3.4,6.5,8.2,87,91,2,6,7,3,92,61,80,74,76,62,73,3,94,71,Freelancing,Software Engineer,60.5,Average,82.0,77.1,Tech
BCA,General,4,7.48,71,2.9,3.2,6.2,10.6,83,73,3,8,5,7,79,56,100,66,73,59,59,2,97,82,Government Job,Backend Developer,43.6,At Risk,81.3,66.4,Tech
B.Tech,ECE,2,8.64,83,6.1,4.6,6.6,6.4,94,100,0,7,6,7,93,76,86,66,67,71,78,2,85,98,Research,Cybersecurity Analyst,83.6,Good,90.0,85.1,Tech
BBA,Marketing,4,7.91,64,3.6,1.3,7.4,6.8,93,83,1,3,2,2,60,47,60,64,66,58,59,1,62,82,Government Job,Product Manager,65.4,Average,59.5,48.6,Management
B.Tech,ECE,1,8.07,77,3.8,3.2,7.0,7.4,89,96,0,5,5,6,63,74,90,64,65,70,75,0,71,90,Startup,Full Stack Developer,73.9,Average,78.3,68.5,Tech
BCA,General,3,6.7,60,3.6,4.6,6.4,6.6,83,78,1,6,6,4,96,47,74,75,61,63,52,3,90,89,Freelancing,Software Engineer,54.5,At Risk,90.5,68.5,Tech
Law,Criminal,2,7.48,73,4.1,1.6,7.6,6.3,89,88,1,4,2,2,50,49,58,40,40,66,63,1,62,49,Placement,Business Analyst,63.3,Average,51.7,40.8,Law
BCA,General,3,7.16,73,2.7,2.6,7.3,7.5,85,84,0,4,2,4,34,57,60,66,51,56,54,1,60,71,Higher Studies,Cybersecurity Analyst,61.4,Average,61.6,65.7,Tech
B.Tech,ECE,2,6.59,69,3.4,3.3,7.1,8.2,76,81,3,4,4,5,71,61,78,57,61,64,57,2,62,85,Higher Studies,Data Analyst,40.4,At Risk,55.9,80.4,Tech
BCA,General,4,7.75,82,5.1,3.9,8.2,7.9,94,91,1,5,6,5,83,65,69,48,47,79,87,2,74,76,Placement,Business Analyst,67.2,Average,67.0,84.0,Tech
BCA,General,1,6.23,72,2.4,3.6,7.3,2.0,84,73,1,7,6,7,84,79,68,85,54,61,58,2,87,100,Startup,Data Engineer,49.4,At Risk,87.8,87.5,Tech
Law,Corporate,2,8.29,67,1.1,4.1,6.5,8.0,87,85,3,8,7,6,94,50,72,83,61,60,65,1,87,76,Research,Cybersecurity Analyst,55.0,At Risk,81.7,67.8,Law
B.Tech,AI&DS,3,6.75,54,2.7,3.4,7.8,6.1,74,78,4,3,2,3,68,50,61,77,35,70,61,1,64,73,Placement,UI/UX Designer,30.2,At Risk,48.5,63.0,Tech
B.Tech,AI&DS,3,8.0,79,4.6,3.5,6.7,7.1,93,95,0,4,5,3,73,49,65,68,63,75,69,2,74,70,Placement,Business Analyst,75.0,Average,73.2,64.9,Tech
BCA,General,2,7.75,77,4.8,3.8,7.5,7.7,88,87,1,5,3,5,58,52,63,54,53,59,51,1,61,68,Government Job,Full Stack Developer,65.6,Average,54.1,54.5,Tech
BBA,HR,4,8.43,88,7.1,2.6,7.1,4.9,100,100,0,3,2,3,64,64,70,62,39,78,76,1,62,83,Higher Studies,Business Analyst,85.3,Good,59.3,53.9,Management
B.Tech,ECE,2,8.74,80,5.5,3.6,7.5,7.6,100,95,0,9,5,7,92,38,100,66,74,59,66,1,68,97,Freelancing,Software Engineer,85.6,Good,91.3,81.7,Tech
BBA,HR,4,7.18,69,4.3,1.9,8.2,5.8,86,85,4,3,1,0,54,46,40,67,51,65,54,1,49,58,Placement,Business Analyst,35.2,At Risk,41.5,47.6,Management
Law,Corporate,4,7.56,68,4.3,1.5,6.7,6.6,87,87,3,1,1,0,31,29,62,50,49,66,58,0,41,71,Higher Studies,Data Analyst,45.0,At Risk,32.7,23.5,Law
B.Com,General,1,8.02,81,7.2,3.6,6.7,3.0,100,92,0,7,4,5,71,64,81,59,76,85,66,1,69,100,Government Job,Product Manager,82.0,Good,85.9,70.8,Commerce
BBA,Finance,3,8.05,72,5.7,2.7,7.3,4.4,96,93,0,5,3,3,96,90,72,52,77,82,78,1,70,83,Government Job,Product Manager,76.6,Good,77.0,76.4,Management
B.Tech,AI&DS,4,5.98,68,1.3,3.4,6.8,7.7,75,76,1,6,5,6,65,37,48,48,62,45,41,1,65,80,Placement,Cloud Engineer,44.9,At Risk,62.1,65.9,Tech
B.Com,Hons,1,8.1,69,4.5,5.0,6.4,10.0,89,91,1,8,5,4,73,34,90,60,59,73,61,2,88,88,Higher Studies,Business Analyst,69.7,Average,86.4,64.0,Commerce
B.Com,General,3,7.02,65,3.5,2.5,6.3,6.1,82,82,4,2,3,4,64,28,72,49,35,47,70,1,70,89,Startup,Data Analyst,36.8,At Risk,47.3,52.8,Commerce
B.Tech,CSE,3,7.26,62,2.3,4.2,7.1,6.5,78,78,1,6,4,5,96,36,97,83,48,58,51,1,64,75,Freelancing,Backend Developer,53.6,At Risk,77.2,63.7,Tech
B.Tech,CSE,2,7.09,67,2.0,1.0,7.9,8.4,71,76,1,2,2,3,37,54,54,48,47,46,53,1,55,69,Placement,UI/UX Designer,50.2,At Risk,45.0,59.4,Tech
B.Tech,CSE,2,7.27,69,4.5,3.7,6.7,7.1,96,92,0,7,5,2,52,47,74,59,65,53,63,1,65,78,Government Job,Cloud Engineer,72.3,Average,76.3,69.1,Tech
BCA,General,3,8.02,73,4.0,2.5,7.2,6.4,81,80,3,5,4,3,55,16,59,59,55,36,49,0,48,88,Freelancing,Software Engineer,51.9,At Risk,50.1,48.3,Tech
B.Com,General,1,7.18,67,2.8,1.7,8.0,7.1,77,82,1,3,4,2,60,67,62,75,45,78,63,2,79,81,Startup,Product Manager,54.4,At Risk,64.3,70.7,Commerce
B.Tech,CSE,1,7.42,70,4.5,3.2,5.8,8.5,89,84,4,7,4,6,87,49,69,46,75,63,65,2,91,69,Placement,Backend Developer,41.5,At Risk,73.2,48.8,Tech
B.Tech,CSE,2,7.87,74,4.9,3.5,7.3,3.4,89,85,1,5,3,4,89,48,76,56,59,62,52,1,53,57,Startup,Data Analyst,67.1,Average,63.1,35.9,Tech
B.Com,General,4,8.94,81,7.0,3.1,6.7,4.7,98,100,0,4,2,3,51,52,76,69,41,75,69,2,60,77,Placement,Data Analyst,84.7,Good,54.4,62.2,Commerce
B.Tech,IT,2,7.55,59,4.2,3.0,7.0,5.9,83,81,0,5,6,5,55,61,57,79,52,57,66,0,50,78,Startup,Data Engineer,62.9,Average,56.4,35.1,Tech
B.Tech,AI&DS,1,6.59,69,3.3,3.6,7.8,4.7,75,74,3,4,3,2,70,39,66,51,41,56,49,0,62,74,Government Job,Backend Developer,38.7,At Risk,45.0,66.2,Tech
B.Tech,ECE,2,8.75,77,5.8,2.6,7.2,5.7,100,100,0,3,3,6,83,38,81,70,41,48,55,1,51,62,Placement,AI Engineer,85.1,Good,55.2,56.3,Tech
BCA,General,3,8.02,72,3.5,3.3,6.6,7.2,83,90,0,5,4,2,80,28,82,70,60,42,46,1,63,70,Placement,Full Stack Developer,74.3,Average,60.2,57.4,Tech
B.Tech,IT,3,7.87,57,4.7,1.5,6.6,6.7,92,84,1,2,3,3,66,54,72,50,63,73,70,0,46,61,Freelancing,UI/UX Designer,64.6,Average,40.5,59.8,Tech
B.Tech,CSE,3,7.62,52,2.6,0.7,6.6,6.2,88,79,4,2,2,0,43,25,70,63,33,44,52,0,35,62,Placement,Frontend Developer,38.9,At Risk,23.5,58.2,Tech
B.Tech,ECE,4,8.37,63,5.1,3.8,6.5,9.7,88,88,3,6,5,5,71,50,93,71,70,70,75,2,87,91,Placement,Backend Developer,55.8,Average,82.0,73.7,Tech
B.Tech,ECE,2,7.13,71,3.7,2.3,8.0,6.5,85,84,1,4,1,2,44,38,47,48,60,67,60,1,58,69,Freelancing,Product Manager,58.1,Average,55.0,58.2,Tech
BCA,General,2,6.11,65,2.4,0.5,7.8,4.9,74,64,4,1,1,0,65,50,65,52,25,47,50,0,40,57,Placement,Frontend Developer,22.6,At Risk,23.6,27.0,Tech
B.Com,General,4,6.92,69,1.5,2.8,7.2,3.3,79,86,3,5,4,5,80,62,59,60,46,50,61,1,56,73,Higher Studies,Business Analyst,46.3,At Risk,56.4,39.5,Commerce
BCA,General,2,7.09,76,4.6,3.1,7.7,6.4,85,84,0,4,1,4,66,40,62,65,40,38,54,1,60,72,Placement,UI/UX Designer,67.2,Average,56.4,40.2,Tech
B.Tech,ECE,2,7.36,63,3.4,2.8,7.4,6.9,91,92,2,4,4,5,65,27,78,76,43,41,40,0,47,83,Placement,AI Engineer,53.9,At Risk,52.6,66.3,Tech
B.Tech,CSE,4,9.26,69,7.6,2.7,8.1,4.4,100,100,0,5,3,3,68,55,90,68,78,72,66,1,69,70,Research,Business Analyst,86.1,Good,76.1,58.8,Tech
B.Tech,AI&DS,3,7.56,64,2.4,2.6,6.6,6.7,83,76,4,5,3,1,76,27,76,64,42,57,51,1,58,67,Startup,QA Engineer,41.9,At Risk,54.8,69.8,Tech
BCA,General,4,7.81,71,5.3,3.5,6.5,8.5,96,92,1,5,4,4,69,38,83,58,72,59,58,1,79,76,Placement,Data Engineer,66.9,Average,75.9,53.1,Tech
B.Tech,AI&DS,1,8.65,85,6.3,3.6,7.3,8.6,98,96,0,5,5,7,67,60,97,73,50,65,76,1,83,100,Placement,AI Engineer,86.3,Good,84.0,63.2,Tech
Law,Corporate,3,6.7,78,1.8,2.2,6.0,7.8,74,67,4,4,1,4,72,57,53,52,44,43,68,0,55,71,Government Job,Product Manager,31.3,At Risk,34.4,42.1,Law
B.Tech,AI&DS,2,6.69,68,2.2,1.9,7.0,6.4,86,77,1,4,4,4,51,38,71,62,58,58,45,0,54,92,Placement,Data Engineer,54.7,At Risk,55.0,65.9,Tech
BBA,Marketing,2,7.68,76,2.7,3.0,6.1,5.7,88,79,0,4,4,5,71,37,66,54,52,66,70,0,77,75,Research,UI/UX Designer,65.9,Average,66.0,49.2,Management
B.Tech,CSE,2,8.12,65,3.4,4.5,5.2,7.7,87,92,1,7,5,6,52,33,89,73,62,46,59,1,67,91,Placement,Backend Developer,68.3,Average,70.0,58.5,Tech
B.Tech,ECE,2,6.9,76,4.0,2.8,7.8,3.9,95,81,1,4,3,7,86,50,69,88,68,58,64,1,71,72,Government Job,DevOps Engineer,60.4,Average,71.9,55.2,Tech
BBA,Finance,4,8.01,70,4.3,2.0,7.0,7.0,94,98,0,1,2,0,56,54,54,55,48,57,63,0,43,60,Government Job,Product Manager,77.2,Good,32.4,58.3,Management
B.Tech,AI&DS,2,8.96,100,6.4,4.3,7.8,5.2,100,97,0,9,5,7,78,43,75,76,60,55,69,1,69,91,Higher Studies,Data Engineer,94.7,Excellent,81.3,72.3,Tech
BCA,General,1,7.3,61,2.3,0.0,6.7,7.9,91,86,1,3,3,0,58,40,71,54,39,41,46,0,39,63,Placement,Data Engineer,57.0,Average,46.4,49.4,Tech
Law,Criminal,3,7.65,91,5.3,3.2,7.5,6.2,93,95,0,6,3,6,63,77,56,73,59,87,85,2,80,87,Higher Studies,Business Analyst,76.8,Good,80.4,59.1,Law
B.Tech,CSE,4,8.23,79,5.7,4.1,7.7,7.0,99,97,0,6,4,7,73,50,95,70,77,51,60,2,87,95,Startup,Cloud Engineer,84.0,Good,83.0,70.8,Tech
B.Tech,IT,2,7.22,76,6.0,0.5,8.0,5.3,93,91,0,2,0,5,63,43,54,42,41,49,45,0,42,67,Research,Business Analyst,66.2,Average,30.6,33.4,Tech
B.Tech,AI&DS,1,7.21,70,3.3,3.0,7.0,6.6,88,82,0,5,2,7,76,43,65,59,36,64,58,0,73,74,Startup,Business Analyst,65.5,Average,63.7,82.6,Tech
B.Tech,CSE,3,6.61,75,2.9,1.0,7.8,6.4,90,80,1,1,1,1,62,48,48,39,31,45,56,0,36,67,Placement,DevOps Engineer,51.9,At Risk,29.8,37.5,Tech
B.Tech,ECE,3,7.69,74,4.1,4.4,6.6,3.1,87,87,0,6,3,4,82,43,67,71,37,53,53,2,71,85,Freelancing,Full Stack Developer,68.3,Average,75.5,43.5,Tech
B.Tech,CSE,3,6.62,65,3.3,1.8,6.7,9.3,76,79,1,5,4,8,82,56,74,66,61,61,57,0,58,86,Government Job,Data Analyst,46.0,At Risk,65.4,46.5,Tech
BCA,General,1,7.86,72,6.3,3.8,7.1,8.7,98,94,0,5,4,5,93,72,74,79,80,60,84,1,78,91,Research,Backend Developer,73.4,Average,81.6,43.9,Tech
B.Com,General,1,7.92,61,5.1,3.2,6.9,7.3,87,88,0,4,3,5,64,60,66,77,50,74,77,1,71,95,Placement,Business Analyst,72.7,Average,80.1,49.8,Commerce
BBA,Marketing,4,7.61,80,4.9,0.2,6.1,2.9,92,88,0,0,1,1,28,40,45,45,45,62,58,0,41,62,Placement,Product Manager,73.2,Average,38.8,21.3,Management
B.Tech,IT,3,7.21,68,4.4,3.7,6.1,4.8,86,89,0,4,4,5,65,36,67,70,69,52,68,0,50,93,Government Job,Backend Developer,67.2,Average,55.1,66.2,Tech
B.Tech,IT,2,8.28,80,4.9,3.2,7.2,8.1,92,87,1,5,4,5,69,73,84,78,56,68,63,1,82,97,Higher Studies,Product Manager,73.9,Average,82.8,66.7,Tech
B.Tech,CSE,1,6.23,66,2.8,0.6,6.5,6.6,69,82,2,3,1,1,52,31,52,53,66,44,61,0,35,56,Government Job,Software Engineer,39.3,At Risk,29.0,24.1,Tech
B.Tech,ECE,2,8.63,79,5.7,3.1,6.5,7.4,92,93,1,3,2,5,51,55,77,52,59,56,52,0,49,79,Higher Studies,Data Engineer,74.1,Average,51.9,72.3,Tech
BBA,HR,2,6.94,64,1.0,0.0,7.3,8.3,81,76,4,1,1,0,63,44,38,52,36,72,58,0,48,51,Placement,Business Analyst,28.7,At Risk,23.8,31.2,Management
B.Tech,IT,1,7.17,79,3.1,0.8,7.4,2.0,86,83,0,2,2,2,77,32,41,49,67,81,67,0,42,60,Startup,Data Analyst,66.4,Average,49.8,66.0,Tech
BBA,Finance,3,7.36,71,4.4,2.7,6.8,3.9,85,83,0,4,4,4,75,44,65,67,56,75,62,1,73,83,Higher Studies,UI/UX Designer,68.4,Average,68.3,58.3,Management
Law,Corporate,1,7.2,62,2.7,1.5,6.3,7.6,82,88,2,1,3,2,52,53,68,81,37,57,63,0,43,60,Placement,Product Manager,53.0,At Risk,45.0,41.7,Law
BCA,General,4,8.27,76,5.5,5.4,7.8,4.3,100,99,0,8,7,7,90,29,80,87,71,50,78,2,93,76,Research,Cloud Engineer,81.0,Good,88.8,80.8,Tech
BBA,HR,1,8.35,79,5.8,2.5,7.2,7.4,94,97,1,3,3,4,60,62,65,89,70,70,63,1,61,84,Higher Studies,Product Manager,73.7,Average,72.1,76.8,Management
BCA,General,4,7.09,89,3.1,2.7,7.6,3.9,89,82,1,5,4,6,78,85,75,61,59,56,65,0,64,72,Research,Frontend Developer,58.2,Average,66.7,58.2,Tech
B.Tech,AI&DS,2,6.47,72,2.7,0.4,6.0,5.3,77,85,2,1,1,2,51,37,63,59,46,66,66,0,39,62,Placement,Business Analyst,47.1,At Risk,28.1,57.1,Tech
Law,Criminal,2,7.38,70,4.2,1.8,7.6,5.6,89,84,4,0,0,2,48,40,51,39,28,50,50,0,51,54,Higher Studies,Product Manager,44.5,At Risk,26.4,25.6,Law
B.Com,General,3,7.03,85,5.8,2.5,5.5,4.7,96,90,0,3,1,5,32,59,65,63,48,54,62,1,58,56,Government Job,Business Analyst,73.0,Average,50.1,71.0,Commerce
B.Tech,ECE,2,8.07,72,3.6,1.8,7.2,7.0,95,83,0,5,4,5,67,59,74,71,54,60,62,1,62,100,Government Job,QA Engineer,72.4,Average,82.4,71.3,Tech
BBA,HR,1,7.23,60,4.1,2.2,6.5,5.9,85,80,2,4,2,2,39,59,73,53,60,51,63,0,53,90,Government Job,Data Analyst,49.9,At Risk,52.3,51.1,Management
BBA,Marketing,4,8.81,100,6.6,2.8,6.9,2.7,100,100,0,5,3,3,64,86,53,65,42,74,61,1,69,79,Higher Studies,Product Manager,89.3,Good,75.7,59.6,Management
B.Com,General,3,6.55,56,1.1,0.5,6.7,5.6,72,72,4,0,3,1,38,46,50,44,33,50,39,0,35,63,Placement,Product Manager,27.5,At Risk,21.5,37.4,Commerce
B.Tech,IT,3,7.54,66,4.6,2.1,7.0,7.8,91,89,0,3,3,2,77,59,64,42,51,58,65,1,63,58,Placement,Business Analyst,67.5,Average,53.5,59.4,Tech
B.Tech,CSE,2,7.57,66,3.2,2.7,6.1,7.0,86,87,2,5,3,4,58,52,74,57,44,46,50,1,66,84,Freelancing,Machine Learning Engineer,57.2,Average,59.0,60.1,Tech
B.Tech,AI&DS,4,9.03,98,6.2,4.2,7.7,4.6,100,100,0,6,3,3,59,75,68,69,63,74,80,1,60,84,Government Job,Business Analyst,92.7,Excellent,70.0,46.5,Tech
B.Com,Hons,3,8.73,65,6.5,2.5,6.9,7.0,94,90,0,5,3,5,88,43,85,77,68,68,72,2,63,90,Startup,Data Analyst,77.0,Good,78.2,84.3,Commerce
B.Tech,CSE,1,6.75,66,3.1,3.8,7.0,5.7,83,81,1,6,5,7,70,85,66,74,65,72,68,1,80,94,Placement,Full Stack Developer,50.7,At Risk,74.1,62.1,Tech
B.Tech,ECE,4,8.63,76,7.0,1.7,6.9,10.5,100,100,0,4,4,3,52,54,88,54,74,63,87,2,80,85,Higher Studies,Machine Learning Engineer,82.3,Good,75.4,58.2,Tech
Law,Criminal,3,7.87,90,7.0,4.9,6.9,4.0,100,100,0,8,4,8,84,48,81,93,61,73,71,2,100,100,Research,Product Manager,83.8,Good,95.4,64.9,Law
B.Tech,CSE,2,7.29,67,3.5,1.6,6.9,4.9,92,90,1,3,1,3,53,50,70,77,50,63,51,1,54,76,Government Job,Data Analyst,57.7,Average,56.8,61.6,Tech
BCA,General,1,6.77,75,4.5,0.2,6.7,7.8,89,79,3,3,2,4,60,20,47,68,44,34,53,0,48,63,Government Job,UI/UX Designer,45.2,At Risk,30.2,33.4,Tech
BCA,General,1,9.34,84,6.4,4.0,6.7,6.0,100,100,0,8,3,6,78,61,86,69,60,65,72,0,81,88,Research,Full Stack Developer,94.3,Excellent,82.3,63.8,Tech
B.Tech,AI&DS,1,7.87,78,4.7,3.3,6.3,9.6,92,85,2,5,3,4,79,61,94,79,74,68,56,1,66,91,Placement,Data Scientist,63.1,Average,78.2,81.7,Tech
B.Tech,CSE,2,7.73,76,3.1,0.5,7.3,5.1,79,82,0,2,0,0,65,52,69,60,37,54,63,0,35,57,Placement,Business Analyst,61.4,Average,45.0,51.4,Tech
B.Tech,IT,2,7.15,61,3.9,3.5,7.0,7.9,79,84,2,5,6,4,68,60,95,67,72,94,74,2,91,93,Placement,Frontend Developer,44.3,At Risk,83.0,75.1,Tech
B.Tech,CSE,1,8.79,76,5.6,3.3,6.2,5.3,99,92,0,7,4,6,64,62,81,65,82,64,79,2,88,95,Placement,Machine Learning Engineer,85.5,Good,87.0,63.3,Tech
BCA,General,3,7.16,70,3.0,1.8,6.6,3.0,81,84,3,2,1,2,52,44,56,68,25,31,50,0,40,62,Government Job,Cloud Engineer,48.1,At Risk,31.4,38.5,Tech
BCA,General,2,7.57,67,3.6,2.0,6.1,8.6,89,94,2,6,4,4,67,63,80,68,55,70,65,1,75,78,Placement,Data Engineer,56.2,Average,70.0,68.7,Tech
B.Com,General,2,7.36,72,5.7,3.1,6.9,7.1,92,96,0,3,2,3,66,50,60,47,40,53,59,1,56,69,Government Job,Product Manager,73.5,Average,49.6,37.7,Commerce
BBA,Marketing,2,5.59,61,2.0,0.0,7.6,2.7,77,73,1,0,2,2,66,44,66,20,36,56,53,0,39,41,Placement,Product Manager,38.4,At Risk,24.6,27.3,Management
BCA,General,2,8.26,81,6.2,4.7,6.2,5.6,100,94,0,7,7,7,92,72,82,57,64,79,86,2,92,84,Placement,Backend Developer,81.2,Good,94.4,84.8,Tech
B.Tech,ECE,2,7.18,74,4.7,1.4,6.7,4.1,96,94,1,2,0,4,20,52,60,53,29,56,51,0,46,81,Placement,UI/UX Designer,66.5,Average,32.3,40.9,Tech
BBA,HR,1,7.77,69,4.6,2.3,7.7,7.8,90,89,1,3,3,4,60,73,55,77,20,81,77,1,82,75,Startup,Product Manager,63.7,Average,59.5,74.3,Management
BBA,Finance,2,7.46,63,4.4,2.0,6.2,7.4,87,83,1,3,2,2,52,28,52,63,50,45,61,0,50,56,Placement,Data Analyst,61.7,Average,40.2,27.7,Management
B.Tech,AI&DS,2,7.92,66,4.2,4.2,6.9,7.1,94,86,1,8,7,8,99,45,77,77,78,58,65,2,85,98,Placement,Software Engineer,71.1,Average,90.6,71.4,Tech
B.Tech,AI&DS,3,7.55,63,3.6,3.1,6.9,6.8,94,94,1,5,4,4,89,42,93,88,75,54,60,1,73,89,Placement,Full Stack Developer,64.0,Average,76.9,56.7,Tech
B.Com,Hons,2,8.06,75,3.9,4.4,8.3,6.2,89,88,1,8,3,6,92,59,67,51,55,58,88,1,91,77,Startup,Business Analyst,73.2,Average,79.1,67.5,Commerce
BBA,HR,3,8.73,89,6.3,2.5,6.5,4.9,100,100,0,2,1,2,65,48,64,55,44,56,62,0,43,75,Higher Studies,Data Analyst,84.0,Good,40.7,35.9,Management
B.Tech,CSE,2,7.77,88,4.6,4.1,7.1,6.6,95,91,1,8,5,3,76,63,68,74,61,67,59,1,74,82,Freelancing,DevOps Engineer,73.6,Average,76.5,75.6,Tech
B.Tech,IT,4,7.65,82,3.1,3.1,7.5,5.3,85,83,2,5,2,3,76,36,40,58,49,44,63,1,47,68,Startup,Cloud Engineer,57.6,Average,45.0,68.1,Tech
B.Com,Hons,1,6.7,71,3.4,2.8,6.1,7.9,81,76,1,2,3,6,47,76,53,59,41,93,57,1,57,80,Startup,Product Manager,59.2,Average,50.3,53.4,Commerce
B.Com,General,3,8.11,72,7.4,2.4,7.2,4.5,100,100,0,4,3,3,60,54,76,60,62,75,80,2,57,84,Government Job,Business Analyst,80.9,Good,67.0,63.3,Commerce
BBA,HR,2,8.0,75,4.9,2.8,7.2,4.2,93,87,0,8,4,4,76,60,69,66,59,62,71,1,71,89,Placement,Product Manager,72.6,Average,79.0,58.3,Management
BCA,General,2,7.49,61,1.9,2.5,5.6,7.6,78,80,1,7,5,3,72,13,78,74,70,34,65,1,74,81,Government Job,Data Engineer,59.1,Average,80.6,76.6,Tech
B.Tech,ECE,1,6.32,64,2.0,2.0,7.5,4.4,88,79,3,3,2,3,80,70,61,73,50,68,77,0,67,75,Placement,Data Analyst,33.9,At Risk,58.2,46.4,Tech
BBA,Finance,2,7.36,48,3.8,0.6,5.9,5.8,77,83,1,1,1,2,50,52,57,48,31,75,63,1,49,70,Government Job,UI/UX Designer,53.5,At Risk,44.4,46.1,Management
Law,Criminal,1,6.07,68,1.5,0.3,8.3,7.5,72,81,2,2,0,1,54,62,53,38,49,53,58,0,35,59,Research,Product Manager,36.0,At Risk,23.5,36.8,Law
BBA,HR,3,6.95,64,4.0,2.7,6.8,6.9,88,79,2,2,3,6,65,41,69,65,84,51,58,1,51,80,Freelancing,Product Manager,53.4,At Risk,60.3,44.1,Management
B.Tech,AI&DS,3,7.28,68,2.9,2.8,7.3,4.0,84,84,1,6,3,4,66,34,65,51,53,55,62,0,63,74,Placement,Cloud Engineer,57.9,Average,54.9,61.3,Tech
B.Tech,ECE,3,8.22,76,4.2,3.4,7.9,5.0,86,90,2,5,3,3,45,57,66,55,86,76,64,2,76,64,Research,UI/UX Designer,65.2,Average,70.0,61.3,Tech
BBA,HR,4,6.78,76,6.2,2.6,8.4,6.1,91,91,1,4,2,6,46,66,55,62,44,86,72,1,86,73,Placement,Product Manager,61.8,Average,68.6,66.1,Management
BBA,Marketing,2,8.04,67,5.0,2.9,5.7,6.8,87,93,0,4,5,5,62,59,97,81,59,57,74,1,76,78,Placement,UI/UX Designer,70.6,Average,72.4,58.6,Management
B.Tech,IT,3,9.1,76,6.1,3.1,6.3,6.3,100,100,0,6,5,7,52,73,83,51,82,69,67,2,92,92,Freelancing,DevOps Engineer,82.2,Good,90.6,63.7,Tech
B.Tech,CSE,4,7.82,66,5.0,4.9,6.2,6.1,86,77,4,6,5,7,68,40,75,66,78,70,56,2,87,95,Higher Studies,Software Engineer,49.9,At Risk,81.1,80.7,Tech
Law,Criminal,2,6.48,60,1.6,1.2,5.7,7.9,72,71,1,2,2,0,70,32,56,49,30,61,52,0,58,71,Placement,Product Manager,44.3,At Risk,47.3,46.3,Law
B.Tech,ECE,2,7.92,66,4.3,3.2,6.9,6.5,90,92,2,6,3,5,80,15,87,69,66,53,70,1,83,90,Freelancing,Data Scientist,57.7,Average,77.0,68.4,Tech
BBA,HR,3,8.54,88,6.3,2.9,8.0,7.2,100,99,0,5,3,3,81,63,73,79,56,71,80,0,66,83,Government Job,Business Analyst,85.1,Good,69.0,53.8,Management
BCA,General,1,6.16,50,3.7,0.7,6.1,6.6,78,81,3,2,2,0,45,35,46,33,28,64,64,0,43,57,Placement,UI/UX Designer,35.1,At Risk,25.5,45.0,Tech
BCA,General,4,8.34,73,5.0,2.0,7.9,7.3,95,84,2,5,4,5,73,49,86,57,61,59,50,1,63,84,Startup,QA Engineer,60.1,Average,70.0,57.7,Tech
BCA,General,2,7.76,76,6.1,4.8,6.4,6.1,93,90,0,6,7,6,72,40,85,73,66,79,76,2,75,97,Freelancing,Full Stack Developer,81.7,Good,83.3,75.9,Tech
Law,Criminal,3,6.32,61,3.6,2.1,6.9,6.6,81,80,1,3,0,1,58,67,59,45,33,55,67,1,57,64,Placement,Product Manager,48.4,At Risk,39.6,59.2,Law
B.Tech,CSE,1,8.22,82,6.2,3.8,7.7,3.9,94,94,0,5,3,5,71,49,85,48,47,58,81,1,71,87,Government Job,AI Engineer,79.8,Good,77.8,61.4,Tech
B.Com,Hons,2,8.74,71,5.8,4.7,6.7,5.7,95,96,1,6,4,6,85,95,86,58,52,94,84,3,100,88,Research,Business Analyst,80.3,Good,84.9,79.5,Commerce
B.Tech,CSE,3,8.21,78,5.1,3.3,8.1,6.8,96,88,0,8,2,6,62,60,65,65,62,74,63,1,88,73,Higher Studies,DevOps Engineer,78.4,Good,75.0,61.7,Tech
B.Tech,AI&DS,3,7.44,64,3.6,3.4,6.5,9.9,88,88,2,5,6,4,71,39,86,59,76,60,63,2,68,86,Placement,Machine Learning Engineer,52.8,At Risk,72.4,69.7,Tech
B.Tech,CSE,3,9.08,77,5.8,2.3,6.8,8.5,99,100,1,5,4,4,45,50,78,55,44,53,63,0,65,84,Higher Studies,Data Scientist,82.9,Good,54.4,53.2,Tech
Law,Corporate,3,7.71,75,3.8,4.7,7.3,5.8,92,86,0,5,5,5,89,71,81,77,63,63,91,1,79,90,Placement,Data Analyst,73.7,Average,79.1,72.1,Law
B.Tech,ECE,4,6.94,66,2.9,2.3,7.4,4.2,80,87,1,4,3,3,70,44,58,36,39,46,44,1,67,65,Placement,AI Engineer,57.7,Average,48.8,46.3,Tech
B.Tech,AI&DS,2,7.74,68,3.6,3.4,7.3,7.1,89,91,2,5,6,6,99,43,82,79,72,50,68,1,66,95,Placement,Backend Developer,56.5,Average,84.5,65.1,Tech
Law,Corporate,2,7.96,66,2.7,3.5,8.5,6.3,89,91,0,3,4,5,58,34,73,55,51,67,52,1,47,79,Government Job,Cybersecurity Analyst,68.5,Average,63.7,70.7,Law
BCA,General,4,8.46,72,7.1,4.2,6.9,6.0,95,95,1,7,4,4,73,38,96,57,70,59,90,2,88,79,Placement,UI/UX Designer,77.4,Good,83.2,72.3,Tech
Law,Criminal,2,7.16,72,4.5,3.4,7.7,7.7,82,81,3,5,1,6,68,57,69,77,77,69,67,1,72,94,Research,Business Analyst,45.5,At Risk,70.0,78.0,Law
B.Tech,IT,3,8.09,56,4.7,3.5,6.1,6.0,87,96,1,5,5,3,76,49,74,70,67,51,62,2,83,72,Higher Studies,AI Engineer,61.1,Average,75.0,64.5,Tech
B.Tech,AI&DS,2,6.72,70,3.5,0.8,7.4,6.1,82,76,3,2,0,5,69,45,61,51,55,54,51,0,49,55,Placement,DevOps Engineer,38.3,At Risk,33.5,31.1,Tech
B.Tech,IT,4,7.09,57,2.8,2.4,6.7,6.1,75,79,2,6,4,2,94,19,77,78,61,47,54,1,56,77,Higher Studies,Data Engineer,46.9,At Risk,70.0,58.2,Tech
B.Tech,CSE,3,7.64,67,3.8,2.8,6.3,5.8,88,90,0,6,4,2,68,44,57,75,55,57,77,1,70,77,Placement,Business Analyst,67.5,Average,60.2,62.7,Tech
B.Tech,CSE,3,7.79,65,3.1,2.3,7.3,9.9,87,86,3,5,6,2,74,48,86,62,67,40,44,2,74,75,Higher Studies,AI Engineer,53.1,At Risk,70.0,61.4,Tech
B.Tech,IT,1,8.39,80,5.8,3.5,6.3,6.9,94,90,2,5,5,5,80,49,100,59,88,65,74,2,76,84,Freelancing,Data Scientist,66.8,Average,78.4,54.5,Tech
Law,Corporate,2,7.05,72,4.3,4.6,7.1,6.2,86,84,1,6,5,7,63,59,93,77,72,70,61,1,77,96,Freelancing,Cybersecurity Analyst,59.9,Average,83.2,48.8,Law
BBA,Marketing,3,7.61,71,5.1,3.6,7.2,5.5,99,100,0,3,2,4,53,43,87,69,22,51,73,1,68,80,Higher Studies,Data Analyst,72.0,Average,61.7,74.7,Management
B.Tech,CSE,1,7.61,66,5.2,0.8,7.0,5.7,93,100,1,4,1,3,46,44,91,48,51,43,58,0,59,71,Higher Studies,Software Engineer,63.9,Average,54.0,42.0,Tech
B.Tech,CSE,3,8.46,72,5.1,3.1,6.3,7.7,94,98,0,4,2,5,63,49,89,76,57,72,65,1,63,88,Placement,Full Stack Developer,79.5,Good,72.6,68.0,Tech
BBA,HR,4,7.38,61,5.3,1.5,5.9,8.7,87,86,1,3,4,2,72,38,82,61,51,65,74,0,63,83,Placement,Data Analyst,61.1,Average,57.6,63.7,Management
B.Tech,IT,3,6.83,62,1.0,2.7,6.5,8.1,70,75,2,5,5,4,80,57,75,68,71,46,42,1,64,74,Research,Backend Developer,41.7,At Risk,70.0,70.0,Tech
B.Tech,AI&DS,3,8.82,89,6.8,3.2,7.3,5.1,100,100,0,6,6,5,66,69,66,83,67,86,96,2,67,66,Placement,Data Analyst,91.3,Excellent,78.3,34.3,Tech
B.Tech,AI&DS,2,8.25,67,4.8,2.7,7.3,6.3,91,93,0,4,4,6,67,34,72,66,58,66,70,1,87,84,Higher Studies,Product Manager,69.9,Average,74.1,50.5,Tech
BCA,General,1,7.72,74,4.1,2.2,7.0,7.6,92,85,1,3,4,5,80,45,71,51,81,69,66,1,87,92,Higher Studies,UI/UX Designer,64.8,Average,81.2,55.7,Tech
BBA,Marketing,4,7.84,87,3.2,3.1,6.4,6.3,92,85,0,7,4,5,79,69,81,55,68,73,62,1,75,83,Placement,UI/UX Designer,73.5,Average,80.1,71.2,Management
BCA,General,2,7.26,64,3.3,3.2,7.0,9.4,83,82,2,6,4,6,74,48,82,76,76,64,54,2,95,100,Placement,Business Analyst,48.6,At Risk,80.2,68.0,Tech
B.Tech,CSE,4,6.52,74,2.7,4.0,7.9,7.2,79,76,0,4,3,5,66,38,68,66,38,42,36,1,50,78,Placement,Cybersecurity Analyst,57.8,Average,56.2,40.3,Tech
BCA,General,3,7.08,77,2.6,2.6,6.5,6.8,85,85,1,3,4,4,66,40,58,49,50,56,52,1,57,96,Placement,Backend Developer,56.7,Average,59.6,64.9,Tech
B.Tech,ECE,4,8.32,83,6.4,5.9,8.3,4.5,100,100,0,8,6,9,100,56,83,69,78,57,76,3,96,87,Government Job,Full Stack Developer,86.8,Good,95.3,88.1,Tech
B.Tech,ECE,1,7.38,68,4.3,2.7,7.0,6.1,89,86,0,3,3,6,74,58,75,55,54,50,61,1,72,85,Research,Frontend Developer,66.6,Average,69.0,62.5,Tech
BCA,General,4,6.98,68,2.5,1.2,7.4,7.3,84,79,1,2,0,2,70,48,42,42,27,56,53,0,54,53,Higher Studies,QA Engineer,54.9,At Risk,28.8,25.7,Tech
BBA,HR,3,6.46,57,3.4,1.1,6.8,7.3,77,75,4,2,2,5,47,33,46,53,41,54,35,0,46,59,Government Job,Business Analyst,26.1,At Risk,27.9,42.9,Management
BCA,General,3,8.45,77,5.8,3.3,6.3,6.9,99,100,1,5,3,6,69,41,95,81,74,45,64,1,77,80,Startup,Data Analyst,80.2,Good,80.2,55.8,Tech
BCA,General,1,6.57,67,3.4,1.6,7.8,7.1,81,77,1,4,3,4,69,47,71,67,58,60,70,2,73,71,Placement,Frontend Developer,51.6,At Risk,56.9,57.3,Tech
BCA,General,1,6.71,78,4.7,2.4,7.3,3.2,86,79,1,2,1,3,61,43,55,61,47,56,64,0,46,67,Government Job,DevOps Engineer,61.2,Average,37.6,46.7,Tech
B.Com,General,4,8.67,75,4.8,2.6,6.7,6.7,99,89,0,5,4,5,81,44,86,63,55,49,61,1,67,78,Higher Studies,Data Analyst,80.3,Good,73.3,60.9,Commerce
Law,Corporate,2,7.12,81,4.7,3.3,7.3,6.9,94,86,1,6,3,6,65,76,79,73,53,88,84,2,83,91,Government Job,Business Analyst,62.7,Average,80.8,64.7,Law
Law,Criminal,3,8.01,79,4.9,3.5,6.0,6.7,90,87,1,6,5,7,76,57,80,73,70,62,69,1,94,94,Placement,Cybersecurity Analyst,69.4,Average,88.3,68.3,Law
B.Tech,AI&DS,4,6.72,53,1.3,1.7,6.4,4.4,73,77,4,1,0,0,52,51,54,52,44,43,51,1,46,35,Placement,DevOps Engineer,26.4,At Risk,26.7,43.8,Tech
Law,Corporate,1,8.29,93,7.0,3.9,9.0,3.9,99,100,0,4,4,6,75,79,85,48,54,77,70,0,74,84,Startup,Business Analyst,83.7,Good,75.9,61.3,Law
B.Tech,AI&DS,1,7.44,92,5.3,2.2,7.2,6.6,96,93,0,5,3,5,55,60,76,65,36,61,67,0,62,85,Higher Studies,Machine Learning Engineer,75.8,Good,60.6,30.3,Tech
B.Tech,CSE,1,7.74,81,4.1,2.4,7.2,2.9,93,90,2,5,4,3,51,17,55,66,47,48,45,0,66,75,Freelancing,DevOps Engineer,61.4,Average,63.8,47.9,Tech
BBA,Marketing,2,7.84,82,6.2,1.8,6.0,6.6,98,90,0,4,2,4,81,47,72,51,50,71,69,1,52,73,Startup,UI/UX Designer,75.2,Good,56.7,52.5,Management
B.Tech,ECE,4,7.09,76,3.3,1.3,6.6,4.7,81,81,0,3,3,3,57,66,66,58,40,77,59,1,56,64,Placement,Frontend Developer,61.3,Average,55.7,65.3,Tech
B.Tech,AI&DS,4,8.09,69,4.6,2.3,6.2,6.4,95,88,0,6,3,5,57,55,72,59,48,66,66,2,74,62,Higher Studies,Full Stack Developer,71.7,Average,76.7,59.2,Tech
B.Tech,CSE,3,8.33,65,4.4,1.9,7.9,7.5,96,93,0,4,3,5,73,47,79,68,48,41,56,0,61,100,Government Job,Software Engineer,76.2,Good,70.9,53.6,Tech
B.Com,General,1,7.5,67,4.9,1.4,7.7,4.0,92,88,1,3,0,2,55,35,54,42,42,56,36,0,47,58,Placement,Business Analyst,59.4,Average,38.2,43.9,Commerce
B.Com,General,2,8.11,87,6.2,2.0,7.0,5.1,100,96,0,5,3,5,77,70,70,73,46,74,77,2,89,84,Placement,Business Analyst,85.7,Good,80.9,56.0,Commerce
B.Tech,AI&DS,1,7.49,85,5.1,4.5,7.1,4.4,100,94,0,7,4,5,89,52,82,76,55,57,55,1,73,90,Freelancing,QA Engineer,77.5,Good,83.7,74.3,Tech
B.Tech,AI&DS,1,7.27,75,5.1,3.2,7.1,5.3,90,89,1,4,4,5,64,52,49,76,47,53,64,1,79,82,Government Job,Machine Learning Engineer,66.2,Average,74.5,58.1,Tech
Law,Criminal,1,7.83,91,5.5,0.8,6.5,6.6,94,100,0,1,1,2,61,79,52,53,25,81,69,0,46,63,Government Job,Business Analyst,75.4,Good,38.0,42.2,Law
Law,Criminal,1,6.68,62,1.8,1.4,6.7,5.3,76,71,1,3,2,3,56,62,81,59,51,71,65,0,42,69,Startup,Business Analyst,47.5,At Risk,45.0,46.3,Law
BCA,General,2,7.37,64,3.5,3.4,6.5,5.9,82,84,0,7,4,5,86,43,85,65,60,63,68,2,73,73,Placement,Full Stack Developer,64.1,Average,78.5,70.8,Tech
B.Com,General,2,8.28,76,5.9,2.7,8.1,7.9,94,89,0,3,2,4,60,60,60,60,61,75,75,1,68,70,Higher Studies,Business Analyst,80.4,Good,69.8,68.9,Commerce
BBA,Finance,2,8.28,58,4.8,3.6,6.9,4.8,98,90,3,6,4,6,97,66,83,68,63,81,55,1,96,91,Placement,Product Manager,59.8,Average,84.2,68.5,Management
B.Tech,AI&DS,2,6.8,73,2.9,1.1,7.1,4.5,85,81,2,4,5,4,80,66,69,69,40,74,62,1,65,70,Placement,DevOps Engineer,44.2,At Risk,58.7,50.5,Tech
BBA,Finance,3,7.16,71,2.8,1.1,7.4,5.5,85,78,2,3,1,1,72,72,49,66,45,66,66,1,59,63,Placement,Business Analyst,52.5,At Risk,50.8,49.1,Management
BCA,General,2,7.24,89,3.2,3.8,8.1,6.4,82,85,1,3,3,4,58,34,61,62,81,53,64,1,67,84,Research,QA Engineer,58.6,Average,60.9,81.1,Tech
BCA,General,1,7.36,73,4.7,4.2,6.1,7.3,90,89,1,7,5,7,97,54,81,76,62,98,87,2,100,100,Startup,Cloud Engineer,67.8,Average,94.8,92.7,Tech
B.Tech,IT,2,7.68,81,5.9,2.7,6.5,5.7,93,90,0,6,2,5,60,61,80,63,47,77,76,0,71,62,Placement,Business Analyst,74.7,Average,65.1,47.3,Tech
B.Tech,ECE,2,7.6,85,4.7,2.4,7.5,4.4,95,82,1,5,2,4,62,52,65,64,54,50,47,0,55,69,Research,Business Analyst,63.7,Average,58.3,39.1,Tech
BCA,General,2,6.15,59,2.2,3.4,6.0,8.9,70,66,4,6,6,4,60,39,68,59,54,50,30,2,86,89,Placement,Cloud Engineer,25.5,At Risk,71.9,66.4,Tech
B.Tech,AI&DS,2,7.06,82,2.2,3.7,7.3,2.8,82,80,0,5,3,7,84,51,64,74,43,58,42,0,60,78,Government Job,Backend Developer,64.0,Average,70.0,44.1,Tech
B.Tech,AI&DS,1,7.83,90,6.5,3.4,6.8,2.0,100,100,0,5,3,4,65,64,80,88,58,59,67,1,86,78,Government Job,Data Scientist,79.7,Good,70.4,50.0,Tech
B.Tech,CSE,3,7.64,54,3.4,1.8,8.6,7.3,81,82,3,4,4,4,29,49,53,66,50,79,59,2,83,74,Startup,Frontend Developer,42.7,At Risk,63.3,76.2,Tech
BCA,General,1,8.89,74,4.5,4.0,5.4,7.9,97,88,1,6,5,6,70,45,83,67,63,55,61,2,81,100,Placement,Software Engineer,77.1,Good,82.2,83.4,Tech
B.Tech,CSE,4,8.24,66,5.9,4.4,6.3,7.0,100,100,0,5,6,5,79,40,89,61,67,61,80,2,73,85,Placement,AI Engineer,77.3,Good,83.6,80.6,Tech
B.Tech,ECE,4,9.03,96,8.0,2.5,6.9,5.4,100,100,0,4,2,5,76,51,81,49,86,69,78,1,64,80,Higher Studies,Cybersecurity Analyst,89.6,Good,66.6,77.6,Tech
BCA,General,2,7.83,85,4.3,2.3,8.6,2.0,91,87,1,3,1,6,85,52,58,36,49,44,35,0,55,71,Research,Cybersecurity Analyst,72.6,Average,54.6,29.9,Tech
B.Com,General,3,7.2,91,3.8,0.5,6.8,4.3,82,87,1,2,0,0,70,67,52,40,50,74,49,1,51,47,Placement,Business Analyst,59.1,Average,34.0,41.4,Commerce
B.Tech,IT,1,9.27,88,8.0,4.5,7.8,6.0,100,100,0,7,4,9,84,33,100,85,65,69,80,1,81,97,Higher Studies,Machine Learning Engineer,94.2,Excellent,89.7,66.9,Tech
BBA,Finance,2,6.88,64,2.0,1.0,6.6,6.6,84,84,0,5,2,3,45,61,47,42,62,39,72,0,68,76,Higher Studies,Data Analyst,59.9,Average,51.5,60.7,Management
BCA,General,4,7.27,61,3.7,1.3,6.2,7.0,92,88,1,2,1,3,56,27,68,41,53,67,61,1,62,65,Placement,Software Engineer,61.6,Average,47.0,41.0,Tech
B.Tech,AI&DS,2,7.72,63,3.3,3.7,6.6,7.8,86,84,0,4,2,3,47,35,64,61,63,67,58,1,64,87,Placement,Backend Developer,69.7,Average,62.7,63.7,Tech
B.Tech,CSE,3,6.7,78,3.3,2.8,5.8,4.8,78,79,1,5,3,4,87,39,56,78,52,47,55,1,76,63,Placement,Cybersecurity Analyst,47.6,At Risk,57.1,65.6,Tech
BCA,General,4,9.5,79,7.5,3.1,6.6,4.3,100,100,0,5,1,6,82,36,69,72,69,47,76,1,76,81,Placement,QA Engineer,90.6,Excellent,75.3,73.7,Tech
B.Tech,AI&DS,3,8.26,88,6.6,3.6,7.4,4.1,100,100,0,8,5,4,55,51,71,78,63,68,66,2,88,81,Placement,Frontend Developer,87.8,Good,91.1,90.8,Tech
Law,Criminal,2,7.54,63,5.0,2.4,7.3,7.7,99,87,0,6,5,4,85,57,68,66,67,59,67,1,81,90,Placement,Data Analyst,68.5,Average,75.4,78.5,Law
BCA,General,2,7.68,66,4.4,1.5,6.1,6.0,87,94,2,3,2,4,69,54,61,62,58,56,57,1,67,73,Placement,Cybersecurity Analyst,62.1,Average,57.1,57.6,Tech
B.Tech,AI&DS,1,7.42,71,4.2,2.7,6.9,7.5,90,88,1,5,3,5,84,50,73,64,63,57,63,1,71,90,Freelancing,Backend Developer,63.4,Average,65.8,45.8,Tech
B.Tech,ECE,4,7.77,68,3.1,1.5,6.8,6.9,84,79,4,2,4,1,50,31,66,58,42,56,63,1,47,64,Startup,AI Engineer,38.5,At Risk,45.0,53.6,Tech
BBA,Marketing,3,7.83,77,4.3,4.6,6.4,3.6,94,90,2,8,4,8,81,55,77,72,75,63,69,1,94,96,Startup,Data Analyst,64.8,Average,82.1,86.5,Management
B.Tech,ECE,1,7.79,75,4.7,1.9,8.0,2.5,93,93,1,3,2,3,69,47,56,54,65,54,46,1,67,65,Higher Studies,Backend Developer,72.5,Average,49.3,65.3,Tech
B.Tech,IT,4,6.51,74,4.5,2.0,7.2,8.3,84,79,1,3,2,4,60,75,53,63,40,87,83,1,72,58,Placement,Product Manager,52.1,At Risk,50.5,34.2,Tech
BBA,HR,2,7.56,76,3.7,2.4,5.2,5.7,87,77,3,5,4,5,86,61,87,67,50,78,63,2,87,99,Freelancing,Business Analyst,50.4,At Risk,84.7,62.3,Management
BBA,Marketing,4,6.6,69,2.3,2.2,7.1,5.3,88,89,2,4,2,4,41,55,38,43,42,80,57,1,66,70,Higher Studies,UI/UX Designer,46.7,At Risk,41.8,57.6,Management
B.Tech,IT,1,8.02,86,4.6,3.3,5.9,8.2,90,86,1,6,4,6,66,53,77,78,64,81,76,2,86,88,Startup,Full Stack Developer,68.4,Average,82.7,78.9,Tech
B.Tech,CSE,1,7.65,66,3.0,3.4,6.7,7.8,90,88,0,6,2,6,67,72,66,67,67,68,49,1,76,72,Placement,AI Engineer,69.3,Average,78.0,66.0,Tech
B.Tech,IT,4,7.92,75,5.6,3.0,6.5,5.3,92,86,0,4,1,3,75,44,88,73,49,56,66,1,65,71,Higher Studies,Data Scientist,75.5,Good,65.5,58.7,Tech
B.Tech,IT,4,8.08,72,3.9,4.8,7.0,8.2,89,87,1,6,6,5,63,36,91,82,57,61,58,2,94,94,Freelancing,Backend Developer,69.0,Average,84.3,66.4,Tech
Law,Corporate,2,8.3,80,7.2,1.3,7.5,2.0,94,99,0,0,2,3,65,72,31,71,46,69,69,1,36,58,Placement,Business Analyst,81.5,Good,38.6,46.6,Law
B.Tech,ECE,4,7.04,86,4.1,2.6,8.3,5.7,86,88,1,5,2,6,61,74,64,52,72,49,61,1,59,76,Government Job,Machine Learning Engineer,68.0,Average,67.0,77.6,Tech
B.Tech,IT,1,7.73,81,5.1,3.4,6.3,6.5,98,91,0,5,3,7,78,65,77,61,77,47,56,1,81,86,Placement,Cybersecurity Analyst,73.7,Average,86.1,70.1,Tech
B.Tech,AI&DS,1,8.79,97,7.4,6.0,7.4,6.7,100,99,0,10,6,9,100,53,96,89,88,63,77,2,100,93,Government Job,AI Engineer,87.4,Good,94.7,62.4,Tech
B.Com,Hons,4,7.24,52,1.0,2.2,7.1,8.9,74,72,3,5,3,3,65,51,94,48,59,54,49,1,76,76,Placement,Data Analyst,37.6,At Risk,56.6,47.3,Commerce
B.Tech,AI&DS,4,7.05,63,3.9,2.6,5.3,3.1,77,78,3,3,1,3,61,75,67,51,40,59,50,0,60,68,Placement,Frontend Developer,41.9,At Risk,50.0,55.8,Tech
Law,Criminal,3,6.17,63,3.0,2.6,6.9,5.6,81,72,1,4,3,2,81,42,51,62,58,62,43,0,59,59,Higher Studies,Data Analyst,42.9,At Risk,57.5,53.6,Law
B.Tech,CSE,2,6.33,70,2.6,2.4,7.5,6.3,86,79,1,4,3,5,79,26,77,73,41,56,54,2,78,86,Placement,Cloud Engineer,55.4,Average,75.1,59.2,Tech
B.Tech,CSE,3,7.27,68,2.7,1.8,7.2,7.1,88,86,2,3,2,5,64,46,75,64,49,61,63,0,43,75,Higher Studies,Product Manager,50.8,At Risk,48.3,40.5,Tech
B.Tech,AI&DS,1,7.53,58,1.8,4.1,7.5,4.4,74,77,1,6,5,6,81,74,76,82,40,60,54,1,69,90,Freelancing,Full Stack Developer,50.6,At Risk,79.4,69.4,Tech
B.Com,Hons,2,8.1,72,5.7,3.1,7.7,8.1,95,96,0,6,4,4,51,82,73,53,71,80,74,2,77,92,Freelancing,Business Analyst,78.9,Good,77.7,69.7,Commerce
B.Tech,CSE,4,7.54,76,2.9,2.3,6.0,6.6,83,83,1,3,2,4,70,25,55,55,68,38,68,0,48,76,Government Job,Cloud Engineer,62.1,Average,47.9,50.3,Tech
B.Com,General,1,7.0,64,3.3,0.6,7.5,5.7,83,78,0,0,0,2,37,75,58,42,26,76,62,0,35,35,Higher Studies,Product Manager,64.8,Average,23.1,32.4,Commerce
BCA,General,1,7.74,70,4.7,2.9,7.2,7.6,86,85,0,4,4,3,64,45,74,66,57,64,57,0,57,67,Government Job,Software Engineer,65.8,Average,62.2,54.9,Tech
B.Tech,CSE,2,6.99,81,5.0,1.7,7.0,4.6,100,98,0,5,2,5,67,74,63,76,44,66,69,1,66,77,Placement,Product Manager,69.0,Average,62.2,51.6,Tech
B.Tech,AI&DS,3,7.71,65,3.5,2.3,9.0,6.5,95,90,2,2,3,3,70,51,76,68,63,90,77,0,57,64,Startup,Product Manager,57.8,Average,51.3,32.5,Tech
B.Tech,AI&DS,2,8.2,84,7.5,4.7,6.6,7.5,100,98,0,8,8,8,96,66,90,74,81,65,83,1,80,93,Research,Data Scientist,83.7,Good,91.3,62.2,Tech
Law,Criminal,4,8.2,79,4.7,2.6,6.7,6.2,94,88,1,6,7,4,76,49,93,86,61,56,71,2,86,86,Startup,Cybersecurity Analyst,70.5,Average,85.2,64.3,Law
B.Tech,CSE,4,7.29,84,4.4,2.1,6.8,5.2,91,88,1,3,2,3,71,45,59,63,58,57,59,0,46,84,Placement,Cybersecurity Analyst,62.5,Average,47.0,57.7,Tech
B.Tech,CSE,1,7.15,87,4.7,1.6,8.1,3.6,87,93,2,4,1,5,84,49,76,49,52,61,75,0,54,76,Placement,UI/UX Designer,54.0,At Risk,53.7,42.7,Tech
BCA,General,2,8.57,79,4.8,2.9,6.6,3.8,98,98,1,5,4,4,78,44,73,86,51,67,65,1,65,79,Higher Studies,Data Engineer,75.4,Good,70.0,83.9,Tech
Law,Corporate,4,6.82,82,4.5,3.2,6.5,4.4,89,95,0,5,5,4,67,83,76,52,45,95,62,2,94,78,Placement,Product Manager,70.4,Average,79.2,66.5,Law
B.Tech,ECE,2,7.52,65,5.6,2.7,7.8,4.8,96,85,0,3,2,3,50,51,55,57,56,68,65,1,67,64,Placement,QA Engineer,72.3,Average,60.4,48.2,Tech
B.Tech,IT,3,8.1,71,6.7,1.8,5.6,6.0,100,100,1,5,4,4,66,31,80,71,41,65,73,1,58,74,Startup,Data Analyst,71.9,Average,71.5,69.0,Tech
B.Tech,IT,2,7.02,78,3.8,1.3,7.0,8.4,87,87,1,5,1,2,55,53,73,78,55,60,73,2,70,69,Research,UI/UX Designer,60.6,Average,61.5,71.2,Tech
B.Com,Hons,4,8.12,85,4.6,2.8,7.1,8.1,96,95,0,3,4,6,68,43,68,63,56,62,77,1,65,77,Placement,Business Analyst,80.4,Good,63.4,73.1,Commerce
B.Tech,AI&DS,4,6.72,68,3.5,3.2,6.8,6.4,76,75,3,5,2,3,71,46,48,87,69,64,58,0,61,72,Placement,UI/UX Designer,38.1,At Risk,53.2,61.7,Tech
BBA,Finance,3,7.56,87,4.3,4.7,8.0,4.8,91,89,0,5,4,6,89,70,70,68,61,70,78,2,82,81,Placement,Business Analyst,73.7,Average,79.2,74.1,Management
B.Com,Hons,4,8.06,93,6.0,2.1,8.4,2.6,96,97,0,4,3,6,70,76,76,59,69,90,85,1,70,85,Placement,Business Analyst,81.5,Good,73.3,59.1,Commerce
BCA,General,2,7.49,71,4.4,4.2,7.2,7.0,85,85,1,7,4,6,100,54,75,71,53,59,63,2,81,85,Freelancing,Backend Developer,69.7,Average,85.0,73.5,Tech
BBA,HR,2,8.37,62,5.0,3.6,7.0,4.4,83,86,0,4,7,6,70,81,86,73,66,89,82,2,86,71,Placement,UI/UX Designer,73.1,Average,84.3,75.2,Management
B.Tech,AI&DS,4,7.06,86,3.6,3.1,7.2,5.7,86,87,1,3,2,4,93,33,41,58,51,54,47,0,54,58,Placement,Cybersecurity Analyst,59.6,Average,52.2,42.3,Tech
B.Tech,ECE,3,8.2,71,3.9,2.2,6.1,7.3,90,98,1,5,2,6,63,76,76,84,55,66,88,2,74,76,Higher Studies,AI Engineer,69.2,Average,74.8,70.7,Tech
B.Tech,CSE,2,7.79,80,6.0,3.2,8.0,4.0,95,96,1,5,1,6,42,46,85,59,56,58,55,0,55,98,Higher Studies,QA Engineer,70.1,Average,62.9,38.1,Tech
B.Tech,ECE,1,7.15,57,2.7,0.7,5.7,6.7,70,76,0,5,5,2,60,32,75,60,49,60,63,2,68,74,Placement,Backend Developer,57.6,Average,65.3,54.8,Tech
BCA,General,1,6.35,60,3.9,1.2,6.5,5.1,87,86,1,4,2,3,60,55,66,55,58,66,75,0,63,69,Placement,Business Analyst,45.9,At Risk,59.0,49.5,Tech
B.Tech,IT,2,6.7,62,3.0,3.2,7.0,7.7,86,74,0,5,6,6,67,53,73,56,73,49,48,1,66,91,Placement,Machine Learning Engineer,55.2,Average,76.7,66.9,Tech
B.Tech,CSE,3,8.27,75,5.1,2.8,6.8,9.1,95,99,1,7,5,2,85,52,55,50,53,56,56,1,80,68,Higher Studies,AI Engineer,75.6,Good,74.8,68.4,Tech
BBA,Finance,4,7.42,59,5.3,0.6,7.4,9.1,85,85,1,0,0,3,38,43,65,56,54,50,53,0,58,46,Placement,UI/UX Designer,59.3,Average,30.9,43.1,Management
BCA,General,4,7.65,70,3.9,1.0,6.4,8.6,86,82,3,1,1,3,53,51,58,50,60,50,82,1,52,67,Placement,Software Engineer,48.6,At Risk,31.8,48.4,Tech
BCA,General,2,7.62,58,5.6,1.9,6.2,7.6,95,93,1,3,4,3,67,39,89,96,72,52,62,1,73,79,Higher Studies,Frontend Developer,66.4,Average,72.3,47.3,Tech
Law,Criminal,4,8.58,78,5.0,1.3,8.5,6.6,88,91,0,1,0,2,45,52,64,65,41,53,66,1,43,55,Higher Studies,Cybersecurity Analyst,74.3,Average,39.7,62.8,Law
BCA,General,2,7.68,65,2.9,1.5,6.0,6.4,81,84,3,4,3,1,59,39,62,53,56,31,61,0,51,66,Placement,Software Engineer,47.6,At Risk,31.6,37.0,Tech
BCA,General,1,7.66,79,5.4,1.9,7.2,5.2,93,92,1,5,4,4,80,85,73,75,72,54,58,1,73,81,Higher Studies,UI/UX Designer,65.0,Average,70.8,76.0,Tech
B.Tech,IT,4,7.48,83,4.9,3.8,5.4,5.5,93,90,1,6,4,7,90,48,80,81,71,44,85,2,75,62,Higher Studies,QA Engineer,64.6,Average,70.0,66.3,Tech
B.Tech,CSE,1,8.1,76,5.5,3.6,6.9,10.1,100,93,0,5,5,2,80,61,78,63,66,64,73,0,68,77,Placement,Data Engineer,80.6,Good,71.6,62.2,Tech
BCA,General,2,8.42,74,6.8,3.0,7.0,7.4,100,100,0,5,2,6,54,45,81,49,45,67,80,1,75,79,Higher Studies,QA Engineer,81.2,Good,74.2,61.7,Tech
B.Tech,CSE,3,8.19,80,4.9,5.6,5.9,5.3,93,96,0,6,5,4,90,55,89,88,69,43,67,2,85,89,Startup,AI Engineer,79.6,Good,81.7,69.7,Tech
B.Tech,CSE,3,7.58,76,4.4,1.3,7.6,6.2,94,90,1,3,2,4,56,61,54,58,53,68,78,0,54,88,Freelancing,Data Analyst,67.0,Average,57.6,38.1,Tech
BBA,HR,4,7.24,63,4.4,3.4,7.8,5.6,83,84,1,5,4,4,83,43,63,76,58,68,55,1,80,71,Research,UI/UX Designer,55.7,Average,71.4,57.9,Management
B.Com,Hons,2,8.08,79,5.7,3.0,7.1,5.7,99,95,0,5,3,4,56,83,69,64,49,82,78,0,70,83,Higher Studies,Product Manager,81.2,Good,67.2,80.9,Commerce
BCA,General,2,8.23,82,6.8,2.6,8.3,7.0,95,92,0,5,4,4,70,60,58,65,47,65,75,1,77,83,Research,QA Engineer,85.9,Good,78.8,73.8,Tech
B.Tech,AI&DS,2,6.72,61,3.3,3.9,7.5,7.3,78,84,2,3,3,3,91,1,74,53,67,39,56,0,52,90,Placement,Full Stack Developer,46.3,At Risk,56.5,47.0,Tech
BBA,Finance,3,7.56,65,4.8,2.2,7.0,6.6,93,84,1,3,3,4,68,42,69,55,50,72,85,1,69,77,Higher Studies,Product Manager,65.1,Average,55.7,51.7,Management
B.Tech,AI&DS,3,7.48,70,4.7,4.1,5.9,3.9,89,95,2,7,4,4,68,59,91,56,38,65,75,2,88,100,Higher Studies,Machine Learning Engineer,61.6,Average,79.5,66.7,Tech
B.Com,Hons,2,7.35,52,2.1,0.1,6.7,4.0,80,76,2,0,0,1,52,53,54,40,33,68,54,0,38,61,Higher Studies,Business Analyst,41.4,At Risk,20.6,32.0,Commerce
B.Tech,CSE,3,6.24,69,1.8,1.7,7.2,7.2,72,73,3,4,2,1,73,43,48,52,33,45,47,0,50,57,Higher Studies,Full Stack Developer,29.2,At Risk,34.8,56.2,Tech
B.Tech,IT,2,7.12,65,2.9,2.7,6.9,7.8,77,81,1,5,6,6,69,51,74,61,48,66,56,1,66,83,Placement,Data Engineer,54.2,At Risk,66.2,68.7,Tech
B.Tech,ECE,3,7.84,57,3.3,3.7,5.8,5.4,79,84,2,6,5,5,61,61,74,75,55,70,52,1,73,93,Placement,Full Stack Developer,48.2,At Risk,79.5,62.7,Tech
BCA,General,2,7.84,75,3.6,3.8,6.9,5.2,94,88,1,7,5,5,100,80,83,57,64,64,71,1,82,98,Startup,Software Engineer,67.7,Average,83.1,47.8,Tech
Law,Corporate,3,7.72,79,5.5,4.0,6.4,6.2,94,92,1,8,2,6,61,84,64,46,53,75,68,1,89,88,Placement,Product Manager,70.6,Average,74.9,81.0,Law
B.Tech,IT,1,7.73,73,4.1,3.3,6.7,6.0,94,85,1,7,2,7,75,64,74,82,58,62,55,1,78,69,Freelancing,Data Analyst,67.1,Average,79.1,77.1,Tech
BCA,General,2,7.2,88,4.2,2.7,8.4,3.3,94,83,1,6,3,6,86,55,65,51,42,55,65,0,65,75,Placement,DevOps Engineer,65.5,Average,67.0,58.1,Tech
Law,Corporate,2,7.56,69,4.4,1.2,5.7,6.9,79,81,2,3,2,1,57,73,52,49,47,60,66,0,54,67,Government Job,Business Analyst,55.8,Average,30.2,42.8,Law
B.Tech,IT,4,7.63,78,3.9,3.3,6.2,7.4,78,86,2,3,3,5,63,28,54,62,51,48,48,1,69,78,Government Job,Software Engineer,55.6,Average,61.6,54.6,Tech
B.Tech,ECE,3,8.6,85,4.6,4.2,7.9,3.6,91,90,0,8,5,6,65,54,88,67,64,59,63,1,65,74,Research,AI Engineer,84.6,Good,74.1,56.5,Tech
BBA,Marketing,4,7.42,62,2.9,1.0,5.8,8.0,90,79,1,3,1,3,63,33,60,55,43,56,57,0,45,79,Higher Studies,Data Analyst,58.5,Average,50.0,73.1,Management
B.Tech,AI&DS,3,7.85,67,4.8,3.5,7.4,10.3,88,87,2,5,2,5,63,30,62,89,72,44,67,1,71,74,Research,Machine Learning Engineer,60.7,Average,67.5,34.6,Tech
B.Com,Hons,4,8.35,79,4.8,1.4,7.4,7.0,88,90,0,5,6,6,88,72,86,65,70,80,70,2,87,90,Research,Business Analyst,75.6,Good,85.0,68.6,Commerce
B.Tech,AI&DS,3,8.41,78,5.8,2.3,7.6,6.9,93,93,0,2,4,4,47,74,65,56,44,75,68,1,56,75,Higher Studies,UI/UX Designer,81.9,Good,50.0,59.7,Tech
BBA,HR,4,7.46,83,6.0,2.5,8.2,5.1,100,100,0,3,2,3,65,47,53,59,40,67,59,0,61,73,Startup,Data Analyst,75.6,Good,53.6,56.5,Management
B.Com,General,2,7.02,58,4.1,2.6,5.9,9.2,82,85,1,5,4,4,69,52,80,99,54,79,62,2,68,79,Placement,Product Manager,57.0,Average,60.6,59.5,Commerce
B.Tech,AI&DS,4,8.21,89,6.2,4.1,6.7,6.0,100,99,0,6,3,7,76,40,46,65,75,77,68,2,83,79,Placement,Cloud Engineer,87.4,Good,85.0,69.3,Tech
B.Com,Hons,2,6.58,65,2.6,0.0,6.8,6.9,80,79,3,0,0,0,55,43,26,20,44,38,57,0,35,39,Government Job,Business Analyst,35.1,At Risk,20.0,32.4,Commerce
BCA,General,3,8.27,82,4.8,4.1,7.1,4.2,100,96,1,5,6,6,72,68,86,79,74,80,76,2,91,86,Placement,Data Engineer,73.6,Average,92.5,65.7,Tech
BCA,General,3,8.7,66,6.5,1.9,6.8,5.6,97,100,1,5,2,2,71,45,70,64,63,88,77,0,72,66,Higher Studies,Data Analyst,74.0,Average,50.2,41.8,Tech
BCA,General,2,7.31,81,4.5,2.7,7.5,5.3,100,93,2,6,3,6,69,39,71,40,56,64,58,0,67,81,Startup,DevOps Engineer,61.5,Average,67.9,66.5,Tech
BBA,HR,1,7.85,67,4.9,1.7,7.2,6.2,93,91,0,3,4,5,50,63,50,52,40,72,49,0,61,74,Higher Studies,Business Analyst,73.1,Average,54.5,45.2,Management
Law,Criminal,1,7.99,78,5.7,1.9,6.9,7.5,95,94,1,2,3,3,75,32,72,85,87,64,69,0,53,62,Higher Studies,Data Analyst,73.2,Average,53.5,54.0,Law
BCA,General,1,6.66,57,1.0,1.2,7.3,7.3,68,65,1,5,4,1,59,64,79,54,65,72,53,1,69,69,Placement,Frontend Developer,46.5,At Risk,74.3,74.0,Tech
B.Tech,CSE,3,7.41,79,3.8,4.7,6.8,6.8,81,84,1,6,5,4,57,40,57,69,56,70,71,2,67,84,Freelancing,Full Stack Developer,66.4,Average,73.6,81.6,Tech
B.Com,Hons,3,7.02,76,4.8,2.5,7.4,3.2,88,85,0,2,1,3,60,42,54,55,49,46,60,1,53,73,Placement,Business Analyst,67.0,Average,47.4,59.2,Commerce
B.Tech,IT,1,7.29,70,4.8,4.7,5.8,7.0,91,91,0,7,6,5,84,69,80,58,88,79,72,1,76,98,Government Job,Data Engineer,69.5,Average,85.0,61.2,Tech
BCA,General,1,7.7,78,4.5,3.9,8.2,4.0,94,94,0,6,3,6,85,50,62,53,54,66,68,1,77,93,Government Job,QA Engineer,72.2,Average,78.6,68.6,Tech
BCA,General,1,7.31,71,3.5,3.5,7.3,6.0,89,88,0,5,3,7,78,76,80,74,49,75,81,1,70,77,Placement,UI/UX Designer,70.0,Average,80.3,66.5,Tech
B.Tech,ECE,3,6.58,79,2.6,2.1,7.2,6.5,78,85,1,2,3,5,76,61,53,63,60,59,56,1,65,86,Higher Studies,Machine Learning Engineer,54.9,At Risk,61.8,71.2,Tech
B.Tech,AI&DS,3,7.32,80,3.3,4.1,5.2,7.6,88,86,2,6,5,7,67,65,50,71,63,61,61,2,81,81,Freelancing,Cloud Engineer,56.5,Average,70.0,64.7,Tech
B.Tech,ECE,4,6.56,62,2.7,2.1,6.3,4.6,69,74,2,3,3,5,80,51,65,48,36,72,68,1,66,83,Placement,Software Engineer,39.6,At Risk,64.1,75.5,Tech
B.Tech,IT,2,8.71,75,5.9,2.6,7.3,7.4,95,94,1,5,4,5,72,42,92,84,60,38,62,1,58,93,Government Job,Machine Learning Engineer,75.6,Good,70.6,63.3,Tech
B.Tech,IT,3,8.28,92,5.7,3.8,6.7,2.0,98,94,0,7,3,8,78,75,86,63,57,54,78,1,85,97,Higher Studies,Business Analyst,77.0,Good,89.7,86.9,Tech
BBA,Marketing,1,7.49,72,3.7,1.3,6.6,6.3,87,90,1,1,2,4,54,56,54,57,47,76,76,1,69,82,Government Job,Business Analyst,61.7,Average,60.0,58.9,Management
B.Tech,CSE,1,7.14,59,4.7,1.5,6.6,6.0,89,82,1,2,2,3,43,41,78,63,67,55,63,1,42,63,Placement,Data Analyst,57.7,Average,45.0,49.3,Tech
B.Com,General,3,7.19,71,3.6,1.4,8.0,5.9,95,85,0,1,1,2,43,67,53,58,61,80,51,1,68,63,Placement,Business Analyst,66.2,Average,46.1,37.8,Commerce
B.Tech,CSE,2,7.35,69,4.9,2.6,6.8,6.6,84,88,2,4,2,3,56,57,67,72,76,49,52,0,66,83,Startup,DevOps Engineer,52.4,At Risk,57.0,50.6,Tech
BCA,General,2,7.45,83,4.2,3.0,6.9,5.8,92,90,2,8,6,6,85,54,67,95,74,60,77,1,91,95,Freelancing,Data Engineer,60.5,Average,85.0,90.0,Tech
B.Tech,CSE,1,7.22,81,4.5,2.1,9.0,9.1,94,86,2,5,2,3,68,49,45,58,59,48,53,0,56,60,Placement,Backend Developer,58.9,Average,53.5,66.1,Tech
BBA,Finance,3,6.82,64,2.9,1.5,6.7,4.4,84,82,0,1,2,3,39,56,55,48,41,64,66,0,47,51,Research,Business Analyst,63.7,Average,29.2,14.7,Management
B.Tech,CSE,4,8.83,79,5.1,5.4,7.3,6.4,92,86,2,8,8,5,100,78,91,78,73,72,67,3,94,95,Placement,Full Stack Developer,73.0,Average,91.6,98.0,Tech
B.Tech,CSE,3,7.56,53,2.8,3.1,5.3,8.0,77,83,4,6,6,5,69,64,68,71,58,94,80,3,100,83,Startup,UI/UX Designer,39.1,At Risk,85.0,96.9,Tech
Law,Corporate,1,8.05,79,5.9,2.4,6.8,3.8,92,93,1,3,1,3,56,66,69,67,54,85,82,2,80,58,Placement,Business Analyst,71.0,Average,69.8,50.8,Law
B.Tech,IT,2,7.19,77,5.6,3.2,7.8,3.3,96,88,2,5,2,4,79,29,81,73,66,76,62,1,73,90,Placement,Business Analyst,55.9,Average,73.5,72.8,Tech
B.Tech,IT,1,7.5,73,5.0,1.9,7.1,5.5,81,83,0,3,3,5,77,49,65,81,57,68,58,0,58,82,Placement,Full Stack Developer,65.5,Average,68.8,69.2,Tech
B.Tech,ECE,4,8.01,70,6.1,3.5,6.1,7.4,94,84,0,7,7,5,70,43,98,82,61,66,63,2,89,88,Research,AI Engineer,71.3,Average,92.2,50.0,Tech
B.Tech,ECE,2,8.86,91,6.5,5.1,7.3,4.0,100,100,0,8,5,9,92,61,92,67,87,55,80,2,89,100,Government Job,QA Engineer,90.1,Excellent,98.0,77.7,Tech
BCA,General,1,8.32,79,4.4,3.8,7.0,6.6,95,90,1,4,2,7,91,40,58,88,72,70,53,1,72,83,Freelancing,DevOps Engineer,75.5,Good,75.1,66.8,Tech
B.Tech,AI&DS,4,7.38,68,3.0,3.8,6.2,4.7,75,80,2,8,5,4,78,40,72,63,81,61,56,2,82,84,Research,Backend Developer,53.3,At Risk,78.7,67.5,Tech
BBA,Marketing,1,7.31,54,3.2,0.0,8.4,7.7,83,82,1,4,2,1,48,52,56,56,66,60,55,1,44,63,Placement,Business Analyst,55.8,Average,45.1,31.1,Management
BBA,Finance,1,6.81,67,4.4,0.0,6.9,7.0,82,79,3,1,1,4,59,47,50,46,40,47,40,0,40,62,Government Job,Business Analyst,40.7,At Risk,23.4,35.5,Management
B.Tech,AI&DS,2,8.44,74,4.8,3.0,7.4,7.0,92,100,1,7,6,3,75,42,66,72,83,63,79,1,72,89,Placement,AI Engineer,76.4,Good,80.6,73.5,Tech
B.Tech,IT,1,7.9,70,3.6,3.1,6.1,6.3,90,83,1,5,4,6,48,63,78,56,53,78,74,1,69,80,Freelancing,Cybersecurity Analyst,63.9,Average,67.8,68.0,Tech
B.Tech,IT,2,5.83,60,3.0,1.6,7.1,7.0,87,79,1,5,4,4,70,65,48,63,54,69,71,1,68,96,Placement,Cybersecurity Analyst,41.1,At Risk,62.3,50.6,Tech
BBA,Marketing,2,7.32,59,3.5,2.8,6.4,4.0,88,85,2,5,4,4,70,42,72,78,59,49,53,1,71,69,Placement,Data Analyst,52.8,At Risk,60.1,80.7,Management
B.Tech,IT,2,8.25,70,5.0,1.8,8.9,4.4,99,95,1,3,3,5,60,49,53,73,63,51,58,1,42,78,Government Job,Cloud Engineer,71.9,Average,52.2,41.3,Tech
BBA,HR,3,7.59,75,4.1,3.8,6.6,7.0,92,89,1,6,4,4,71,34,80,68,69,65,74,1,65,81,Research,Business Analyst,61.7,Average,81.0,56.6,Management
B.Tech,AI&DS,3,7.77,68,4.4,2.0,6.7,6.3,84,84,0,4,2,2,48,35,58,64,55,66,70,0,52,67,Freelancing,Cybersecurity Analyst,66.7,Average,47.8,54.5,Tech
Law,Criminal,2,7.64,79,4.9,2.2,7.3,5.0,99,81,1,3,3,5,60,91,62,67,74,76,58,1,81,71,Placement,Business Analyst,60.5,Average,62.4,51.7,Law
B.Tech,ECE,2,7.83,74,4.3,3.7,7.3,4.1,97,90,0,4,2,5,87,81,71,61,59,62,64,0,61,60,Startup,Data Engineer,73.8,Average,56.9,46.9,Tech
B.Tech,ECE,3,8.34,74,5.3,5.5,7.2,6.0,93,94,0,7,5,6,81,68,94,81,84,66,69,2,98,87,Placement,Machine Learning Engineer,83.3,Good,92.3,71.3,Tech
B.Tech,CSE,2,8.78,78,6.9,5.0,7.7,4.1,100,100,0,10,6,7,73,52,81,73,49,53,55,1,87,100,Higher Studies,Cybersecurity Analyst,86.1,Good,90.1,73.2,Tech
B.Tech,AI&DS,2,8.54,67,5.1,3.6,6.0,7.0,92,84,0,5,5,4,58,24,100,60,72,59,51,2,63,98,Research,Frontend Developer,79.9,Good,78.1,93.5,Tech
B.Tech,CSE,4,7.01,57,3.4,1.9,6.5,6.4,84,83,1,5,2,5,81,41,64,80,41,50,54,0,51,68,Research,DevOps Engineer,54.5,At Risk,59.1,49.2,Tech
B.Tech,AI&DS,1,7.69,90,5.7,2.5,7.2,5.9,97,92,1,3,4,4,77,55,62,53,69,62,60,0,45,67,Placement,QA Engineer,69.8,Average,51.1,44.7,Tech
BCA,General,2,5.83,65,1.3,3.0,7.2,6.1,81,72,1,4,1,2,68,26,55,51,44,37,43,0,46,61,Freelancing,Software Engineer,39.2,At Risk,35.3,29.4,Tech
B.Tech,ECE,2,7.45,77,4.5,2.2,6.3,6.4,92,93,0,3,3,4,78,22,63,64,73,47,47,0,56,63,Higher Studies,AI Engineer,73.5,Average,60.9,55.3,Tech
B.Tech,AI&DS,4,7.5,80,4.1,4.2,7.1,4.6,92,96,0,7,4,6,79,42,78,81,64,59,75,1,83,87,Government Job,QA Engineer,75.8,Good,80.4,74.9,Tech
B.Tech,CSE,3,7.75,81,5.9,4.0,7.5,3.7,100,97,0,9,5,6,65,54,85,80,61,65,74,1,76,93,Startup,QA Engineer,75.6,Good,93.4,63.9,Tech
B.Tech,IT,4,7.81,79,5.6,1.6,7.4,3.8,90,92,3,2,3,5,88,69,63,65,64,66,66,1,58,78,Government Job,Business Analyst,55.0,At Risk,53.9,51.3,Tech
B.Com,Hons,2,7.01,72,4.0,1.8,7.1,7.4,87,77,1,1,0,4,66,58,66,65,61,52,46,0,55,66,Freelancing,Product Manager,59.3,Average,51.5,49.8,Commerce
B.Tech,CSE,4,8.28,67,3.7,4.6,6.4,7.0,95,94,1,5,6,2,88,57,88,89,64,61,57,2,79,82,Freelancing,AI Engineer,69.3,Average,85.0,64.1,Tech
BBA,Marketing,3,8.44,79,5.3,4.2,7.3,3.7,92,87,1,4,4,7,70,46,72,78,63,61,58,1,76,100,Higher Studies,Product Manager,74.2,Average,74.7,57.2,Management
B.Tech,AI&DS,1,6.23,59,1.2,2.2,7.0,6.4,74,68,4,0,2,0,37,58,45,50,39,63,53,0,35,48,Government Job,DevOps Engineer,19.1,At Risk,23.9,44.4,Tech
B.Tech,AI&DS,2,6.65,80,3.2,4.4,7.8,5.8,87,79,1,5,4,5,64,46,54,82,41,54,68,2,67,86,Higher Studies,DevOps Engineer,54.8,At Risk,59.8,75.2,Tech
B.Tech,AI&DS,4,7.36,79,4.7,5.3,7.3,4.8,94,84,1,8,4,7,89,76,89,66,78,66,72,3,100,100,Freelancing,Software Engineer,68.0,Average,93.0,76.7,Tech
Law,Criminal,2,6.24,84,4.4,1.0,7.3,6.4,87,83,1,0,1,2,49,60,34,41,47,56,44,0,35,56,Placement,Cybersecurity Analyst,51.6,At Risk,20.3,12.0,Law
B.Tech,IT,1,7.69,77,4.6,3.2,7.1,5.1,88,86,1,5,5,6,82,63,68,74,78,60,63,1,69,95,Freelancing,Data Scientist,61.9,Average,75.1,71.3,Tech
B.Tech,AI&DS,1,7.54,70,4.6,3.1,8.4,7.3,88,83,0,5,4,3,71,30,77,80,50,55,66,1,75,70,Government Job,Machine Learning Engineer,65.0,Average,66.8,44.0,Tech
B.Tech,CSE,2,6.58,46,1.0,1.7,6.2,6.3,72,66,2,3,2,4,60,11,69,62,55,33,30,0,51,78,Placement,Cybersecurity Analyst,33.7,At Risk,36.9,65.4,Tech
B.Tech,ECE,3,8.41,87,6.6,3.2,7.9,5.3,100,91,0,6,3,4,54,42,84,79,73,58,64,1,87,82,Placement,Data Analyst,79.6,Good,80.4,70.2,Tech
Law,Criminal,1,8.14,73,6.2,3.7,7.9,7.2,98,95,0,5,6,6,73,74,96,89,63,66,80,1,73,100,Government Job,Product Manager,79.4,Good,85.0,73.7,Law
B.Tech,ECE,1,7.8,66,3.4,1.7,7.1,8.0,90,81,4,4,2,2,55,38,64,68,63,64,72,0,51,70,Freelancing,Cybersecurity Analyst,45.1,At Risk,50.0,52.5,Tech
B.Tech,CSE,4,7.96,58,4.0,2.8,8.4,6.9,94,91,1,4,4,3,73,54,75,64,57,56,63,2,77,87,Government Job,Machine Learning Engineer,69.5,Average,75.4,77.5,Tech
B.Tech,AI&DS,2,7.61,68,3.7,1.3,7.0,6.8,94,91,1,4,1,3,64,70,71,67,61,65,74,0,68,77,Higher Studies,Frontend Developer,62.8,Average,59.4,62.7,Tech
B.Com,General,3,6.84,63,3.4,1.3,7.1,6.5,79,85,2,5,2,4,40,73,68,64,49,74,73,1,61,67,Placement,Product Manager,50.8,At Risk,50.5,55.3,Commerce
BCA,General,4,7.74,56,4.7,3.8,6.8,6.5,94,90,2,6,3,3,76,30,80,86,75,55,68,2,66,86,Research,Backend Developer,60.2,Average,71.7,66.0,Tech
Law,Corporate,3,7.56,76,5.5,3.0,7.2,4.5,90,84,0,1,2,3,79,47,70,51,54,72,74,1,56,63,Research,Business Analyst,70.5,Average,51.8,31.9,Law
B.Tech,AI&DS,3,8.43,94,5.4,3.7,6.7,3.9,95,97,0,5,4,3,56,39,78,55,64,62,67,1,67,82,Placement,Cybersecurity Analyst,85.8,Good,68.6,68.6,Tech
Law,Criminal,2,9.11,87,6.7,3.9,7.6,6.5,100,100,0,7,4,7,87,81,92,92,55,68,82,2,99,95,Startup,Product Manager,94.5,Excellent,96.0,71.3,Law
B.Com,Hons,3,7.3,59,3.2,2.1,6.8,7.9,80,84,2,1,5,5,59,39,64,63,61,78,68,2,60,74,Research,Business Analyst,53.3,At Risk,64.5,62.2,Commerce
BBA,Marketing,2,6.65,60,3.7,2.7,8.4,7.1,76,81,3,3,2,4,38,43,57,56,63,49,46,1,58,61,Startup,Business Analyst,40.5,At Risk,45.0,58.0,Management
B.Tech,CSE,3,6.86,61,2.9,1.1,6.5,6.0,87,76,4,4,2,3,57,44,71,68,42,46,38,0,52,83,Research,Frontend Developer,33.8,At Risk,51.2,41.7,Tech
BBA,Marketing,3,7.93,93,6.5,3.8,6.8,7.6,100,100,0,3,1,6,74,66,71,78,66,67,72,0,75,90,Government Job,Product Manager,85.8,Good,73.0,52.2,Management
BCA,General,1,7.39,55,1.4,0.0,6.7,6.1,72,77,1,2,1,1,56,40,58,32,54,67,60,0,39,81,Placement,Frontend Developer,49.7,At Risk,35.9,52.9,Tech
B.Tech,CSE,1,8.03,66,4.9,4.4,6.7,8.8,95,92,3,7,6,5,93,14,81,74,71,61,65,2,89,96,Freelancing,AI Engineer,58.2,Average,93.3,69.0,Tech
BCA,General,3,8.08,93,5.4,3.1,7.8,5.0,100,94,0,6,4,7,86,30,69,74,63,66,60,1,66,87,Government Job,Data Analyst,82.8,Good,79.8,61.6,Tech
